/* The bm logo of the boot splash: scripts/mklogo.py from art/brand/bm-suite.png. Do not edit. */
#include "splash.h"

const int bm_logo_w = 167, bm_logo_h = 100;
const uint32_t bm_logo_bg = 0x000810;
const uint16_t bm_logo[16700] = {
    0x0042, 0x0042, 0x0042, 0x0042, 0x0042, 0x0042, 0x0042, 0x0042, 0x0042, 0x0042, 0x0042, 0x0042,
    0x0042, 0x0042, 0x0042, 0x0042, 0x0042, 0x0042, 0x0042, 0x0042, 0x0042, 0x0042, 0x0042, 0x0042,
    0x0042, 0x0042, 0x0042, 0x0042, 0x0042, 0x0042, 0x0042, 0x0042, 0x0042, 0x0042, 0x0042, 0x0042,
    0x0042, 0x0042, 0x0042, 0x0042, 0x0042, 0x0042, 0x0042, 0x0042, 0x0042, 0x0042, 0x0042, 0x0042,
    0x0042, 0x0042, 0x0042, 0x0042, 0x0042, 0x0042, 0x0042, 0x0042, 0x0042, 0x0042, 0x0042, 0x0042,
    0x0042, 0x0042, 0x0042, 0x0042, 0x0042, 0x0042, 0x0042, 0x0042, 0x0042, 0x0042, 0x0042, 0x0042,
    0x0042, 0x0042, 0x0042, 0x0042, 0x0042, 0x0042, 0x0042, 0x0042, 0x0042, 0x0042, 0x0042, 0x0042,
    0x0042, 0x0042, 0x0042, 0x0042, 0x0042, 0x0042, 0x0042, 0x0042, 0x0042, 0x0042, 0x0042, 0x0042,
    0x0042, 0x0042, 0x0042, 0x0042, 0x0042, 0x0042, 0x0042, 0x0042, 0x0042, 0x0042, 0x0042, 0x0042,
    0x0042, 0x0042, 0x0042, 0x0042, 0x0042, 0x0042, 0x0042, 0x0042, 0x0042, 0x0042, 0x0042, 0x0042,
    0x0042, 0x0042, 0x0042, 0x0042, 0x0042, 0x0042, 0x0042, 0x0042, 0x0042, 0x0042, 0x0042, 0x0042,
    0x0042, 0x0042, 0x0042, 0x0042, 0x0042, 0x0042, 0x0042, 0x0042, 0x0042, 0x0042, 0x0042, 0x0042,
    0x0042, 0x0042, 0x0042, 0x0042, 0x0042, 0x0042, 0x0042, 0x0042, 0x0042, 0x0042, 0x0042, 0x0042,
    0x0042, 0x0042, 0x0042, 0x0042, 0x0042, 0x0042, 0x0042, 0x0042, 0x0042, 0x0042, 0x0042, 0x0042,
    0x0042, 0x0042, 0x0042, 0x0042, 0x0042, 0x0042, 0x0042, 0x0042, 0x0042, 0x0042, 0x0042, 0x0042,
    0x0042, 0x0042, 0x0042, 0x0042, 0x0042, 0x0042, 0x0042, 0x0042, 0x0042, 0x0042, 0x0042, 0x0042,
    0x0042, 0x0042, 0x0042, 0x0042, 0x0042, 0x0042, 0x0042, 0x0042, 0x0042, 0x0042, 0x0042, 0x0042,
    0x0042, 0x0042, 0x0042, 0x0042, 0x0042, 0x0042, 0x0042, 0x0042, 0x0042, 0x0042, 0x0042, 0x0042,
    0x0042, 0x0042, 0x0042, 0x0042, 0x0042, 0x0042, 0x0042, 0x0042, 0x0042, 0x0042, 0x0042, 0x0042,
    0x0042, 0x0042, 0x0042, 0x0042, 0x0042, 0x0042, 0x0042, 0x0042, 0x0042, 0x0042, 0x0042, 0x0042,
    0x0042, 0x0042, 0x0042, 0x0042, 0x0042, 0x0042, 0x0042, 0x0042, 0x0042, 0x0042, 0x0042, 0x0042,
    0x0042, 0x0042, 0x0042, 0x0042, 0x0042, 0x0042, 0x0042, 0x0042, 0x0042, 0x0042, 0x0042, 0x0042,
    0x0042, 0x0042, 0x0042, 0x0042, 0x0042, 0x0042, 0x0042, 0x0042, 0x0042, 0x0042, 0x0042, 0x0042,
    0x0042, 0x0042, 0x0042, 0x0042, 0x0042, 0x0042, 0x0042, 0x0042, 0x0042, 0x0042, 0x0042, 0x0042,
    0x0042, 0x0042, 0x0042, 0x0042, 0x0042, 0x0042, 0x0042, 0x0042, 0x0042, 0x0042, 0x0042, 0x0042,
    0x0042, 0x0042, 0x0042, 0x0042, 0x0042, 0x0042, 0x0042, 0x0042, 0x0042, 0x0042, 0x0042, 0x0042,
    0x0042, 0x0042, 0x0042, 0x0042, 0x0042, 0x0042, 0x0042, 0x0042, 0x0042, 0x0042, 0x0042, 0x0042,
    0x0042, 0x0042, 0x0042, 0x0042, 0x0042, 0x0042, 0x0042, 0x0042, 0x0042, 0x0042, 0x0042, 0x0042,
    0x0042, 0x0042, 0x0042, 0x0042, 0x0042, 0x0042, 0x0042, 0x0042, 0x0042, 0x0042, 0x0042, 0x0042,
    0x0042, 0x0042, 0x0042, 0x0042, 0x0042, 0x0042, 0x0042, 0x0042, 0x0042, 0x0042, 0x0042, 0x0042,
    0x0042, 0x0042, 0x0042, 0x0042, 0x0042, 0x0042, 0x0042, 0x0042, 0x0042, 0x0042, 0x0042, 0x0042,
    0x0042, 0x0042, 0x0042, 0x0042, 0x0042, 0x0042, 0x0042, 0x0042, 0x0042, 0x0042, 0x0042, 0x0042,
    0x0042, 0x0042, 0x0042, 0x0042, 0x0042, 0x0042, 0x0042, 0x0042, 0x0042, 0x0042, 0x0042, 0x0042,
    0x0042, 0x0042, 0x0042, 0x0042, 0x0042, 0x0042, 0x0042, 0x0042, 0x0042, 0x0042, 0x0042, 0x0042,
    0x0042, 0x0042, 0x0042, 0x0042, 0x0042, 0x0042, 0x0042, 0x0042, 0x0042, 0x0042, 0x0042, 0x0042,
    0x0042, 0x0042, 0x0042, 0x0042, 0x0042, 0x0042, 0x0042, 0x0042, 0x0042, 0x0042, 0x0042, 0x0042,
    0x0042, 0x0042, 0x0042, 0x0042, 0x0042, 0x0042, 0x0042, 0x0042, 0x0042, 0x0042, 0x0042, 0x0042,
    0x0042, 0x0042, 0x0042, 0x0042, 0x0042, 0x0042, 0x0042, 0x0042, 0x0042, 0x0042, 0x0042, 0x0042,
    0x0042, 0x0042, 0x0042, 0x0042, 0x0042, 0x0042, 0x0042, 0x0042, 0x0042, 0x0042, 0x0042, 0x0042,
    0x0042, 0x0042, 0x0042, 0x0042, 0x0042, 0x0042, 0x0042, 0x0042, 0x0042, 0x0042, 0x0042, 0x0042,
    0x0042, 0x0042, 0x0042, 0x0042, 0x0042, 0x0042, 0x0042, 0x0042, 0x0042, 0x0042, 0x0042, 0x0042,
    0x0042, 0x0042, 0x0042, 0x0042, 0x0042, 0x0042, 0x0042, 0x0042, 0x0042, 0x0042, 0x0042, 0x0042,
    0x0042, 0x0042, 0x0042, 0x0042, 0x0042, 0x0042, 0x0042, 0x0042, 0x0042, 0x0042, 0x0042, 0x0042,
    0x0042, 0x0042, 0x0042, 0x0042, 0x0042, 0x0042, 0x0042, 0x0042, 0x0042, 0x0042, 0x0042, 0x0042,
    0x0042, 0x0042, 0x0042, 0x0042, 0x0042, 0x0042, 0x0042, 0x0042, 0x0042, 0x0042, 0x0042, 0x0042,
    0x0042, 0x0042, 0x0042, 0x0042, 0x0042, 0x0042, 0x0042, 0x0042, 0x0042, 0x0042, 0x0042, 0x0042,
    0x0042, 0x0042, 0x0042, 0x0042, 0x0042, 0x0042, 0x0042, 0x0042, 0x0042, 0x0042, 0x0042, 0x0042,
    0x0042, 0x0042, 0x0042, 0x0042, 0x0042, 0x0042, 0x0042, 0x0042, 0x0042, 0x0042, 0x0042, 0x0042,
    0x0042, 0x0042, 0x0042, 0x0042, 0x0042, 0x0042, 0x0042, 0x0042, 0x0042, 0x0042, 0x0042, 0x0042,
    0x0042, 0x0042, 0x0042, 0x0042, 0x0042, 0x0042, 0x0042, 0x0042, 0x0042, 0x0042, 0x0042, 0x0042,
    0x0042, 0x0042, 0x0042, 0x0042, 0x0042, 0x0042, 0x0042, 0x0042, 0x0042, 0x0042, 0x0042, 0x0042,
    0x0042, 0x0042, 0x0042, 0x0042, 0x0042, 0x0042, 0x0042, 0x0042, 0x0042, 0x0042, 0x0042, 0x0042,
    0x0042, 0x0042, 0x0042, 0x0042, 0x0042, 0x0042, 0x0042, 0x0042, 0x0042, 0x0042, 0x0042, 0x0042,
    0x0042, 0x0042, 0x0042, 0x0042, 0x0042, 0x0042, 0x0042, 0x0042, 0x0042, 0x0042, 0x0042, 0x0042,
    0x0042, 0x0042, 0x0042, 0x0042, 0x0042, 0x0042, 0x0042, 0x0042, 0x0042, 0x0042, 0x0042, 0x0042,
    0x0042, 0x0042, 0x0042, 0x0042, 0x0042, 0x0042, 0x0042, 0x0042, 0x0042, 0x0042, 0x0042, 0x0042,
    0x0042, 0x0042, 0x0042, 0x0042, 0x0042, 0x0042, 0x0042, 0x0042, 0x00E6, 0x0A0B, 0x0A6C, 0x0A8D,
    0x126C, 0x09C9, 0x0042, 0x0042, 0x0042, 0x0042, 0x0042, 0x0042, 0x0042, 0x0042, 0x0042, 0x0042,
    0x0042, 0x0042, 0x0042, 0x0042, 0x0042, 0x0042, 0x0042, 0x0042, 0x0042, 0x0042, 0x0042, 0x0042,
    0x0042, 0x0042, 0x0042, 0x0042, 0x0042, 0x0042, 0x0042, 0x0042, 0x0042, 0x0042, 0x0042, 0x0042,
    0x0042, 0x0042, 0x0042, 0x0042, 0x0042, 0x0042, 0x0042, 0x0042, 0x0042, 0x0042, 0x0042, 0x0042,
    0x0042, 0x0042, 0x0042, 0x0042, 0x0042, 0x0042, 0x0042, 0x0042, 0x0042, 0x0042, 0x0042, 0x0042,
    0x0042, 0x0042, 0x0042, 0x0042, 0x0042, 0x0042, 0x0042, 0x0042, 0x0042, 0x0042, 0x0042, 0x0042,
    0x0042, 0x0042, 0x0042, 0x0042, 0x0042, 0x0042, 0x0042, 0x0042, 0x0042, 0x0042, 0x0042, 0x0042,
    0x0042, 0x0042, 0x0042, 0x0042, 0x0042, 0x0042, 0x0042, 0x0042, 0x0042, 0x0042, 0x0042, 0x0042,
    0x0042, 0x0042, 0x0042, 0x0042, 0x0042, 0x0042, 0x0042, 0x0042, 0x0042, 0x0042, 0x0042, 0x0042,
    0x0042, 0x0042, 0x0042, 0x0042, 0x0042, 0x0042, 0x0042, 0x0042, 0x0042, 0x0042, 0x0042, 0x0042,
    0x0042, 0x0042, 0x0042, 0x0042, 0x0042, 0x0042, 0x0042, 0x0042, 0x0042, 0x0042, 0x0042, 0x0042,
    0x0042, 0x0042, 0x0042, 0x0042, 0x0042, 0x0042, 0x0042, 0x0042, 0x0042, 0x0042, 0x0042, 0x0042,
    0x0042, 0x0042, 0x0042, 0x0042, 0x0042, 0x0042, 0x0042, 0x0042, 0x0042, 0x0042, 0x0042, 0x0042,
    0x0042, 0x0042, 0x0042, 0x0042, 0x0042, 0x01A9, 0x0C15, 0x15BD, 0x0E3F, 0x163F, 0x163F, 0x1E3F,
    0x15FF, 0x153B, 0x0BD3, 0x0126, 0x0042, 0x0042, 0x0042, 0x0042, 0x0042, 0x0042, 0x0042, 0x0042,
    0x0042, 0x0042, 0x0042, 0x0042, 0x0042, 0x0042, 0x0042, 0x0042, 0x0042, 0x0042, 0x0042, 0x0042,
    0x0042, 0x0042, 0x0042, 0x0042, 0x0042, 0x0042, 0x0042, 0x0042, 0x0042, 0x0042, 0x0042, 0x0042,
    0x0042, 0x0042, 0x0042, 0x0042, 0x0042, 0x0042, 0x0042, 0x0042, 0x0042, 0x0042, 0x0042, 0x0042,
    0x0042, 0x0042, 0x0042, 0x0042, 0x0042, 0x0042, 0x0042, 0x0042, 0x0042, 0x0042, 0x0042, 0x0042,
    0x0042, 0x0042, 0x0042, 0x0042, 0x0042, 0x0042, 0x0042, 0x0042, 0x0042, 0x0042, 0x0042, 0x0042,
    0x0042, 0x0042, 0x0042, 0x0042, 0x0042, 0x0042, 0x0042, 0x0042, 0x0042, 0x0042, 0x0042, 0x0042,
    0x0042, 0x0042, 0x0042, 0x0042, 0x0042, 0x0042, 0x0042, 0x0042, 0x0042, 0x0042, 0x0042, 0x0042,
    0x0042, 0x0042, 0x0042, 0x0042, 0x0042, 0x0042, 0x0042, 0x0042, 0x0042, 0x0042, 0x0042, 0x0042,
    0x0042, 0x0042, 0x0042, 0x0042, 0x0042, 0x0042, 0x0042, 0x0042, 0x0042, 0x0042, 0x0042, 0x0042,
    0x0042, 0x0042, 0x0042, 0x0042, 0x0042, 0x0042, 0x0042, 0x0042, 0x0042, 0x0042, 0x0042, 0x0042,
    0x0042, 0x0042, 0x0042, 0x0042, 0x0042, 0x0042, 0x0042, 0x0042, 0x0042, 0x0042, 0x0042, 0x0042,
    0x0042, 0x0042, 0x0042, 0x0042, 0x0042, 0x0042, 0x0042, 0x0042, 0x0042, 0x0042, 0x0042, 0x0042,
    0x0042, 0x0042, 0x0042, 0x0BB4, 0x161F, 0x0E5F, 0x15FF, 0x15DE, 0x15BE, 0x15BE, 0x15BE, 0x15FF,
    0x161F, 0x165F, 0x15DE, 0x0AEF, 0x0042, 0x0042, 0x0042, 0x0042, 0x0042, 0x0042, 0x0042, 0x0042,
    0x0042, 0x0042, 0x0042, 0x0042, 0x0042, 0x0042, 0x0042, 0x0042, 0x0042, 0x0042, 0x0042, 0x0042,
    0x0042, 0x0042, 0x0042, 0x0042, 0x0042, 0x0042, 0x0042, 0x0042, 0x0042, 0x0042, 0x0042, 0x0042,
    0x0042, 0x0042, 0x0042, 0x0042, 0x0042, 0x0042, 0x0042, 0x0042, 0x0042, 0x0042, 0x0042, 0x0042,
    0x0042, 0x0042, 0x0042, 0x0042, 0x0042, 0x0042, 0x0042, 0x0042, 0x0042, 0x0042, 0x0042, 0x0042,
    0x0042, 0x0042, 0x0042, 0x0042, 0x0042, 0x0042, 0x0042, 0x0042, 0x0042, 0x0042, 0x0042, 0x0042,
    0x0042, 0x0042, 0x0042, 0x0042, 0x0042, 0x0042, 0x0042, 0x0042, 0x0042, 0x0042, 0x0042, 0x0042,
    0x0042, 0x0042, 0x0042, 0x0042, 0x0042, 0x0042, 0x0042, 0x0042, 0x0042, 0x0042, 0x0042, 0x0042,
    0x0042, 0x0042, 0x0042, 0x0042, 0x0042, 0x0042, 0x0042, 0x0042, 0x0042, 0x0042, 0x0042, 0x0042,
    0x0042, 0x0042, 0x0042, 0x0042, 0x0042, 0x0042, 0x0042, 0x0042, 0x0042, 0x0042, 0x0042, 0x0042,
    0x0042, 0x0042, 0x0042, 0x0042, 0x0042, 0x0042, 0x0042, 0x0042, 0x0042, 0x0042, 0x0042, 0x0042,
    0x0042, 0x0042, 0x0042, 0x0042, 0x0042, 0x0042, 0x0042, 0x0042, 0x0042, 0x0042, 0x0042, 0x0042,
    0x0042, 0x0042, 0x0042, 0x0042, 0x0042, 0x0042, 0x0042, 0x0042, 0x0042, 0x0042, 0x0042, 0x0042,
    0x0062, 0x0CFA, 0x0E7F, 0x15DE, 0x15BE, 0x0DDF, 0x0DDF, 0x15FF, 0x15DF, 0x15DF, 0x15DF, 0x15DF,
    0x15BE, 0x15FF, 0x167F, 0x0BB4, 0x0042, 0x0042, 0x0042, 0x0042, 0x0042, 0x0042, 0x0042, 0x0042,
    0x0042, 0x0042, 0x0042, 0x0042, 0x0042, 0x0042, 0x0042, 0x0042, 0x0042, 0x0042, 0x0042, 0x0042,
    0x0042, 0x0042, 0x0042, 0x0042, 0x0042, 0x0042, 0x0042, 0x0042, 0x0042, 0x0042, 0x0042, 0x0042,
    0x0042, 0x0042, 0x0042, 0x0042, 0x0042, 0x0042, 0x0042, 0x0042, 0x0042, 0x0042, 0x0042, 0x0042,
    0x0042, 0x0042, 0x0042, 0x0042, 0x0042, 0x0042, 0x0042, 0x0042, 0x0042, 0x0042, 0x0042, 0x0042,
    0x0042, 0x0042, 0x0042, 0x0042, 0x0042, 0x0042, 0x0042, 0x0042, 0x0042, 0x0042, 0x0042, 0x0042,
    0x0042, 0x0042, 0x0042, 0x0042, 0x0042, 0x0042, 0x0042, 0x0042, 0x0042, 0x0042, 0x0042, 0x0042,
    0x0042, 0x0042, 0x0042, 0x0042, 0x0042, 0x0042, 0x0042, 0x0042, 0x0042, 0x0042, 0x0042, 0x0042,
    0x0042, 0x0042, 0x0042, 0x0042, 0x0042, 0x0042, 0x0042, 0x0042, 0x0042, 0x0042, 0x0042, 0x0042,
    0x0042, 0x0042, 0x0042, 0x0042, 0x0042, 0x0042, 0x0042, 0x0042, 0x0042, 0x0042, 0x0042, 0x0042,
    0x0042, 0x0042, 0x0042, 0x0042, 0x0042, 0x0042, 0x0042, 0x0042, 0x0042, 0x0042, 0x0042, 0x0042,
    0x0042, 0x0042, 0x0042, 0x0042, 0x0042, 0x0042, 0x0042, 0x0042, 0x0042, 0x0042, 0x0042, 0x0042,
    0x0042, 0x0042, 0x0042, 0x0042, 0x0042, 0x0042, 0x0042, 0x0042, 0x0042, 0x0042, 0x0042, 0x0CB8,
    0x0E7F, 0x0DBE, 0x15DF, 0x15FF, 0x15FF, 0x0DFF, 0x15DF, 0x15DF, 0x15DF, 0x15DF, 0x15DF, 0x15DF,
    0x15DF, 0x0DDE, 0x167F, 0x0AF0, 0x0042, 0x0042, 0x0042, 0x0042, 0x0042, 0x0042, 0x0042, 0x0042,
    0x0042, 0x0042, 0x0042, 0x0042, 0x0042, 0x0042, 0x0042, 0x0042, 0x0042, 0x0042, 0x0042, 0x0042,
    0x0042, 0x0042, 0x0042, 0x0042, 0x0042, 0x0042, 0x0042, 0x0042, 0x0042, 0x0042, 0x0042, 0x0042,
    0x0042, 0x0042, 0x0042, 0x0042, 0x0042, 0x0042, 0x0042, 0x0042, 0x0042, 0x0042, 0x0042, 0x0042,
    0x0042, 0x0042, 0x0042, 0x0042, 0x0042, 0x0042, 0x0042, 0x0042, 0x0042, 0x0042, 0x0042, 0x0042,
    0x0042, 0x0042, 0x0042, 0x0042, 0x0042, 0x0042, 0x0042, 0x0042, 0x0042, 0x0042, 0x0042, 0x0042,
    0x0042, 0x0042, 0x0042, 0x0042, 0x0042, 0x0042, 0x0042, 0x0042, 0x0042, 0x0042, 0x0042, 0x0042,
    0x0042, 0x0042, 0x0042, 0x0042, 0x0042, 0x0042, 0x0042, 0x0042, 0x0042, 0x0042, 0x0042, 0x0042,
    0x0042, 0x0042, 0x0042, 0x0042, 0x0042, 0x0042, 0x0042, 0x0042, 0x0042, 0x0042, 0x0042, 0x0042,
    0x0042, 0x0042, 0x0042, 0x0042, 0x0042, 0x0042, 0x0042, 0x0042, 0x0042, 0x0042, 0x0042, 0x0042,
    0x0042, 0x0042, 0x0042, 0x0042, 0x0042, 0x0042, 0x0042, 0x0042, 0x0042, 0x0042, 0x0042, 0x0042,
    0x0042, 0x0042, 0x0042, 0x0042, 0x0042, 0x0042, 0x0042, 0x0042, 0x0042, 0x0042, 0x0042, 0x0042,
    0x0042, 0x0042, 0x0042, 0x0042, 0x0042, 0x0042, 0x0042, 0x0042, 0x0042, 0x0352, 0x0E9F, 0x15BE,
    0x15DF, 0x0DDF, 0x0DDF, 0x0DDF, 0x15DF, 0x15DF, 0x15DF, 0x15DF, 0x15DF, 0x15DF, 0x15DF, 0x15DF,
    0x15DF, 0x15FF, 0x15DE, 0x0106, 0x0042, 0x0042, 0x0042, 0x0042, 0x0042, 0x0042, 0x0042, 0x0042,
    0x0042, 0x0042, 0x0042, 0x0042, 0x0042, 0x0042, 0x0042, 0x0042, 0x0042, 0x0042, 0x0042, 0x0042,
    0x0042, 0x0042, 0x0042, 0x0042, 0x0042, 0x0042, 0x0042, 0x0042, 0x0042, 0x0042, 0x0042, 0x0042,
    0x0042, 0x0042, 0x0042, 0x0042, 0x0042, 0x0042, 0x0042, 0x0042, 0x0042, 0x0042, 0x0042, 0x0042,
    0x0042, 0x0042, 0x0042, 0x0042, 0x0042, 0x0042, 0x0042, 0x0042, 0x0042, 0x0042, 0x0042, 0x0042,
    0x0042, 0x0042, 0x0042, 0x0042, 0x0042, 0x0042, 0x0042, 0x0042, 0x0042, 0x0042, 0x0042, 0x0042,
    0x0042, 0x0042, 0x0042, 0x0042, 0x0042, 0x0042, 0x0042, 0x0042, 0x0042, 0x0042, 0x0042, 0x0042,
    0x0042, 0x0042, 0x0042, 0x0042, 0x0042, 0x0042, 0x0042, 0x0042, 0x0042, 0x0042, 0x0042, 0x0042,
    0x0042, 0x0042, 0x0042, 0x0042, 0x0042, 0x0042, 0x0042, 0x0042, 0x0042, 0x0042, 0x0042, 0x0042,
    0x0042, 0x0042, 0x0042, 0x0042, 0x0042, 0x0042, 0x0042, 0x0042, 0x0042, 0x0042, 0x0042, 0x0042,
    0x0042, 0x0042, 0x0042, 0x0042, 0x0042, 0x0042, 0x0042, 0x0042, 0x0042, 0x0042, 0x0042, 0x0042,
    0x0042, 0x0042, 0x0042, 0x0042, 0x0042, 0x0042, 0x0042, 0x0042, 0x0042, 0x0042, 0x0042, 0x0042,
    0x0042, 0x0042, 0x0042, 0x0042, 0x0042, 0x0042, 0x0042, 0x0083, 0x0DDE, 0x0DFF, 0x15DF, 0x15DF,
    0x15DF, 0x0DDF, 0x15DF, 0x15DF, 0x15DF, 0x15DF, 0x15DF, 0x15DF, 0x15DF, 0x15DF, 0x15DF, 0x15DF,
    0x15BE, 0x163F, 0x0394, 0x0042, 0x0042, 0x0042, 0x0042, 0x0042, 0x0042, 0x0042, 0x0042, 0x0042,
    0x0042, 0x0042, 0x0042, 0x0042, 0x0042, 0x0042, 0x0042, 0x0042, 0x0042, 0x0042, 0x0042, 0x0042,
    0x0042, 0x0042, 0x0042, 0x0042, 0x0042, 0x0042, 0x0042, 0x0042, 0x0042, 0x0042, 0x0042, 0x0042,
    0x0042, 0x0042, 0x0042, 0x0042, 0x0042, 0x0042, 0x0042, 0x0042, 0x0042, 0x0042, 0x0042, 0x0042,
    0x0042, 0x0042, 0x0042, 0x0042, 0x0042, 0x0042, 0x0042, 0x0042, 0x0042, 0x0042, 0x0042, 0x0042,
    0x0042, 0x0042, 0x0042, 0x0042, 0x0042, 0x0042, 0x0042, 0x0042, 0x0042, 0x0042, 0x0042, 0x0042,
    0x0042, 0x0042, 0x0042, 0x0042, 0x0042, 0x0042, 0x0042, 0x0042, 0x0042, 0x0042, 0x0042, 0x0042,
    0x0042, 0x0042, 0x0042, 0x0042, 0x0042, 0x0042, 0x0042, 0x0042, 0x0042, 0x0042, 0x0042, 0x0042,
    0x0042, 0x0042, 0x0042, 0x0042, 0x0042, 0x0042, 0x0042, 0x0042, 0x0042, 0x0042, 0x0042, 0x0042,
    0x0042, 0x0042, 0x0042, 0x0042, 0x0042, 0x0042, 0x0042, 0x0042, 0x0042, 0x0042, 0x0042, 0x0042,
    0x0042, 0x0042, 0x0042, 0x0042, 0x0042, 0x0042, 0x0042, 0x0042, 0x0042, 0x0042, 0x0042, 0x0042,
    0x0042, 0x0042, 0x0042, 0x0042, 0x0042, 0x0042, 0x0042, 0x0042, 0x0042, 0x0042, 0x0042, 0x0042,
    0x0042, 0x0042, 0x0042, 0x0042, 0x0042, 0x0042, 0x02CF, 0x067F, 0x0DDF, 0x0DDF, 0x15DF, 0x15DF,
    0x15DF, 0x15DF, 0x15DF, 0x15DF, 0x15DF, 0x15DF, 0x15DF, 0x15DF, 0x15DF, 0x15DF, 0x15BF, 0x1DBE,
    0x15FF, 0x055C, 0x0083, 0x0042, 0x0042, 0x0042, 0x0042, 0x0042, 0x0042, 0x0042, 0x0042, 0x0042,
    0x0042, 0x0042, 0x0042, 0x0042, 0x0042, 0x0042, 0x0042, 0x0042, 0x0042, 0x0042, 0x0042, 0x0042,
    0x0042, 0x0042, 0x0042, 0x0042, 0x0042, 0x0042, 0x0042, 0x0042, 0x0042, 0x0042, 0x0042, 0x0042,
    0x0042, 0x0042, 0x0042, 0x0042, 0x0042, 0x0042, 0x0042, 0x0042, 0x0042, 0x0042, 0x0042, 0x0042,
    0x0042, 0x0042, 0x0042, 0x0042, 0x0042, 0x0042, 0x0042, 0x0042, 0x0042, 0x0042, 0x0042, 0x0042,
    0x0042, 0x0042, 0x0042, 0x0042, 0x0042, 0x0042, 0x0042, 0x0042, 0x0042, 0x0042, 0x0042, 0x0042,
    0x0042, 0x0042, 0x0042, 0x0042, 0x0042, 0x0042, 0x0042, 0x0042, 0x0042, 0x0042, 0x0042, 0x0042,
    0x0042, 0x0042, 0x0042, 0x0042, 0x0042, 0x0042, 0x0042, 0x0042, 0x0042, 0x0042, 0x0042, 0x0042,
    0x0042, 0x0042, 0x0042, 0x0042, 0x0042, 0x0042, 0x0042, 0x0042, 0x0042, 0x0042, 0x0042, 0x0042,
    0x0042, 0x0042, 0x0042, 0x0042, 0x0042, 0x0042, 0x0042, 0x0042, 0x0042, 0x0042, 0x0042, 0x0042,
    0x0042, 0x0042, 0x0042, 0x0042, 0x0042, 0x0042, 0x0042, 0x0042, 0x0042, 0x0042, 0x0042, 0x0042,
    0x0042, 0x0042, 0x0042, 0x0042, 0x0042, 0x0042, 0x0042, 0x0042, 0x0042, 0x0042, 0x0042, 0x0042,
    0x0042, 0x0042, 0x0042, 0x0042, 0x0042, 0x0C97, 0x063F, 0x0DBF, 0x0DDF, 0x0DDF, 0x15DF, 0x15DF,
    0x15DF, 0x15DF, 0x15DF, 0x15DF, 0x15DF, 0x15DF, 0x15DF, 0x15DF, 0x15DF, 0x15BF, 0x15BF, 0x15DF,
    0x0E1F, 0x020B, 0x0042, 0x0042, 0x0042, 0x0042, 0x0042, 0x0042, 0x0042, 0x0042, 0x0042, 0x0042,
    0x0042, 0x0042, 0x0042, 0x0042, 0x0042, 0x0042, 0x0042, 0x0042, 0x0042, 0x0042, 0x0042, 0x0042,
    0x0042, 0x0042, 0x0042, 0x0042, 0x0042, 0x0042, 0x0042, 0x0042, 0x0042, 0x0042, 0x0042, 0x0042,
    0x0042, 0x0042, 0x0042, 0x0042, 0x0042, 0x0042, 0x0042, 0x0042, 0x0042, 0x0042, 0x0042, 0x0042,
    0x0042, 0x0042, 0x0042, 0x0042, 0x0042, 0x0042, 0x0042, 0x0042, 0x0042, 0x0042, 0x0042, 0x0042,
    0x0042, 0x0042, 0x0042, 0x0042, 0x0042, 0x0042, 0x0042, 0x0042, 0x0042, 0x0042, 0x0042, 0x0042,
    0x0042, 0x0042, 0x0042, 0x0042, 0x0042, 0x0042, 0x0042, 0x0042, 0x0042, 0x0042, 0x0042, 0x0042,
    0x0042, 0x0042, 0x0042, 0x0042, 0x0042, 0x0042, 0x0042, 0x0042, 0x0042, 0x0042, 0x0042, 0x0042,
    0x0042, 0x0042, 0x0042, 0x0042, 0x0042, 0x0042, 0x0042, 0x0042, 0x0042, 0x0042, 0x0042, 0x0042,
    0x0042, 0x0042, 0x0042, 0x0042, 0x0042, 0x0042, 0x0042, 0x0042, 0x0042, 0x0042, 0x0042, 0x0042,
    0x0042, 0x0042, 0x0042, 0x0042, 0x0042, 0x0042, 0x0042, 0x0042, 0x0042, 0x0042, 0x0042, 0x0042,
    0x0042, 0x0042, 0x0042, 0x0042, 0x0042, 0x0042, 0x0042, 0x0042, 0x0042, 0x0042, 0x0042, 0x0042,
    0x0042, 0x0042, 0x0042, 0x0042, 0x0D1A, 0x0E1F, 0x0DBF, 0x0DDF, 0x0DDF, 0x0DDF, 0x15DF, 0x15DF,
    0x15DF, 0x15DF, 0x15DF, 0x15DF, 0x15DF, 0x15DF, 0x15DF, 0x15DF, 0x15BF, 0x15BF, 0x15BE, 0x0E5F,
    0x02CF, 0x0042, 0x0042, 0x0042, 0x0042, 0x0042, 0x0042, 0x0042, 0x0042, 0x0042, 0x0042, 0x0042,
    0x0042, 0x0042, 0x0042, 0x0042, 0x0042, 0x0042, 0x0042, 0x0042, 0x0042, 0x0042, 0x0042, 0x0042,
    0x0042, 0x0042, 0x0042, 0x0042, 0x0042, 0x0042, 0x0042, 0x0042, 0x0042, 0x0042, 0x0042, 0x0042,
    0x0042, 0x0042, 0x0042, 0x0042, 0x0042, 0x0042, 0x0042, 0x0042, 0x0042, 0x0042, 0x0042, 0x0042,
    0x0042, 0x0042, 0x0042, 0x0042, 0x0042, 0x0042, 0x0042, 0x0042, 0x0042, 0x0042, 0x0042, 0x0042,
    0x0042, 0x0042, 0x0042, 0x0042, 0x0042, 0x0042, 0x0042, 0x0042, 0x0042, 0x0042, 0x0042, 0x0042,
    0x0042, 0x0042, 0x0042, 0x0042, 0x0042, 0x0042, 0x0042, 0x0042, 0x0042, 0x0042, 0x0042, 0x0042,
    0x0042, 0x0042, 0x0042, 0x0042, 0x0042, 0x0042, 0x0042, 0x0042, 0x0042, 0x0042, 0x0042, 0x0042,
    0x0042, 0x0042, 0x0042, 0x0042, 0x0042, 0x0042, 0x0042, 0x0042, 0x0042, 0x0042, 0x0042, 0x0042,
    0x0042, 0x0042, 0x0042, 0x0042, 0x0042, 0x0042, 0x0042, 0x0042, 0x0042, 0x0042, 0x0042, 0x0042,
    0x0042, 0x0042, 0x0042, 0x0042, 0x0042, 0x0042, 0x0042, 0x0042, 0x0042, 0x0042, 0x0042, 0x0042,
    0x0042, 0x0042, 0x0042, 0x0042, 0x0042, 0x0042, 0x0042, 0x0042, 0x0042, 0x0042, 0x0042, 0x0042,
    0x0042, 0x0042, 0x0042, 0x0D1A, 0x0E1F, 0x0DBF, 0x0DDF, 0x0DDF, 0x15DF, 0x15DF, 0x15DF, 0x15DF,
    0x15DF, 0x15DF, 0x15DF, 0x15DF, 0x15DF, 0x15DF, 0x15DF, 0x15BF, 0x15BF, 0x15BE, 0x0E3F, 0x02CF,
    0x0042, 0x0042, 0x0042, 0x0042, 0x0042, 0x0042, 0x0042, 0x0042, 0x0042, 0x0042, 0x0042, 0x0042,
    0x0042, 0x0042, 0x0042, 0x0042, 0x0042, 0x0042, 0x0042, 0x0042, 0x0042, 0x0042, 0x0042, 0x0042,
    0x0042, 0x0042, 0x0042, 0x0042, 0x0042, 0x0042, 0x0042, 0x0042, 0x0042, 0x0042, 0x0042, 0x0042,
    0x0042, 0x0042, 0x0042, 0x0042, 0x0042, 0x0042, 0x0042, 0x0042, 0x0042, 0x0042, 0x0042, 0x0042,
    0x0042, 0x0042, 0x0042, 0x0042, 0x0042, 0x0042, 0x0042, 0x0042, 0x0042, 0x0042, 0x0042, 0x0042,
    0x0042, 0x0042, 0x0042, 0x0042, 0x0042, 0x0042, 0x0042, 0x0042, 0x0042, 0x0042, 0x0042, 0x0042,
    0x0042, 0x0042, 0x0042, 0x0042, 0x0042, 0x0042, 0x0042, 0x0042, 0x0042, 0x0042, 0x0042, 0x0042,
    0x0042, 0x0042, 0x0042, 0x0042, 0x0042, 0x0042, 0x0042, 0x0042, 0x0042, 0x0042, 0x0042, 0x0042,
    0x0042, 0x0042, 0x0042, 0x0042, 0x0042, 0x0042, 0x0042, 0x0042, 0x0042, 0x0042, 0x0042, 0x0042,
    0x0042, 0x0042, 0x0042, 0x0042, 0x0042, 0x0042, 0x0042, 0x0042, 0x0042, 0x0042, 0x0042, 0x0042,
    0x0042, 0x0042, 0x0042, 0x0042, 0x0042, 0x0042, 0x0042, 0x0042, 0x0042, 0x0042, 0x0042, 0x0042,
    0x0042, 0x0042, 0x0042, 0x0042, 0x0042, 0x0042, 0x0042, 0x0042, 0x0042, 0x0042, 0x0042, 0x0042,
    0x0042, 0x0042, 0x0D19, 0x0E1F, 0x0DBF, 0x15DF, 0x15BF, 0x15BF, 0x15DF, 0x15DF, 0x15DF, 0x15DF,
    0x15DF, 0x15DF, 0x15BF, 0x15BF, 0x15BF, 0x15BF, 0x15BF, 0x15BF, 0x159E, 0x0E5F, 0x02CF, 0x0042,
    0x0042, 0x0042, 0x0042, 0x0042, 0x0042, 0x0042, 0x0042, 0x0042, 0x0042, 0x0042, 0x0042, 0x0042,
    0x0042, 0x0042, 0x0042, 0x0042, 0x0042, 0x0042, 0x0042, 0x0042, 0x0042, 0x0042, 0x0042, 0x0042,
    0x0042, 0x0042, 0x0042, 0x0042, 0x0042, 0x0042, 0x0042, 0x0042, 0x0042, 0x0042, 0x0042, 0x0042,
    0x0042, 0x0042, 0x0042, 0x0042, 0x0042, 0x0042, 0x0042, 0x0042, 0x0042, 0x0042, 0x0042, 0x0042,
    0x0042, 0x0042, 0x0042, 0x0042, 0x0042, 0x0042, 0x0042, 0x0042, 0x0042, 0x0042, 0x0042, 0x0042,
    0x0042, 0x0042, 0x0042, 0x0042, 0x0042, 0x0042, 0x0042, 0x0042, 0x0042, 0x0042, 0x0042, 0x0042,
    0x0042, 0x0042, 0x0042, 0x0042, 0x0042, 0x0042, 0x0042, 0x0042, 0x0042, 0x0042, 0x0042, 0x0042,
    0x0042, 0x0042, 0x0042, 0x0042, 0x0042, 0x0042, 0x0042, 0x0042, 0x0042, 0x0042, 0x0042, 0x0042,
    0x0042, 0x0042, 0x0042, 0x0042, 0x0042, 0x0042, 0x0042, 0x0042, 0x0042, 0x0042, 0x0042, 0x0042,
    0x0042, 0x0042, 0x0042, 0x0042, 0x0042, 0x0042, 0x0042, 0x0042, 0x0042, 0x0042, 0x0042, 0x0042,
    0x0042, 0x0042, 0x0042, 0x0042, 0x0042, 0x0042, 0x0042, 0x0042, 0x0042, 0x0042, 0x0042, 0x0042,
    0x0042, 0x0042, 0x0042, 0x0042, 0x0042, 0x0042, 0x0042, 0x0042, 0x0042, 0x0042, 0x0042, 0x0042,
    0x0042, 0x0D19, 0x0E1F, 0x0DBF, 0x15DF, 0x15BF, 0x15BF, 0x15DF, 0x15DF, 0x15DF, 0x15DF, 0x15DF,
    0x15DF, 0x15BF, 0x15BF, 0x15BF, 0x15BF, 0x15BF, 0x15BF, 0x159E, 0x0E5F, 0x02CF, 0x0042, 0x0042,
    0x0042, 0x0042, 0x0042, 0x0042, 0x0042, 0x0042, 0x0042, 0x0042, 0x0042, 0x0042, 0x0042, 0x0042,
    0x0042, 0x0042, 0x0042, 0x0042, 0x0042, 0x0042, 0x0042, 0x0042, 0x0042, 0x0042, 0x0042, 0x0042,
    0x0042, 0x0042, 0x0042, 0x0042, 0x0042, 0x0042, 0x0042, 0x0042, 0x0042, 0x0042, 0x0042, 0x0042,
    0x0042, 0x0042, 0x0042, 0x0042, 0x0042, 0x0042, 0x0042, 0x0042, 0x0042, 0x0042, 0x0042, 0x0042,
    0x0042, 0x0042, 0x0042, 0x0042, 0x0042, 0x0042, 0x0042, 0x0042, 0x0042, 0x0042, 0x0042, 0x0042,
    0x0042, 0x0042, 0x0042, 0x0042, 0x0042, 0x0042, 0x0042, 0x0042, 0x0042, 0x0042, 0x0042, 0x0042,
    0x0042, 0x0042, 0x0042, 0x0042, 0x0042, 0x0042, 0x0042, 0x0042, 0x0042, 0x0042, 0x0042, 0x0042,
    0x0042, 0x0042, 0x0042, 0x0042, 0x0042, 0x0042, 0x0042, 0x0042, 0x0042, 0x0042, 0x0042, 0x0042,
    0x0042, 0x0042, 0x0042, 0x0042, 0x0042, 0x0042, 0x0042, 0x0042, 0x0042, 0x0042, 0x0042, 0x0042,
    0x0042, 0x0042, 0x0042, 0x0042, 0x0042, 0x0042, 0x0042, 0x0042, 0x0042, 0x0042, 0x0042, 0x0042,
    0x0042, 0x0042, 0x0042, 0x0042, 0x0042, 0x0042, 0x0042, 0x0042, 0x0042, 0x0042, 0x0042, 0x0042,
    0x0042, 0x0042, 0x0042, 0x0042, 0x0042, 0x0042, 0x0042, 0x0042, 0x0042, 0x0042, 0x0042, 0x0042,
    0x0D19, 0x0E1F, 0x0DBF, 0x0DBF, 0x15BF, 0x15BF, 0x15BF, 0x15BF, 0x15BF, 0x15BF, 0x15BF, 0x15BF,
    0x15BF, 0x15BF, 0x15BF, 0x15BF, 0x159F, 0x15BF, 0x159E, 0x0E3F, 0x02AF, 0x0042, 0x0042, 0x0042,
    0x0042, 0x0042, 0x0042, 0x0042, 0x0042, 0x0042, 0x0042, 0x0042, 0x0042, 0x0042, 0x0042, 0x0042,
    0x0042, 0x0042, 0x0042, 0x0042, 0x0042, 0x0042, 0x0042, 0x0042, 0x0042, 0x0042, 0x0042, 0x0042,
    0x0042, 0x0042, 0x0042, 0x0042, 0x0042, 0x0042, 0x0042, 0x0042, 0x0042, 0x0042, 0x0042, 0x0042,
    0x0042, 0x0042, 0x0042, 0x0042, 0x0042, 0x0042, 0x0042, 0x0042, 0x0042, 0x0042, 0x0042, 0x0042,
    0x0042, 0x0042, 0x0042, 0x0042, 0x0042, 0x0042, 0x0042, 0x0042, 0x0042, 0x0042, 0x0042, 0x0042,
    0x0042, 0x0042, 0x0042, 0x0042, 0x0042, 0x0042, 0x0042, 0x0042, 0x0042, 0x0042, 0x0042, 0x0042,
    0x0042, 0x0042, 0x0042, 0x0042, 0x0042, 0x0042, 0x0042, 0x0042, 0x0042, 0x0042, 0x0042, 0x0042,
    0x0042, 0x0042, 0x0042, 0x0042, 0x0042, 0x0042, 0x0042, 0x0042, 0x0042, 0x0042, 0x0042, 0x0042,
    0x0042, 0x0042, 0x0042, 0x0042, 0x0042, 0x0042, 0x0042, 0x0042, 0x0042, 0x0042, 0x0042, 0x0042,
    0x0042, 0x0042, 0x0042, 0x0042, 0x0042, 0x0042, 0x0042, 0x0042, 0x0042, 0x0042, 0x0042, 0x0042,
    0x0042, 0x0042, 0x0042, 0x0042, 0x0042, 0x0042, 0x0042, 0x0042, 0x0042, 0x0042, 0x0042, 0x0042,
    0x0042, 0x0042, 0x0042, 0x0042, 0x0042, 0x0042, 0x0042, 0x0042, 0x0042, 0x0042, 0x0042, 0x0D19,
    0x0DFF, 0x0DBF, 0x15BF, 0x15BF, 0x15BF, 0x15BF, 0x15BF, 0x15BF, 0x15BF, 0x15BF, 0x15BF, 0x15BF,
    0x15BF, 0x15BF, 0x15BF, 0x159F, 0x15BF, 0x159E, 0x0E3F, 0x02AF, 0x0042, 0x0042, 0x0042, 0x0042,
    0x0042, 0x0042, 0x0042, 0x0042, 0x0042, 0x0042, 0x0042, 0x0042, 0x0042, 0x0042, 0x0042, 0x0042,
    0x0042, 0x0042, 0x0042, 0x0042, 0x0042, 0x0042, 0x0042, 0x0042, 0x0042, 0x0042, 0x0042, 0x0042,
    0x0042, 0x0042, 0x0042, 0x0042, 0x0042, 0x0042, 0x0042, 0x0042, 0x0042, 0x0042, 0x0042, 0x0042,
    0x0042, 0x0042, 0x0042, 0x0042, 0x0042, 0x0042, 0x0042, 0x0042, 0x0042, 0x0042, 0x0042, 0x0042,
    0x0042, 0x0042, 0x0042, 0x0042, 0x0042, 0x0042, 0x0042, 0x0042, 0x0042, 0x0042, 0x0042, 0x0042,
    0x0042, 0x0042, 0x0042, 0x0042, 0x0042, 0x0042, 0x0042, 0x0042, 0x0042, 0x0042, 0x0042, 0x0042,
    0x0042, 0x0042, 0x0042, 0x0042, 0x0042, 0x0042, 0x0042, 0x0042, 0x0042, 0x0042, 0x0042, 0x0042,
    0x0042, 0x0042, 0x0042, 0x0042, 0x0042, 0x0042, 0x0042, 0x0042, 0x0042, 0x0042, 0x0042, 0x0042,
    0x0042, 0x0042, 0x0042, 0x0042, 0x0042, 0x0042, 0x0042, 0x0042, 0x0042, 0x0042, 0x0042, 0x0042,
    0x0042, 0x0042, 0x0042, 0x0042, 0x0042, 0x0042, 0x0042, 0x0042, 0x0042, 0x0042, 0x0042, 0x0042,
    0x0042, 0x0042, 0x0042, 0x0042, 0x0042, 0x0042, 0x0042, 0x0042, 0x0042, 0x0042, 0x0042, 0x0042,
    0x0042, 0x0042, 0x0042, 0x0042, 0x0042, 0x0042, 0x0042, 0x0042, 0x0042, 0x0042, 0x0CF9, 0x0DFF,
    0x0DBF, 0x15BF, 0x15BF, 0x15BF, 0x15BF, 0x15BF, 0x15BF, 0x15BF, 0x15BF, 0x15BF, 0x159F, 0x159F,
    0x159F, 0x159F, 0x159F, 0x159F, 0x159F, 0x0E5F, 0x02AF, 0x0042, 0x0042, 0x0042, 0x0042, 0x0042,
    0x0042, 0x0042, 0x0042, 0x0042, 0x0042, 0x0042, 0x0042, 0x0042, 0x0042, 0x0042, 0x0042, 0x0042,
    0x0042, 0x0042, 0x0042, 0x0042, 0x0042, 0x0042, 0x0042, 0x0042, 0x0042, 0x0042, 0x0042, 0x0042,
    0x0042, 0x0042, 0x0042, 0x0042, 0x0042, 0x0042, 0x0042, 0x0042, 0x0042, 0x0042, 0x0042, 0x0042,
    0x0042, 0x0042, 0x0042, 0x0042, 0x0042, 0x0042, 0x0042, 0x0042, 0x0042, 0x0042, 0x0042, 0x0042,
    0x0042, 0x0042, 0x0042, 0x0042, 0x0042, 0x0042, 0x0042, 0x0042, 0x0042, 0x0042, 0x0042, 0x0042,
    0x0042, 0x0042, 0x0042, 0x0042, 0x0042, 0x0042, 0x0042, 0x0042, 0x0042, 0x0042, 0x0042, 0x0042,
    0x0042, 0x0042, 0x0042, 0x0042, 0x0042, 0x0042, 0x0042, 0x0042, 0x0042, 0x0042, 0x0042, 0x0042,
    0x0042, 0x0042, 0x0042, 0x0042, 0x0042, 0x0042, 0x0042, 0x0042, 0x0042, 0x0042, 0x0042, 0x0042,
    0x0042, 0x0042, 0x0042, 0x0042, 0x0042, 0x0042, 0x0042, 0x0042, 0x0042, 0x0042, 0x0042, 0x0042,
    0x0042, 0x0042, 0x0042, 0x0042, 0x0042, 0x0042, 0x0042, 0x0042, 0x0042, 0x0042, 0x0042, 0x0042,
    0x0042, 0x0042, 0x0042, 0x0042, 0x0042, 0x0042, 0x0042, 0x0042, 0x0042, 0x0042, 0x0042, 0x0042,
    0x0042, 0x0042, 0x0042, 0x0042, 0x0042, 0x0042, 0x0042, 0x0042, 0x0042, 0x0CF9, 0x0DFF, 0x0DBF,
    0x15BF, 0x15BF, 0x15BF, 0x15BF, 0x15BF, 0x15BF, 0x15BF, 0x15BF, 0x15BF, 0x159F, 0x159F, 0x159F,
    0x159F, 0x159F, 0x159F, 0x159F, 0x0E3F, 0x0AAF, 0x0042, 0x0042, 0x0042, 0x0042, 0x0042, 0x0042,
    0x0042, 0x0042, 0x0042, 0x0042, 0x0042, 0x0042, 0x0042, 0x0042, 0x0042, 0x0042, 0x0042, 0x0042,
    0x0042, 0x0042, 0x0042, 0x0042, 0x0042, 0x0042, 0x0042, 0x0042, 0x0042, 0x0042, 0x0042, 0x0042,
    0x0042, 0x0042, 0x0042, 0x0042, 0x0042, 0x0042, 0x0042, 0x0042, 0x0042, 0x0042, 0x0042, 0x0042,
    0x0042, 0x0042, 0x0042, 0x0042, 0x0042, 0x0042, 0x0042, 0x0042, 0x0042, 0x0042, 0x0042, 0x0042,
    0x0042, 0x0042, 0x0042, 0x0042, 0x0042, 0x0042, 0x0042, 0x0042, 0x0042, 0x0042, 0x0042, 0x0042,
    0x0042, 0x0042, 0x0042, 0x0042, 0x0042, 0x0042, 0x0042, 0x0042, 0x0042, 0x0042, 0x0042, 0x0042,
    0x0042, 0x0042, 0x0042, 0x0042, 0x0042, 0x0042, 0x0042, 0x0042, 0x0042, 0x0042, 0x0042, 0x0042,
    0x0042, 0x0042, 0x0042, 0x0042, 0x0042, 0x0042, 0x0042, 0x0042, 0x0042, 0x0042, 0x0042, 0x0042,
    0x0042, 0x0042, 0x0042, 0x0042, 0x0042, 0x0042, 0x0042, 0x0042, 0x0042, 0x0042, 0x0042, 0x0042,
    0x0042, 0x0042, 0x0042, 0x0042, 0x0042, 0x0042, 0x0042, 0x0042, 0x0042, 0x0042, 0x0042, 0x0042,
    0x0042, 0x0042, 0x0042, 0x0042, 0x0042, 0x0042, 0x0042, 0x0042, 0x0042, 0x0042, 0x0042, 0x0042,
    0x0042, 0x0042, 0x0042, 0x0042, 0x0042, 0x0042, 0x0042, 0x0042, 0x0CF9, 0x0DFF, 0x0D9F, 0x15BF,
    0x159F, 0x159F, 0x159F, 0x15BF, 0x15BF, 0x15BF, 0x15BF, 0x15BF, 0x159F, 0x159F, 0x159F, 0x159F,
    0x159F, 0x159F, 0x159E, 0x0E3F, 0x02AF, 0x0042, 0x0042, 0x0042, 0x0042, 0x0042, 0x0042, 0x0042,
    0x0042, 0x0042, 0x0042, 0x0042, 0x0042, 0x0042, 0x0042, 0x0042, 0x0042, 0x0042, 0x0042, 0x0042,
    0x0042, 0x0042, 0x0042, 0x0042, 0x0042, 0x0042, 0x0042, 0x0042, 0x0042, 0x0042, 0x0042, 0x0042,
    0x0042, 0x0042, 0x0042, 0x0042, 0x0042, 0x0042, 0x0042, 0x0042, 0x0042, 0x0042, 0x0042, 0x0042,
    0x0042, 0x0042, 0x0042, 0x0042, 0x0042, 0x0042, 0x0042, 0x0042, 0x0042, 0x0042, 0x0042, 0x0042,
    0x0042, 0x0042, 0x0042, 0x0042, 0x0042, 0x0042, 0x0042, 0x0042, 0x0042, 0x0042, 0x0042, 0x0042,
    0x0042, 0x0042, 0x0042, 0x0042, 0x0042, 0x0042, 0x0042, 0x0042, 0x0042, 0x0042, 0x0042, 0x0042,
    0x0042, 0x0042, 0x0042, 0x0042, 0x0042, 0x0042, 0x0042, 0x0042, 0x0042, 0x0042, 0x0042, 0x0042,
    0x0042, 0x0042, 0x0042, 0x0042, 0x0042, 0x0042, 0x0042, 0x0042, 0x0042, 0x0042, 0x0042, 0x0042,
    0x0042, 0x0042, 0x0042, 0x0042, 0x0042, 0x0042, 0x0042, 0x0042, 0x0042, 0x0042, 0x0042, 0x0042,
    0x0042, 0x0042, 0x0042, 0x0042, 0x0042, 0x0042, 0x0042, 0x0042, 0x0042, 0x0042, 0x0042, 0x0042,
    0x0042, 0x0042, 0x0042, 0x0042, 0x0042, 0x0042, 0x0042, 0x0042, 0x0042, 0x0042, 0x0042, 0x0042,
    0x0042, 0x0042, 0x0042, 0x0042, 0x0042, 0x0042, 0x0042, 0x0CD9, 0x0DFF, 0x0D9F, 0x159F, 0x159F,
    0x159F, 0x159F, 0x159F, 0x159F, 0x15BF, 0x159F, 0x159F, 0x159F, 0x159F, 0x159F, 0x159F, 0x159F,
    0x159F, 0x157E, 0x0E1F, 0x02AF, 0x0042, 0x0042, 0x0042, 0x0042, 0x0042, 0x0042, 0x0042, 0x0042,
    0x0042, 0x0042, 0x0042, 0x0042, 0x0042, 0x0042, 0x0042, 0x0042, 0x0042, 0x0042, 0x0042, 0x0042,
    0x0042, 0x0042, 0x0042, 0x0042, 0x0042, 0x0042, 0x0042, 0x0042, 0x0042, 0x0042, 0x0042, 0x0042,
    0x0042, 0x0042, 0x0042, 0x0042, 0x0042, 0x0042, 0x0042, 0x0042, 0x0042, 0x0042, 0x0042, 0x0042,
    0x0042, 0x0042, 0x0042, 0x0042, 0x0042, 0x0042, 0x0042, 0x0042, 0x0042, 0x0042, 0x0042, 0x0042,
    0x0042, 0x0042, 0x0042, 0x0042, 0x0042, 0x0042, 0x0042, 0x0042, 0x0042, 0x0042, 0x0042, 0x0042,
    0x0042, 0x0042, 0x0042, 0x0042, 0x0042, 0x0042, 0x0042, 0x0042, 0x0042, 0x0042, 0x0042, 0x0042,
    0x0042, 0x0042, 0x0042, 0x0042, 0x0042, 0x0042, 0x0042, 0x0042, 0x0042, 0x0042, 0x0042, 0x0042,
    0x0042, 0x0042, 0x0042, 0x0042, 0x0042, 0x0042, 0x0042, 0x0042, 0x0042, 0x0042, 0x0042, 0x0042,
    0x0042, 0x0042, 0x0042, 0x0042, 0x0042, 0x0042, 0x0042, 0x0042, 0x0042, 0x0042, 0x0042, 0x0042,
    0x0042, 0x0042, 0x0042, 0x0042, 0x0042, 0x0042, 0x0042, 0x0042, 0x0042, 0x0042, 0x0042, 0x0042,
    0x0042, 0x0042, 0x0042, 0x0042, 0x0042, 0x0042, 0x0042, 0x0042, 0x0042, 0x0042, 0x0042, 0x0042,
    0x0042, 0x0042, 0x0042, 0x0042, 0x0042, 0x0042, 0x0CD9, 0x0DFF, 0x159F, 0x159F, 0x159F, 0x159F,
    0x159F, 0x159F, 0x159F, 0x159F, 0x159F, 0x159F, 0x159F, 0x159F, 0x159F, 0x159F, 0x159F, 0x159F,
    0x157E, 0x0E1F, 0x0AAF, 0x0042, 0x0042, 0x0042, 0x0042, 0x0042, 0x0042, 0x0042, 0x0042, 0x0042,
    0x0042, 0x0042, 0x0042, 0x0042, 0x0042, 0x0042, 0x0042, 0x0042, 0x0042, 0x0042, 0x0042, 0x0042,
    0x0042, 0x0042, 0x0042, 0x0042, 0x0042, 0x0042, 0x0042, 0x0042, 0x0042, 0x0042, 0x0042, 0x0042,
    0x0042, 0x0042, 0x0042, 0x0042, 0x0042, 0x0042, 0x0042, 0x0042, 0x0042, 0x0042, 0x0042, 0x0042,
    0x0042, 0x0042, 0x0042, 0x0042, 0x0042, 0x0042, 0x0042, 0x0042, 0x0042, 0x0042, 0x0042, 0x0042,
    0x0042, 0x0042, 0x0042, 0x0042, 0x0042, 0x0042, 0x0042, 0x0042, 0x0042, 0x0042, 0x0042, 0x0042,
    0x0042, 0x0042, 0x0042, 0x0042, 0x0042, 0x0042, 0x0042, 0x0042, 0x0042, 0x0042, 0x0042, 0x0042,
    0x0042, 0x0042, 0x0042, 0x0042, 0x0042, 0x0042, 0x0042, 0x0042, 0x0042, 0x0042, 0x0042, 0x0042,
    0x0042, 0x0042, 0x0042, 0x0042, 0x0042, 0x0042, 0x0042, 0x0042, 0x0042, 0x0042, 0x0042, 0x0042,
    0x0042, 0x0042, 0x0042, 0x0042, 0x0042, 0x0042, 0x0042, 0x0042, 0x0042, 0x0042, 0x0042, 0x0042,
    0x0042, 0x0042, 0x0042, 0x0042, 0x0042, 0x0042, 0x0042, 0x0042, 0x0042, 0x0042, 0x0042, 0x0042,
    0x0042, 0x0042, 0x0042, 0x0042, 0x0042, 0x0042, 0x0042, 0x0042, 0x0042, 0x0042, 0x0042, 0x0042,
    0x0042, 0x0042, 0x0042, 0x0042, 0x0042, 0x14D9, 0x0DFF, 0x159F, 0x159F, 0x159F, 0x159F, 0x159F,
    0x159F, 0x159F, 0x159F, 0x159F, 0x159F, 0x159F, 0x159F, 0x159F, 0x159F, 0x157F, 0x157F, 0x0D7E,
    0x0DFF, 0x0A8E, 0x0042, 0x0042, 0x0042, 0x0042, 0x0042, 0x0042, 0x0042, 0x0042, 0x0042, 0x0042,
    0x0042, 0x0042, 0x0042, 0x0042, 0x0042, 0x0042, 0x0042, 0x0042, 0x0042, 0x0042, 0x0042, 0x0042,
    0x0042, 0x0042, 0x0042, 0x0042, 0x0042, 0x0042, 0x0042, 0x0042, 0x0042, 0x0042, 0x0042, 0x0042,
    0x0042, 0x0042, 0x0042, 0x0042, 0x0042, 0x0042, 0x0042, 0x0042, 0x0042, 0x0042, 0x0042, 0x0042,
    0x0042, 0x0042, 0x0042, 0x0042, 0x0042, 0x0042, 0x0042, 0x0042, 0x0042, 0x0042, 0x0042, 0x0042,
    0x0042, 0x0042, 0x0042, 0x0042, 0x0042, 0x0042, 0x0042, 0x0042, 0x0042, 0x0042, 0x0042, 0x0042,
    0x0042, 0x0042, 0x0042, 0x0042, 0x0042, 0x0042, 0x0042, 0x0042, 0x0042, 0x0042, 0x0042, 0x0042,
    0x0042, 0x0042, 0x0042, 0x0042, 0x0042, 0x0042, 0x0042, 0x0042, 0x0042, 0x0042, 0x0042, 0x0042,
    0x0042, 0x0042, 0x0042, 0x0042, 0x0042, 0x0042, 0x0042, 0x0042, 0x0042, 0x0042, 0x0042, 0x0042,
    0x0042, 0x0042, 0x0042, 0x0042, 0x0042, 0x0042, 0x0042, 0x0042, 0x0042, 0x0042, 0x0042, 0x0042,
    0x0042, 0x0042, 0x0042, 0x0042, 0x0042, 0x0042, 0x0042, 0x0042, 0x0042, 0x0042, 0x0042, 0x0042,
    0x0042, 0x0042, 0x0042, 0x0042, 0x0042, 0x0042, 0x0042, 0x0042, 0x0042, 0x0042, 0x0042, 0x0042,
    0x0042, 0x0042, 0x0042, 0x0042, 0x14D9, 0x0DDF, 0x159F, 0x159F, 0x159F, 0x159F, 0x159F, 0x159F,
    0x159F, 0x159F, 0x159F, 0x159F, 0x159F, 0x159F, 0x157F, 0x157F, 0x157F, 0x157F, 0x0D7E, 0x0DFF,
    0x0AAE, 0x0042, 0x0042, 0x0042, 0x0042, 0x0042, 0x0042, 0x0042, 0x0042, 0x0908, 0x09EE, 0x0AB2,
    0x1396, 0x1439, 0x1459, 0x0C59, 0x1439, 0x1459, 0x1459, 0x13D7, 0x0B34, 0x0AB1, 0x0A0C, 0x08E6,
    0x0042, 0x0042, 0x0042, 0x0042, 0x0042, 0x0042, 0x0042, 0x0042, 0x0042, 0x0042, 0x0042, 0x0042,
    0x0042, 0x0042, 0x0042, 0x0042, 0x0042, 0x0042, 0x0042, 0x0042, 0x0042, 0x0042, 0x0042, 0x0042,
    0x0042, 0x0042, 0x0042, 0x0042, 0x0042, 0x0042, 0x0042, 0x0042, 0x0042, 0x0042, 0x0042, 0x0042,
    0x0042, 0x0042, 0x0042, 0x0042, 0x0042, 0x0042, 0x0042, 0x0042, 0x0042, 0x0042, 0x0042, 0x0042,
    0x0042, 0x0042, 0x0042, 0x0042, 0x0042, 0x0042, 0x0042, 0x0042, 0x0042, 0x0042, 0x0042, 0x0042,
    0x0042, 0x0042, 0x0042, 0x0042, 0x0042, 0x0042, 0x0042, 0x0042, 0x0042, 0x0042, 0x0042, 0x0042,
    0x0042, 0x0042, 0x0042, 0x0042, 0x0042, 0x0042, 0x0042, 0x0042, 0x0042, 0x0042, 0x0042, 0x0042,
    0x0042, 0x0042, 0x0042, 0x0042, 0x0042, 0x0042, 0x0042, 0x0042, 0x0042, 0x0042, 0x0042, 0x0042,
    0x0042, 0x0042, 0x0042, 0x0042, 0x0042, 0x0042, 0x0042, 0x0042, 0x0042, 0x0042, 0x0042, 0x0042,
    0x0042, 0x0042, 0x0042, 0x0042, 0x0042, 0x0042, 0x0042, 0x0042, 0x0042, 0x0042, 0x0042, 0x0042,
    0x0042, 0x0042, 0x0042, 0x14D9, 0x0DDF, 0x159F, 0x159F, 0x159F, 0x159F, 0x159F, 0x159F, 0x159F,
    0x159F, 0x159F, 0x159F, 0x159F, 0x157F, 0x157F, 0x157F, 0x157F, 0x157F, 0x157E, 0x0E1F, 0x0AAF,
    0x0042, 0x0042, 0x0042, 0x0042, 0x0042, 0x0908, 0x0A30, 0x1358, 0x143D, 0x149F, 0x14DF, 0x14FF,
    0x151F, 0x151F, 0x151F, 0x151F, 0x151F, 0x151F, 0x1D1F, 0x151F, 0x151F, 0x151F, 0x1CBE, 0x1BDA,
    0x12D2, 0x098A, 0x0042, 0x0042, 0x0042, 0x0042, 0x0042, 0x0042, 0x0042, 0x0042, 0x0042, 0x0042,
    0x0042, 0x0042, 0x0042, 0x0042, 0x0042, 0x0042, 0x0042, 0x0042, 0x0042, 0x0042, 0x0042, 0x0042,
    0x0042, 0x0042, 0x0042, 0x0042, 0x0042, 0x0042, 0x0042, 0x0042, 0x0042, 0x0042, 0x0042, 0x0042,
    0x0042, 0x0042, 0x0042, 0x0042, 0x0063, 0x1909, 0x29AF, 0x3232, 0x3A75, 0x3A96, 0x3A96, 0x3A95,
    0x3A95, 0x3A74, 0x3210, 0x29CE, 0x216A, 0x0884, 0x0042, 0x0042, 0x0042, 0x0042, 0x0042, 0x0042,
    0x0042, 0x0042, 0x0042, 0x0042, 0x0042, 0x0042, 0x0042, 0x0042, 0x0042, 0x0042, 0x0042, 0x0042,
    0x0042, 0x0042, 0x0042, 0x0042, 0x0042, 0x0042, 0x0042, 0x0042, 0x10A5, 0x18E8, 0x2109, 0x2109,
    0x2109, 0x10C6, 0x0043, 0x0042, 0x0042, 0x0042, 0x0042, 0x0042, 0x0042, 0x0042, 0x0042, 0x0042,
    0x0042, 0x0042, 0x0042, 0x0042, 0x0042, 0x0042, 0x0042, 0x0042, 0x0042, 0x0042, 0x0042, 0x0042,
    0x0042, 0x0042, 0x0042, 0x0042, 0x0042, 0x0042, 0x0042, 0x0042, 0x0042, 0x0042, 0x0042, 0x0042,
    0x0042, 0x0042, 0x14D9, 0x0DDF, 0x159F, 0x159F, 0x159F, 0x157F, 0x157F, 0x157F, 0x159F, 0x159F,
    0x159F, 0x159F, 0x159F, 0x157F, 0x157F, 0x157F, 0x157F, 0x157F, 0x157F, 0x0E1F, 0x0AD0, 0x0042,
    0x0042, 0x0042, 0x094B, 0x0A74, 0x135A, 0x13BC, 0x13FD, 0x141E, 0x143E, 0x1C7E, 0x1C9F, 0x1CBF,
    0x1CBF, 0x1CBF, 0x1CBF, 0x1CBF, 0x1CBF, 0x1CBF, 0x1CBF, 0x1CBF, 0x1CBF, 0x1CBF, 0x1CFF, 0x1D1F,
    0x1CFF, 0x1C5B, 0x1313, 0x0948, 0x0042, 0x0042, 0x0042, 0x0042, 0x0042, 0x0042, 0x0042, 0x0042,
    0x0042, 0x0042, 0x0042, 0x0042, 0x0042, 0x0042, 0x0042, 0x0042, 0x0042, 0x0042, 0x0042, 0x0042,
    0x0042, 0x0042, 0x0042, 0x0042, 0x0042, 0x0042, 0x0042, 0x0042, 0x0042, 0x0042, 0x0042, 0x0042,
    0x1908, 0x29F2, 0x42B9, 0x533C, 0x5B9F, 0x5BBF, 0x5BBF, 0x5BBF, 0x5B9F, 0x5B9F, 0x5B9F, 0x5B9F,
    0x5B9F, 0x63BF, 0x63DF, 0x6BDF, 0x639C, 0x5B38, 0x3A30, 0x10C6, 0x0042, 0x0042, 0x0042, 0x0042,
    0x0042, 0x0042, 0x0042, 0x0042, 0x0042, 0x0042, 0x0042, 0x0042, 0x0042, 0x0042, 0x0042, 0x0042,
    0x0042, 0x0042, 0x10A6, 0x296D, 0x4A13, 0x5AB8, 0x6B1B, 0x735D, 0x7B7E, 0x839E, 0x839E, 0x839E,
    0x7B7D, 0x733B, 0x7319, 0x62B5, 0x41CF, 0x20E9, 0x0042, 0x0042, 0x0042, 0x0042, 0x0042, 0x0042,
    0x0042, 0x0042, 0x0042, 0x0042, 0x0042, 0x0042, 0x0042, 0x0042, 0x0042, 0x0042, 0x0042, 0x0042,
    0x0042, 0x0042, 0x0042, 0x0042, 0x0042, 0x0042, 0x0042, 0x0042, 0x0042, 0x0042, 0x0042, 0x0042,
    0x0042, 0x14F9, 0x0DDF, 0x157F, 0x159F, 0x159F, 0x157F, 0x157F, 0x157F, 0x157F, 0x159F, 0x159F,
    0x159F, 0x157F, 0x157F, 0x157F, 0x157F, 0x157F, 0x157F, 0x157F, 0x0E1F, 0x0AAF, 0x0042, 0x094B,
    0x1233, 0x12D8, 0x1319, 0x1339, 0x137A, 0x13BC, 0x13FE, 0x145F, 0x147F, 0x1CBF, 0x1CBF, 0x14DF,
    0x14DF, 0x1CDF, 0x1CDF, 0x1CBF, 0x1CBF, 0x1CBF, 0x1CBF, 0x1CBF, 0x1CBF, 0x1CBF, 0x1C9F, 0x1CBF,
    0x1CDF, 0x1D1F, 0x1CFF, 0x13B7, 0x098A, 0x0042, 0x0042, 0x0042, 0x0042, 0x0042, 0x0042, 0x0042,
    0x0042, 0x0042, 0x0042, 0x0042, 0x0042, 0x0042, 0x0042, 0x0042, 0x0042, 0x0042, 0x0042, 0x0042,
    0x0042, 0x0042, 0x0042, 0x0042, 0x0042, 0x0042, 0x0042, 0x0042, 0x0043, 0x21AE, 0x42F9, 0x53BF,
    0x53BF, 0x53BF, 0x539F, 0x537F, 0x535F, 0x535F, 0x535F, 0x535F, 0x535F, 0x535F, 0x533F, 0x5B5F,
    0x5B5E, 0x5B5E, 0x5B7F, 0x639F, 0x6BDF, 0x741F, 0x73FD, 0x5B16, 0x298B, 0x0042, 0x0042, 0x0042,
    0x0042, 0x0042, 0x0042, 0x0042, 0x0042, 0x0042, 0x0042, 0x0042, 0x0042, 0x0042, 0x10C7, 0x39F0,
    0x5AF8, 0x739E, 0x7BBF, 0x7BBF, 0x7B9F, 0x7B9F, 0x7B7F, 0x7B7F, 0x7B7F, 0x7B7F, 0x837F, 0x839F,
    0x8BBF, 0x8BBF, 0x8BBF, 0x8BBF, 0x8BBE, 0x733A, 0x5232, 0x20E8, 0x0042, 0x0042, 0x0042, 0x0042,
    0x0042, 0x0042, 0x0042, 0x0042, 0x0042, 0x0042, 0x0042, 0x0042, 0x0042, 0x0042, 0x0042, 0x0042,
    0x0042, 0x0042, 0x0042, 0x0042, 0x0042, 0x0042, 0x0042, 0x0042, 0x0042, 0x0042, 0x0042, 0x0042,
    0x14FA, 0x0DDF, 0x157F, 0x159F, 0x157F, 0x157F, 0x157F, 0x157F, 0x157F, 0x157F, 0x157F, 0x157F,
    0x157F, 0x157F, 0x157F, 0x157F, 0x157F, 0x157F, 0x157F, 0x0E1F, 0x02F2, 0x092C, 0x1275, 0x0A95,
    0x12B6, 0x12F8, 0x133A, 0x137B, 0x13DC, 0x141E, 0x145F, 0x149F, 0x14BF, 0x1CBF, 0x1CDF, 0x14DF,
    0x1CBF, 0x1CDF, 0x1CDF, 0x1CBF, 0x1CBF, 0x1CBF, 0x1CBF, 0x1CBF, 0x1CBF, 0x1CBF, 0x1C9F, 0x1C9F,
    0x1C9F, 0x14BF, 0x1CFF, 0x1CFF, 0x13B8, 0x0929, 0x0042, 0x0042, 0x0042, 0x0042, 0x0042, 0x0042,
    0x0042, 0x0042, 0x0042, 0x0042, 0x0042, 0x0042, 0x0042, 0x0042, 0x0042, 0x0042, 0x0042, 0x0042,
    0x0042, 0x0042, 0x0042, 0x0042, 0x0042, 0x0042, 0x29B0, 0x431C, 0x4BBF, 0x4B9F, 0x4B5F, 0x4B5E,
    0x535E, 0x535F, 0x537F, 0x535F, 0x535F, 0x535F, 0x535F, 0x535F, 0x535F, 0x5B5F, 0x5B5F, 0x5B5F,
    0x5B5F, 0x5B7F, 0x5B7F, 0x637E, 0x637E, 0x637F, 0x6BDF, 0x741F, 0x5B38, 0x214B, 0x0042, 0x0042,
    0x0042, 0x0042, 0x0042, 0x0042, 0x0042, 0x0042, 0x0042, 0x18E9, 0x5295, 0x73BD, 0x7BFF, 0x7BBF,
    0x737F, 0x735F, 0x735F, 0x735E, 0x7B5E, 0x7B5F, 0x7B5F, 0x7B5F, 0x7B5F, 0x837F, 0x837F, 0x837F,
    0x837E, 0x837E, 0x835F, 0x8B5F, 0x8B9F, 0x9BFF, 0x93DE, 0x6AF7, 0x294B, 0x0042, 0x0042, 0x0042,
    0x0042, 0x0042, 0x0042, 0x0042, 0x0042, 0x0042, 0x0042, 0x0042, 0x0042, 0x0042, 0x0042, 0x0042,
    0x0042, 0x0042, 0x0042, 0x0042, 0x0042, 0x0042, 0x0042, 0x0042, 0x0042, 0x0042, 0x0042, 0x14FA,
    0x0DDF, 0x157F, 0x157F, 0x157F, 0x157F, 0x157F, 0x157F, 0x157F, 0x157F, 0x157F, 0x157F, 0x157F,
    0x157F, 0x157F, 0x157F, 0x157F, 0x157F, 0x157F, 0x0DFF, 0x0B96, 0x09B1, 0x0A33, 0x0A55, 0x12B7,
    0x12F8, 0x133A, 0x139B, 0x13DD, 0x141E, 0x145F, 0x149F, 0x14BF, 0x14BF, 0x14BF, 0x14BF, 0x1CBF,
    0x1CBF, 0x1CBF, 0x1CBF, 0x1CBF, 0x1CBF, 0x1CBF, 0x1CBF, 0x1CBF, 0x1CBF, 0x1C9F, 0x1C9F, 0x1C9F,
    0x1C9F, 0x1C9F, 0x149E, 0x151F, 0x1CDE, 0x12B2, 0x0042, 0x0042, 0x0042, 0x0042, 0x0042, 0x0042,
    0x0042, 0x0042, 0x0042, 0x0042, 0x0042, 0x0042, 0x0042, 0x0042, 0x0042, 0x0042, 0x0042, 0x0042,
    0x0042, 0x0042, 0x0042, 0x194C, 0x431A, 0x539F, 0x4B5F, 0x4B3E, 0x4B3E, 0x4B5F, 0x4B5F, 0x4B5F,
    0x535F, 0x535F, 0x535F, 0x535F, 0x535F, 0x535F, 0x535F, 0x535F, 0x5B5F, 0x5B5F, 0x5B5F, 0x5B5F,
    0x5B5F, 0x5B5F, 0x635F, 0x635F, 0x637F, 0x635E, 0x637E, 0x6BBF, 0x73FF, 0x4A95, 0x0043, 0x0042,
    0x0042, 0x0042, 0x0042, 0x0042, 0x0043, 0x4252, 0x73BE, 0x7BDF, 0x7BBF, 0x739E, 0x737E, 0x737F,
    0x7B7F, 0x7B7F, 0x7B5F, 0x7B5F, 0x7B5F, 0x7B5F, 0x7B5F, 0x7B5F, 0x835F, 0x835F, 0x835F, 0x835F,
    0x837F, 0x8B7F, 0x8B7F, 0x8B7F, 0x937E, 0x93BF, 0xA3FF, 0x9C1F, 0x6AD6, 0x20C8, 0x0042, 0x0042,
    0x0042, 0x0042, 0x0042, 0x0042, 0x0042, 0x0042, 0x0042, 0x0042, 0x0042, 0x0042, 0x0042, 0x0042,
    0x0042, 0x0042, 0x0042, 0x0042, 0x0042, 0x0042, 0x0042, 0x0042, 0x0042, 0x0042, 0x14D9, 0x0DBF,
    0x157F, 0x157F, 0x157F, 0x157F, 0x157F, 0x157F, 0x157F, 0x157F, 0x157F, 0x157F, 0x157F, 0x155F,
    0x155F, 0x155F, 0x155F, 0x155F, 0x155F, 0x0DFF, 0x0B76, 0x098F, 0x0A33, 0x0A55, 0x12B7, 0x1318,
    0x135A, 0x139B, 0x13DD, 0x141E, 0x145F, 0x1C9F, 0x1CBF, 0x1CBF, 0x1CBF, 0x1CBF, 0x1CBF, 0x1CBF,
    0x1CBF, 0x1CBF, 0x1CBF, 0x1CBF, 0x1CBF, 0x1CBF, 0x1CBF, 0x1CBF, 0x1C9F, 0x1C9F, 0x1C9F, 0x1C9F,
    0x1C9F, 0x1C7F, 0x1C7E, 0x1C9F, 0x1CFF, 0x13DA, 0x0109, 0x0042, 0x0042, 0x0042, 0x0042, 0x0042,
    0x0042, 0x0042, 0x0042, 0x0042, 0x0042, 0x0042, 0x0042, 0x0042, 0x0042, 0x0042, 0x0042, 0x0042,
    0x0042, 0x3255, 0x4B9F, 0x4B7F, 0x433E, 0x4B3F, 0x4B3F, 0x4B5F, 0x4B5F, 0x4B5F, 0x535F, 0x535F,
    0x535F, 0x535F, 0x535F, 0x535F, 0x535F, 0x535F, 0x535F, 0x5B5F, 0x5B5F, 0x5B5F, 0x5B5F, 0x5B5F,
    0x5B5F, 0x5B5F, 0x635F, 0x635F, 0x637F, 0x637F, 0x635E, 0x635E, 0x73DF, 0x635B, 0x1909, 0x0042,
    0x0042, 0x0042, 0x214B, 0x6B5B, 0x7BDF, 0x737E, 0x737E, 0x737F, 0x739F, 0x737F, 0x7B7F, 0x7B7F,
    0x7B7F, 0x7B5F, 0x7B5F, 0x7B5F, 0x7B5F, 0x7B5F, 0x7B5F, 0x835F, 0x835F, 0x835F, 0x837F, 0x8B7F,
    0x8B7F, 0x8B9F, 0x939F, 0x939F, 0x939F, 0x939E, 0x9BBE, 0xA3DF, 0x9BBE, 0x5211, 0x0042, 0x0042,
    0x0042, 0x0042, 0x0042, 0x0042, 0x0042, 0x0042, 0x0042, 0x0042, 0x0042, 0x0042, 0x0042, 0x0042,
    0x0042, 0x0042, 0x0042, 0x0042, 0x0042, 0x0042, 0x0042, 0x0042, 0x0042, 0x14D9, 0x0DBF, 0x155F,
    0x157F, 0x157F, 0x157F, 0x157F, 0x157F, 0x157F, 0x157F, 0x155F, 0x155F, 0x155F, 0x155F, 0x155F,
    0x155F, 0x155F, 0x155F, 0x155F, 0x15BF, 0x0B56, 0x098F, 0x0A33, 0x0A54, 0x12B7, 0x1319, 0x135A,
    0x139C, 0x13DD, 0x141E, 0x1C5F, 0x1C9F, 0x1CBF, 0x1CBF, 0x1CBF, 0x1CBF, 0x1CBF, 0x1CBF, 0x1CBF,
    0x1CBF, 0x1CBF, 0x1CBF, 0x1CBF, 0x1CBF, 0x1CBF, 0x1CBF, 0x1C9F, 0x1C9F, 0x1C9F, 0x1C9F, 0x1C9F,
    0x1C7F, 0x1C7F, 0x1C7F, 0x1C5F, 0x1CBF, 0x1C5F, 0x09EF, 0x0042, 0x0042, 0x0042, 0x0042, 0x0042,
    0x0042, 0x0042, 0x0042, 0x0042, 0x0042, 0x0042, 0x0042, 0x0042, 0x0042, 0x0042, 0x10C9, 0x42DB,
    0x4B7F, 0x4B1E, 0x431F, 0x4B3F, 0x4B3F, 0x4B5F, 0x4B5F, 0x4B5F, 0x535F, 0x535F, 0x535F, 0x535F,
    0x535F, 0x535F, 0x535F, 0x535F, 0x535F, 0x535F, 0x5B5F, 0x5B5F, 0x5B5F, 0x5B5F, 0x5B5F, 0x5B5F,
    0x5B5F, 0x635F, 0x635F, 0x635F, 0x635F, 0x635F, 0x635F, 0x633E, 0x6B7F, 0x6BBE, 0x29AE, 0x0042,
    0x4212, 0x73BF, 0x737F, 0x6B5E, 0x735F, 0x735F, 0x737F, 0x737F, 0x7B7F, 0x7B7F, 0x7B7F, 0x7B7F,
    0x7B5F, 0x7B5F, 0x7B5F, 0x7B5F, 0x7B5F, 0x835F, 0x835F, 0x835F, 0x835F, 0x8B5F, 0x8B7F, 0x8B7F,
    0x8B9F, 0x939F, 0x937F, 0x939F, 0x939F, 0x9B9F, 0x9B9E, 0x9B9F, 0xABFF, 0x7AF9, 0x18A6, 0x0042,
    0x0042, 0x0042, 0x0042, 0x0042, 0x0042, 0x0042, 0x0042, 0x0042, 0x0042, 0x0042, 0x0042, 0x0042,
    0x0042, 0x0042, 0x0042, 0x0042, 0x0042, 0x0042, 0x0042, 0x0042, 0x14DA, 0x0DBF, 0x155F, 0x155F,
    0x155F, 0x155F, 0x155F, 0x155F, 0x155F, 0x155F, 0x155F, 0x155F, 0x155F, 0x155F, 0x155F, 0x155F,
    0x155F, 0x155F, 0x153F, 0x159F, 0x0B36, 0x096F, 0x0A13, 0x0A54, 0x12B7, 0x1319, 0x135A, 0x139C,
    0x13DD, 0x1C1E, 0x1C5F, 0x1C9F, 0x1CBF, 0x1CBF, 0x1CBF, 0x1CBF, 0x1CBF, 0x1CBF, 0x1CBF, 0x1CBF,
    0x1CBF, 0x1CBF, 0x1CBF, 0x1CBF, 0x1CBF, 0x1C9F, 0x1C9F, 0x1C9F, 0x1C9F, 0x1C9F, 0x1C9F, 0x1C7F,
    0x1C7F, 0x1C7F, 0x1C7F, 0x1C5E, 0x1C5F, 0x1CBF, 0x12B3, 0x0042, 0x0042, 0x0042, 0x0042, 0x0042,
    0x0042, 0x0042, 0x0042, 0x0042, 0x0042, 0x0042, 0x0042, 0x0042, 0x216E, 0x4B1E, 0x433F, 0x42FE,
    0x4B1F, 0x431F, 0x433F, 0x4B3F, 0x4B5F, 0x4B5F, 0x4B5F, 0x4B5F, 0x535F, 0x535F, 0x535F, 0x535F,
    0x535F, 0x535F, 0x535F, 0x535F, 0x535F, 0x5B5F, 0x5B5F, 0x5B5F, 0x5B5F, 0x5B5F, 0x5B5F, 0x5B5F,
    0x635F, 0x635F, 0x635F, 0x635F, 0x635F, 0x633F, 0x635F, 0x631F, 0x633F, 0x637E, 0x5ADA, 0x739F,
    0x6B3F, 0x6B3F, 0x6B5F, 0x735F, 0x735F, 0x737F, 0x737F, 0x7B7F, 0x7B7F, 0x7B7F, 0x7B7F, 0x7B7F,
    0x7B5F, 0x7B5F, 0x7B5F, 0x7B5F, 0x835F, 0x835F, 0x835F, 0x835F, 0x8B5F, 0x8B7F, 0x8B7F, 0x8B7F,
    0x937F, 0x937F, 0x937F, 0x937F, 0x937F, 0x9B9F, 0x9B7F, 0x9B7E, 0xA3BF, 0x939C, 0x292B, 0x0042,
    0x0042, 0x0042, 0x0042, 0x0042, 0x0042, 0x0042, 0x0042, 0x0042, 0x0042, 0x0042, 0x0042, 0x0042,
    0x0042, 0x0042, 0x0042, 0x0042, 0x0042, 0x0042, 0x0042, 0x14DA, 0x0D9F, 0x155F, 0x155F, 0x155F,
    0x155F, 0x155F, 0x155F, 0x155F, 0x155F, 0x155F, 0x155F, 0x155F, 0x155F, 0x155F, 0x155F, 0x155F,
    0x155F, 0x153F, 0x159F, 0x0B16, 0x096F, 0x0A12, 0x0A54, 0x0AB7, 0x0AF9, 0x135A, 0x139C, 0x13DD,
    0x1C1E, 0x1C5F, 0x1C9F, 0x1CBF, 0x1CBF, 0x1CBF, 0x1CBF, 0x1CBF, 0x1CBF, 0x1CBF, 0x1CBF, 0x1CBF,
    0x1C9F, 0x1C9F, 0x1C9F, 0x1C9F, 0x1C9F, 0x1C9F, 0x1C9F, 0x1C9F, 0x1C9F, 0x1C7F, 0x1C7F, 0x1C7F,
    0x1C7F, 0x1C7F, 0x1C5F, 0x1C5F, 0x1C3F, 0x1CDF, 0x1315, 0x0042, 0x0042, 0x0042, 0x0042, 0x0042,
    0x0042, 0x0042, 0x0042, 0x0042, 0x0042, 0x0042, 0x2190, 0x433F, 0x42FE, 0x42FE, 0x431F, 0x431F,
    0x431F, 0x4B3F, 0x4B3F, 0x4B3F, 0x4B3F, 0x4B3F, 0x4B5F, 0x535F, 0x535F, 0x535F, 0x535F, 0x535F,
    0x535F, 0x535F, 0x535F, 0x5B5F, 0x5B5F, 0x5B5F, 0x5B5F, 0x5B5F, 0x5B5F, 0x5B5F, 0x5B5F, 0x5B5F,
    0x635F, 0x635F, 0x635F, 0x635F, 0x633F, 0x633F, 0x633F, 0x631F, 0x631F, 0x6B3F, 0x631F, 0x6B1F,
    0x6B3F, 0x6B3F, 0x735F, 0x735F, 0x737F, 0x737F, 0x7B7F, 0x7B7F, 0x7B7F, 0x7B7F, 0x7B7F, 0x7B5F,
    0x7B5F, 0x7B5F, 0x835F, 0x835F, 0x835F, 0x835F, 0x835F, 0x8B5F, 0x8B7F, 0x8B7F, 0x8B7F, 0x937F,
    0x937F, 0x937F, 0x937F, 0x937F, 0x937F, 0x935F, 0x9B7F, 0x935E, 0x9B7F, 0x9BBE, 0x396D, 0x0042,
    0x0042, 0x0042, 0x0042, 0x0042, 0x0042, 0x0042, 0x0042, 0x0042, 0x0042, 0x0042, 0x0042, 0x0042,
    0x0042, 0x0042, 0x0042, 0x0042, 0x0042, 0x0042, 0x14BA, 0x159F, 0x155F, 0x155F, 0x155F, 0x155F,
    0x155F, 0x155F, 0x155F, 0x155F, 0x155F, 0x155F, 0x155F, 0x153F, 0x153F, 0x153F, 0x153F, 0x153F,
    0x153F, 0x157F, 0x0B15, 0x096E, 0x09F2, 0x0A34, 0x0A96, 0x0AF8, 0x133A, 0x139C, 0x13DD, 0x1C1E,
    0x1C5F, 0x1C9F, 0x1CBF, 0x1CBF, 0x1CBF, 0x1CBF, 0x1CBF, 0x1CBF, 0x1CBF, 0x1CBF, 0x1C9F, 0x1C9F,
    0x1C9F, 0x1C9F, 0x1C9F, 0x1C9F, 0x1C7F, 0x1C7F, 0x1C7F, 0x1C7F, 0x1C7F, 0x1C7F, 0x1C7F, 0x1C5F,
    0x1C5F, 0x1C5F, 0x1C3F, 0x1C3F, 0x1C3E, 0x1CBF, 0x1315, 0x0042, 0x0042, 0x0042, 0x0042, 0x0042,
    0x0042, 0x0042, 0x0042, 0x0042, 0x196F, 0x431E, 0x3ADD, 0x42DE, 0x42FF, 0x431F, 0x431F, 0x431F,
    0x431F, 0x4B3F, 0x4B3F, 0x4B3F, 0x4B3F, 0x4B5F, 0x535F, 0x535F, 0x535F, 0x535F, 0x535F, 0x5B5F,
    0x5B5F, 0x5B5F, 0x5B5F, 0x5B5F, 0x5B5F, 0x5B5F, 0x5B5F, 0x5B5F, 0x5B5F, 0x5B3F, 0x5B3F, 0x5B3F,
    0x633F, 0x633F, 0x633F, 0x633F, 0x633F, 0x633F, 0x633F, 0x631F, 0x631F, 0x6B3F, 0x6B3F, 0x6B3F,
    0x6B3F, 0x735F, 0x735F, 0x735F, 0x735F, 0x7B7F, 0x7B7F, 0x7B5F, 0x7B5F, 0x7B5F, 0x7B5F, 0x7B5F,
    0x835F, 0x835F, 0x835F, 0x835F, 0x835F, 0x835F, 0x8B5F, 0x8B7F, 0x8B7F, 0x8B7F, 0x937F, 0x937F,
    0x937F, 0x937F, 0x937F, 0x937F, 0x935F, 0x935F, 0x9B5F, 0x9B5E, 0x9B7F, 0xA3BF, 0x396D, 0x0042,
    0x0042, 0x0042, 0x0042, 0x0042, 0x0042, 0x0042, 0x0042, 0x0042, 0x0042, 0x0042, 0x0042, 0x0042,
    0x0042, 0x0042, 0x0042, 0x0042, 0x0042, 0x14B9, 0x159F, 0x155F, 0x155F, 0x155F, 0x155F, 0x155F,
    0x155F, 0x155F, 0x155F, 0x155F, 0x155F, 0x153F, 0x153F, 0x153F, 0x153F, 0x153F, 0x153F, 0x151F,
    0x157F, 0x0B15, 0x094E, 0x09F2, 0x0A33, 0x0A96, 0x0AD8, 0x133A, 0x137C, 0x13DD, 0x1C1E, 0x1C5F,
    0x1C9F, 0x1CBF, 0x1CBF, 0x1CBF, 0x1CBF, 0x1CBF, 0x1CBF, 0x1CBF, 0x1CBF, 0x1C9F, 0x1C9F, 0x1C9F,
    0x1C9F, 0x1C9F, 0x1C9F, 0x1C7F, 0x1C7F, 0x1C7F, 0x1C7F, 0x1C7F, 0x1C7F, 0x1C7F, 0x1C5F, 0x1C5F,
    0x1C5F, 0x1C3F, 0x1C3F, 0x1C3F, 0x1C3E, 0x1C9F, 0x12B3, 0x0042, 0x0042, 0x0042, 0x0042, 0x0042,
    0x0042, 0x0042, 0x10EB, 0x3ADD, 0x3ABD, 0x3ABE, 0x42DE, 0x42DE, 0x42FF, 0x42FF, 0x431F, 0x431F,
    0x4B1F, 0x4B3F, 0x4B3F, 0x4B3F, 0x4B5F, 0x533F, 0x535F, 0x535F, 0x535F, 0x535F, 0x535F, 0x5B5F,
    0x5B5F, 0x5B5F, 0x5B5F, 0x5B5F, 0x5B5F, 0x5B5F, 0x5B5F, 0x5B5F, 0x5B3F, 0x5B3F, 0x633F, 0x633F,
    0x633F, 0x633F, 0x633F, 0x633F, 0x633F, 0x633F, 0x633F, 0x6B1F, 0x6B3F, 0x6B3F, 0x6B3F, 0x6B3F,
    0x735F, 0x735F, 0x735F, 0x735F, 0x7B5F, 0x7B5F, 0x7B5F, 0x7B7F, 0x7B5F, 0x7B5F, 0x835F, 0x835F,
    0x835F, 0x835F, 0x835F, 0x835F, 0x8B5F, 0x8B5F, 0x8B7F, 0x8B7F, 0x8B7F, 0x937F, 0x937F, 0x937F,
    0x937F, 0x937F, 0x937F, 0x935F, 0x9B5F, 0x9B5F, 0x9B5F, 0x9B5F, 0xA35F, 0xA39E, 0x312C, 0x0042,
    0x0042, 0x0042, 0x0042, 0x0042, 0x0042, 0x0042, 0x0042, 0x0042, 0x0042, 0x0042, 0x0042, 0x0042,
    0x0042, 0x0042, 0x0042, 0x0042, 0x14B9, 0x0D9F, 0x153F, 0x155F, 0x155F, 0x155F, 0x155F, 0x155F,
    0x153F, 0x153F, 0x153F, 0x153F, 0x1D3F, 0x1D3F, 0x153F, 0x153F, 0x153F, 0x153F, 0x151F, 0x157F,
    0x0B15, 0x014E, 0x09F1, 0x0A13, 0x0A75, 0x0AD8, 0x133A, 0x137B, 0x13BD, 0x1C1E, 0x1C5F, 0x1C9F,
    0x1CBF, 0x1CBF, 0x1CBF, 0x1CBF, 0x1CBF, 0x1CBF, 0x1CBF, 0x1CBF, 0x1C9F, 0x1C9F, 0x1C9F, 0x1C9F,
    0x1C9F, 0x1C7F, 0x1C7F, 0x1C7F, 0x1C7F, 0x1C7F, 0x1C5F, 0x1C5F, 0x1C5F, 0x1C5F, 0x1C5F, 0x1C5F,
    0x1C3F, 0x1C3F, 0x1C3F, 0x1C3F, 0x1C1E, 0x1C9F, 0x0A50, 0x0042, 0x0042, 0x0042, 0x0042, 0x0042,
    0x0888, 0x3A7A, 0x329C, 0x3A9C, 0x3ABD, 0x3ADE, 0x42DE, 0x42FE, 0x42FF, 0x42FF, 0x431F, 0x4B1F,
    0x4B1F, 0x4B3F, 0x4B3F, 0x4B3F, 0x533F, 0x533F, 0x535F, 0x535F, 0x535F, 0x535F, 0x5B5F, 0x5B5F,
    0x5B5F, 0x5B5F, 0x5B5F, 0x5B5F, 0x5B5F, 0x5B3F, 0x5B3F, 0x5B3F, 0x633F, 0x633F, 0x633F, 0x633F,
    0x633F, 0x633F, 0x633F, 0x633F, 0x633F, 0x6B3F, 0x6B3F, 0x6B3F, 0x6B3F, 0x6B3F, 0x6B3F, 0x733F,
    0x735F, 0x735F, 0x735F, 0x7B5F, 0x7B5F, 0x7B5F, 0x7B5F, 0x7B5F, 0x835F, 0x835F, 0x835F, 0x835F,
    0x835F, 0x835F, 0x835F, 0x8B5F, 0x8B5F, 0x8B5F, 0x8B5F, 0x937F, 0x937F, 0x937F, 0x937F, 0x937F,
    0x937F, 0x937F, 0x937F, 0x9B7F, 0x9B5F, 0x9B5F, 0x9B5F, 0x9B7E, 0xAB9F, 0x9B9D, 0x18A7, 0x0042,
    0x0042, 0x0042, 0x0042, 0x0042, 0x0042, 0x0042, 0x0042, 0x0042, 0x0042, 0x0042, 0x0042, 0x0042,
    0x0042, 0x0042, 0x0042, 0x14B9, 0x0D9F, 0x153F, 0x155F, 0x153F, 0x153F, 0x153F, 0x153F, 0x153F,
    0x153F, 0x153F, 0x153F, 0x1D3F, 0x1D3F, 0x153F, 0x153F, 0x1D3F, 0x1D3F, 0x151F, 0x157F, 0x0B15,
    0x014E, 0x09F2, 0x0A33, 0x0A75, 0x0AD8, 0x133A, 0x137B, 0x13BD, 0x1BFE, 0x1C5F, 0x1C7F, 0x1C9F,
    0x1CBF, 0x1CBF, 0x1CBF, 0x1CBF, 0x1C9F, 0x1C9F, 0x1C9F, 0x1C9F, 0x1C9F, 0x1C9F, 0x1C7F, 0x1C7F,
    0x1C7F, 0x1C7F, 0x1C7F, 0x1C7F, 0x1C5F, 0x1C5F, 0x1C5F, 0x1C5F, 0x1C5F, 0x1C5F, 0x1C3F, 0x1C3F,
    0x1C3F, 0x1C3F, 0x1C3F, 0x1C3F, 0x1C3F, 0x1C9F, 0x09CE, 0x0042, 0x0042, 0x0042, 0x0042, 0x29D5,
    0x3A7C, 0x325B, 0x3A9C, 0x3A9D, 0x3ABD, 0x3ADE, 0x42DE, 0x42FE, 0x42FF, 0x42FF, 0x4B1F, 0x4B1F,
    0x4B3F, 0x4B3F, 0x4B3F, 0x533F, 0x533F, 0x535F, 0x535F, 0x535F, 0x535F, 0x5B5F, 0x5B5F, 0x5B5F,
    0x5B5F, 0x5B5F, 0x5B5F, 0x5B3F, 0x5B3F, 0x5B3F, 0x5B3F, 0x633F, 0x633F, 0x633F, 0x633F, 0x633F,
    0x633F, 0x633F, 0x633F, 0x633F, 0x6B3F, 0x6B3F, 0x6B3F, 0x6B3F, 0x6B3F, 0x6B3F, 0x6B3F, 0x733F,
    0x733F, 0x733F, 0x735F, 0x7B5F, 0x7B5F, 0x7B5F, 0x7B5F, 0x835F, 0x835F, 0x835F, 0x835F, 0x835F,
    0x835F, 0x835F, 0x8B5F, 0x8B5F, 0x8B5F, 0x8B5F, 0x8B5F, 0x935F, 0x935F, 0x935F, 0x937F, 0x937F,
    0x937F, 0x9B7F, 0x9B7F, 0x9B7F, 0x9B7F, 0x9B7F, 0xA39F, 0xA37E, 0xABDF, 0x8319, 0x0042, 0x0042,
    0x0042, 0x0042, 0x0042, 0x0042, 0x0042, 0x0042, 0x0042, 0x0042, 0x0042, 0x0042, 0x0042, 0x0042,
    0x0042, 0x0042, 0x1499, 0x0D7F, 0x153F, 0x153F, 0x153F, 0x153F, 0x153F, 0x153F, 0x153F, 0x153F,
    0x153F, 0x153F, 0x153F, 0x151F, 0x151F, 0x151F, 0x1D1F, 0x1D1F, 0x151F, 0x157F, 0x0B16, 0x014E,
    0x09F2, 0x0A33, 0x0A76, 0x0AD8, 0x133A, 0x137B, 0x13BD, 0x1BFE, 0x1C3F, 0x1C7F, 0x1C9F, 0x1CBF,
    0x1CBF, 0x1CBF, 0x1CBF, 0x1C9F, 0x1C9F, 0x1C9F, 0x1C9F, 0x1C9F, 0x1C7F, 0x1C7F, 0x1C7F, 0x1C7F,
    0x1C5F, 0x1C5F, 0x1C5F, 0x1C5F, 0x1C5F, 0x1C5F, 0x1C5F, 0x1C5F, 0x1C3F, 0x1C3F, 0x1C3F, 0x1C3F,
    0x1C3F, 0x1C3F, 0x1C3F, 0x243E, 0x245F, 0x247F, 0x0929, 0x0042, 0x0042, 0x192E, 0x3A3B, 0x323A,
    0x327B, 0x327C, 0x3A9D, 0x3ABD, 0x3ABE, 0x42DE, 0x42FE, 0x42FF, 0x4AFF, 0x4B1F, 0x4B1F, 0x4B1F,
    0x4B3F, 0x4B3F, 0x533F, 0x533F, 0x535F, 0x535F, 0x535F, 0x535F, 0x5B5F, 0x5B5F, 0x5B3F, 0x5B3F,
    0x5B3F, 0x5B3F, 0x5B3F, 0x5B3F, 0x5B3F, 0x5B3F, 0x633F, 0x633F, 0x633F, 0x633F, 0x633F, 0x633F,
    0x633F, 0x633F, 0x633F, 0x6B3F, 0x6B3F, 0x6B3F, 0x6B3F, 0x6B3F, 0x6B3F, 0x733F, 0x733F, 0x733F,
    0x733F, 0x733F, 0x7B3F, 0x7B5F, 0x7B5F, 0x7B5F, 0x835F, 0x835F, 0x835F, 0x835F, 0x835F, 0x8B5F,
    0x8B5F, 0x8B5F, 0x8B5F, 0x8B5F, 0x8B5F, 0x8B5F, 0x935F, 0x935F, 0x935F, 0x935F, 0x935F, 0x9B5F,
    0x9B5F, 0x9B7F, 0x9B7F, 0x9B7F, 0x9B7F, 0xA37F, 0xA37F, 0xA35F, 0xB3DF, 0x5A11, 0x0042, 0x0042,
    0x0042, 0x0042, 0x0042, 0x0042, 0x0042, 0x0042, 0x0042, 0x0042, 0x0042, 0x0042, 0x0042, 0x0042,
    0x0042, 0x1499, 0x0D7F, 0x153F, 0x153F, 0x153F, 0x153F, 0x153F, 0x153F, 0x153F, 0x153F, 0x153F,
    0x153F, 0x151F, 0x151F, 0x151F, 0x151F, 0x1D1F, 0x1D1F, 0x151F, 0x157F, 0x0B16, 0x016E, 0x09F2,
    0x0A34, 0x0A76, 0x0AD8, 0x131A, 0x137B, 0x13BC, 0x13FE, 0x1C3F, 0x1C7F, 0x1C9F, 0x1C9F, 0x1CBF,
    0x1CBF, 0x1C9F, 0x1C9F, 0x1C9F, 0x1C9F, 0x1C9F, 0x1C9F, 0x1C7F, 0x1C7F, 0x1C7F, 0x1C7F, 0x1C5F,
    0x1C5F, 0x1C5F, 0x1C5F, 0x1C5F, 0x1C3F, 0x1C3F, 0x1C3F, 0x1C3F, 0x1C3F, 0x1C3F, 0x1C3F, 0x1C3F,
    0x1C3F, 0x1C3F, 0x243F, 0x1C3E, 0x1C9F, 0x1BBA, 0x0042, 0x08A7, 0x29F7, 0x31F9, 0x3239, 0x325A,
    0x327B, 0x327C, 0x3A9D, 0x3ABD, 0x42BE, 0x42DE, 0x42FE, 0x42FF, 0x4B1F, 0x4B1F, 0x4B1F, 0x4B3F,
    0x4B3F, 0x533F, 0x533F, 0x533F, 0x535F, 0x535F, 0x535F, 0x5B5F, 0x5B3F, 0x5B3F, 0x5B3F, 0x5B3F,
    0x5B3F, 0x5B3F, 0x5B3F, 0x5B3F, 0x5B3F, 0x633F, 0x633F, 0x633F, 0x633F, 0x633F, 0x633F, 0x633F,
    0x633F, 0x6B3F, 0x6B3F, 0x6B3F, 0x6B3F, 0x6B3F, 0x6B3F, 0x6B3F, 0x733F, 0x733F, 0x733F, 0x733F,
    0x733F, 0x7B3F, 0x7B3F, 0x7B5F, 0x7B5F, 0x835F, 0x835F, 0x835F, 0x835F, 0x835F, 0x8B5F, 0x8B5F,
    0x8B5F, 0x8B5F, 0x8B5F, 0x8B5F, 0x8B5F, 0x935F, 0x935F, 0x935F, 0x935F, 0x935F, 0x9B5F, 0x9B5F,
    0x9B7F, 0x9B7F, 0x9B7F, 0x9B7F, 0xA37F, 0xA37F, 0xA39E, 0xA39E, 0xA3DE, 0x20E8, 0x0042, 0x0042,
    0x0042, 0x0042, 0x0042, 0x0042, 0x0042, 0x0042, 0x0042, 0x0042, 0x0042, 0x0042, 0x0042, 0x0042,
    0x1499, 0x0D7F, 0x151F, 0x153F, 0x153F, 0x153F, 0x153F, 0x153F, 0x151F, 0x151F, 0x151F, 0x151F,
    0x151F, 0x151F, 0x151F, 0x151F, 0x1D1F, 0x1D1F, 0x151F, 0x157F, 0x0B16, 0x096F, 0x09F2, 0x0A34,
    0x0A96, 0x0AD8, 0x133A, 0x137B, 0x13BC, 0x13FE, 0x1C3F, 0x1C7F, 0x1C9F, 0x1C9F, 0x1C9F, 0x1C9F,
    0x1C9F, 0x1C9F, 0x1C9F, 0x1C9F, 0x1C7F, 0x1C7F, 0x1C7F, 0x1C7F, 0x1C5F, 0x1C5F, 0x1C5F, 0x1C5F,
    0x1C5F, 0x1C3F, 0x1C3F, 0x1C3F, 0x1C3F, 0x1C3F, 0x1C3F, 0x1C3F, 0x1C3F, 0x1C3F, 0x1C3F, 0x1C3F,
    0x1C3F, 0x1C3F, 0x1C3F, 0x243E, 0x24BF, 0x0A52, 0x110D, 0x29F8, 0x29D7, 0x2A18, 0x3239, 0x323A,
    0x325B, 0x3A7C, 0x3A9D, 0x42BE, 0x42DE, 0x42FE, 0x4AFF, 0x4B1F, 0x4B1F, 0x4B1F, 0x4B3F, 0x533F,
    0x533F, 0x533F, 0x533F, 0x533F, 0x533F, 0x533F, 0x5B3F, 0x5B3F, 0x5B3F, 0x5B3F, 0x5B3F, 0x5B3F,
    0x5B3F, 0x5B3F, 0x5B3F, 0x633F, 0x633F, 0x633F, 0x633F, 0x633F, 0x633F, 0x633F, 0x633F, 0x633F,
    0x6B3F, 0x6B3F, 0x6B3F, 0x6B3F, 0x6B3F, 0x6B3F, 0x6B3F, 0x733F, 0x733F, 0x733F, 0x733F, 0x733F,
    0x7B3F, 0x7B3F, 0x7B5F, 0x835F, 0x835F, 0x835F, 0x835F, 0x835F, 0x835F, 0x8B5F, 0x8B5F, 0x8B5F,
    0x8B5F, 0x8B5F, 0x8B3F, 0x8B3F, 0x933F, 0x933F, 0x933F, 0x935F, 0x935F, 0x9B5F, 0x9B5F, 0x9B5F,
    0x9B7F, 0x9B7F, 0x9B7F, 0x9B7F, 0xA37F, 0xA39F, 0xA39E, 0xB3BF, 0x7AB7, 0x0042, 0x0042, 0x0042,
    0x0042, 0x0042, 0x0042, 0x0042, 0x0042, 0x0042, 0x0042, 0x0042, 0x0042, 0x0042, 0x0042, 0x1499,
    0x0D7F, 0x151F, 0x153F, 0x151F, 0x151F, 0x151F, 0x151F, 0x151F, 0x151F, 0x151F, 0x151F, 0x151F,
    0x151F, 0x151F, 0x151F, 0x1D1F, 0x1D1F, 0x151F, 0x157F, 0x0B16, 0x096F, 0x0A13, 0x0A34, 0x0A97,
    0x0AD8, 0x0B3A, 0x137B, 0x13BC, 0x13FE, 0x143F, 0x1C7F, 0x1C9F, 0x1C9F, 0x1C9F, 0x1C9F, 0x1C9F,
    0x1C9F, 0x1C9F, 0x1C9F, 0x1C7F, 0x1C7F, 0x1C7F, 0x1C5F, 0x1C5F, 0x1C5F, 0x1C5F, 0x1C5F, 0x1C3F,
    0x1C3F, 0x1C3F, 0x1C3F, 0x1C3F, 0x1C3F, 0x1C3F, 0x1C1F, 0x1C1F, 0x1C3F, 0x1C3F, 0x1C3F, 0x1C3F,
    0x1C3F, 0x241F, 0x241F, 0x243F, 0x1C1E, 0x19F4, 0x2195, 0x21B6, 0x29D7, 0x29F8, 0x2A19, 0x325B,
    0x3A7C, 0x3A9C, 0x429D, 0x42DE, 0x42DE, 0x4AFF, 0x4B1F, 0x4B1F, 0x4B1F, 0x533F, 0x533F, 0x533F,
    0x533F, 0x533F, 0x533F, 0x533F, 0x533F, 0x5B3F, 0x5B3F, 0x5B3F, 0x5B3F, 0x5B3F, 0x5B3F, 0x5B3F,
    0x5B3F, 0x5B3F, 0x633F, 0x633F, 0x631F, 0x631F, 0x631F, 0x631F, 0x631F, 0x631F, 0x633F, 0x6B3F,
    0x6B3F, 0x6B3F, 0x6B3F, 0x6B3F, 0x6B3F, 0x6B3F, 0x731F, 0x731F, 0x733F, 0x733F, 0x7B3F, 0x7B3F,
    0x7B3F, 0x7B5F, 0x7B5F, 0x835F, 0x835F, 0x835F, 0x835F, 0x835F, 0x8B5F, 0x8B5F, 0x8B5F, 0x8B5F,
    0x8B3F, 0x8B3F, 0x8B3F, 0x933F, 0x933F, 0x933F, 0x933F, 0x935F, 0x9B5F, 0x9B5F, 0x9B5F, 0x9B5F,
    0x9B7F, 0x9B7F, 0x9B7F, 0xA37F, 0xA37F, 0xA37F, 0xA37F, 0xB3BF, 0x312B, 0x0042, 0x0042, 0x0042,
    0x0042, 0x0042, 0x0042, 0x0042, 0x0042, 0x0042, 0x0042, 0x0042, 0x0042, 0x0042, 0x1479, 0x155F,
    0x151F, 0x151F, 0x151F, 0x151F, 0x151F, 0x151F, 0x151F, 0x1D1F, 0x151F, 0x151F, 0x14FF, 0x1CFF,
    0x14FF, 0x14FF, 0x1CFF, 0x1CFF, 0x1CFF, 0x1D7F, 0x0B16, 0x016F, 0x0A13, 0x0A55, 0x0A97, 0x0AD8,
    0x0B1A, 0x135B, 0x13BD, 0x13FE, 0x143E, 0x147F, 0x1C7F, 0x1C7F, 0x1C7F, 0x1C9F, 0x1C7E, 0x1C7E,
    0x1C7F, 0x1C7F, 0x1C7F, 0x1C7F, 0x1C5F, 0x1C5F, 0x1C5F, 0x1C3F, 0x1C3F, 0x1C3F, 0x1C3F, 0x1C3F,
    0x1C3F, 0x1C1F, 0x1C1F, 0x1C1F, 0x1C1F, 0x1C1F, 0x1C1F, 0x1C1F, 0x1C1F, 0x1C1F, 0x1C1F, 0x241F,
    0x243F, 0x241F, 0x241F, 0x247F, 0x1B3B, 0x1973, 0x21B5, 0x21D6, 0x29F7, 0x2A18, 0x323A, 0x325B,
    0x3A7C, 0x3A9D, 0x42BD, 0x42DE, 0x4AFE, 0x4AFF, 0x4B1F, 0x531F, 0x533F, 0x533F, 0x533F, 0x533F,
    0x533F, 0x533F, 0x533F, 0x533F, 0x5B3F, 0x5B3F, 0x5B3F, 0x5B3F, 0x5B3F, 0x5B3F, 0x5B3F, 0x5B1F,
    0x5B1F, 0x5B1F, 0x631F, 0x631F, 0x631F, 0x631F, 0x631F, 0x631F, 0x631F, 0x6B1F, 0x6B1F, 0x6B3F,
    0x6B3F, 0x6B3F, 0x6B3F, 0x6B3F, 0x733F, 0x733F, 0x731F, 0x733F, 0x733F, 0x733F, 0x7B3F, 0x7B3F,
    0x7B3F, 0x7B5F, 0x835F, 0x835F, 0x835F, 0x835F, 0x8B5F, 0x8B5F, 0x8B5F, 0x8B3F, 0x8B3F, 0x8B3F,
    0x8B3F, 0x933F, 0x933F, 0x933F, 0x933F, 0x933F, 0x933F, 0x9B3F, 0x9B5F, 0x9B5F, 0x9B5F, 0x9B5F,
    0x9B7F, 0xA35F, 0xA35F, 0xA37F, 0xA37F, 0xA37F, 0xABBF, 0x82B8, 0x0042, 0x0042, 0x0042, 0x0042,
    0x0042, 0x0042, 0x0042, 0x0042, 0x0042, 0x0042, 0x0042, 0x0042, 0x0042, 0x1479, 0x155F, 0x151F,
    0x151F, 0x151F, 0x151F, 0x151F, 0x151F, 0x1D1F, 0x1D1F, 0x14FF, 0x14FF, 0x14FF, 0x14FF, 0x14FF,
    0x14FF, 0x1CFF, 0x1CFF, 0x1CFF, 0x1D5F, 0x0AF6, 0x016F, 0x0A13, 0x0A55, 0x0A97, 0x0AD9, 0x0B3A,
    0x135B, 0x139D, 0x13DD, 0x141E, 0x1C5F, 0x1C9F, 0x1CDF, 0x1CFF, 0x1CFF, 0x24FF, 0x1CFF, 0x1CDF,
    0x1C9F, 0x1C5F, 0x1C5F, 0x1C5F, 0x1C5F, 0x1C3F, 0x1C3F, 0x1C3F, 0x1C3F, 0x1C3F, 0x1C3F, 0x1C1F,
    0x1C1F, 0x1C1F, 0x1C1F, 0x1C1F, 0x1C1F, 0x1C1F, 0x1C1F, 0x1C1F, 0x1C1F, 0x1C1F, 0x1C1F, 0x1C1F,
    0x241F, 0x241F, 0x241F, 0x241F, 0x19F5, 0x2173, 0x21B5, 0x29D6, 0x29F7, 0x3219, 0x323A, 0x3A5B,
    0x3A7C, 0x429D, 0x42BE, 0x42DE, 0x4AFE, 0x4B1F, 0x531F, 0x533F, 0x533F, 0x533F, 0x533F, 0x533F,
    0x533F, 0x533F, 0x533F, 0x5B3F, 0x5B3F, 0x5B3F, 0x5B3F, 0x5B3F, 0x5B1F, 0x5B1F, 0x5B1F, 0x5B1F,
    0x5B1F, 0x5B1F, 0x631F, 0x631F, 0x631F, 0x631F, 0x631F, 0x631F, 0x631F, 0x6B1F, 0x6B1F, 0x6B1F,
    0x6B3F, 0x6B3F, 0x6B3F, 0x733F, 0x733F, 0x733F, 0x733F, 0x733F, 0x7B3F, 0x7B3F, 0x7B3F, 0x7B3F,
    0x7B5F, 0x835F, 0x835F, 0x835F, 0x835F, 0x835F, 0x8B5F, 0x8B5F, 0x8B3F, 0x8B3F, 0x8B3F, 0x8B3F,
    0x933F, 0x933F, 0x933F, 0x933F, 0x933F, 0x933F, 0x9B3F, 0x9B5F, 0x9B5F, 0x9B5F, 0x9B5F, 0x9B5F,
    0xA35F, 0xA35F, 0xA35F, 0xA35F, 0xA39F, 0xA39E, 0xB3BF, 0x30E9, 0x0042, 0x0042, 0x0042, 0x0042,
    0x0042, 0x0042, 0x0042, 0x0042, 0x0042, 0x0042, 0x0042, 0x0042, 0x1479, 0x155F, 0x14FF, 0x151F,
    0x14FF, 0x14FF, 0x14FF, 0x14FF, 0x14FF, 0x14FF, 0x14FF, 0x14FF, 0x14FF, 0x14FF, 0x14FF, 0x14FF,
    0x1CDF, 0x1CFF, 0x1CDF, 0x1D3F, 0x0AF5, 0x016F, 0x09F2, 0x0A34, 0x0A97, 0x0AF9, 0x0B3A, 0x135B,
    0x137C, 0x13FE, 0x1C7F, 0x1C5E, 0x1BB9, 0x1315, 0x12B2, 0x0A2E, 0x0A4F, 0x12D2, 0x1B77, 0x1C1C,
    0x1CBF, 0x1CBF, 0x1C5F, 0x1C3E, 0x1C3F, 0x1C3F, 0x1C3F, 0x1C1F, 0x1C1F, 0x1C1F, 0x1C1F, 0x1C1F,
    0x1C1F, 0x1C1F, 0x1C1F, 0x1C1F, 0x1C1F, 0x1C1F, 0x1C1F, 0x1C1F, 0x1C1F, 0x1C1F, 0x1C1F, 0x1C1F,
    0x241F, 0x241F, 0x245F, 0x1AFB, 0x1952, 0x21B4, 0x21B5, 0x29D6, 0x29F8, 0x321A, 0x325B, 0x3A7C,
    0x3A9C, 0x42BD, 0x42DE, 0x4AFE, 0x4AFF, 0x4B1F, 0x533F, 0x533F, 0x533F, 0x533F, 0x533F, 0x533F,
    0x533F, 0x5B3F, 0x5B3F, 0x5B3F, 0x5B1F, 0x5B1F, 0x5B1F, 0x5B1F, 0x5B1F, 0x5B1F, 0x5B1F, 0x5B1F,
    0x631F, 0x631F, 0x631F, 0x631F, 0x631F, 0x631F, 0x631F, 0x631F, 0x631F, 0x6B1F, 0x6B1F, 0x6B1F,
    0x6B1F, 0x6B1F, 0x733F, 0x733F, 0x733F, 0x733F, 0x733F, 0x733F, 0x7B3F, 0x7B1F, 0x7B1F, 0x7B3F,
    0x7B3F, 0x833F, 0x833F, 0x833F, 0x833F, 0x8B3F, 0x8B3F, 0x8B3F, 0x8B3F, 0x8B3F, 0x8B3F, 0x933F,
    0x933F, 0x933F, 0x933F, 0x9B3F, 0x9B3F, 0x9B5F, 0x9B5F, 0x9B5F, 0x9B5F, 0x9B5F, 0x9B5F, 0x9B5F,
    0xA35F, 0xA35F, 0xA35F, 0xA37F, 0xA37E, 0xB3BF, 0x6A54, 0x0042, 0x0042, 0x0042, 0x0042, 0x0042,
    0x0042, 0x0042, 0x0042, 0x0042, 0x0042, 0x0042, 0x0042, 0x1479, 0x155F, 0x14FF, 0x14FF, 0x14FF,
    0x14FF, 0x14FF, 0x14FF, 0x14FF, 0x14FF, 0x14FF, 0x14FF, 0x14FF, 0x14DF, 0x14DF, 0x14DF, 0x1CDF,
    0x1CDF, 0x14DF, 0x1D3F, 0x0AD5, 0x014E, 0x09F2, 0x0A34, 0x0A96, 0x0AF9, 0x0B1A, 0x137C, 0x141E,
    0x139A, 0x0A50, 0x00E7, 0x0042, 0x0042, 0x0042, 0x0042, 0x0042, 0x0042, 0x0042, 0x0042, 0x096A,
    0x12F4, 0x1C3C, 0x1C9F, 0x1C3E, 0x1C1F, 0x1C1F, 0x1C1F, 0x1C1F, 0x1C1F, 0x1C1F, 0x1C1F, 0x1C1F,
    0x1C1F, 0x1C1F, 0x1C1F, 0x1C1F, 0x1C1F, 0x1C1F, 0x1C1F, 0x1C1F, 0x1C1F, 0x1BFF, 0x1C1F, 0x241F,
    0x241F, 0x241F, 0x23FE, 0x19B4, 0x2173, 0x21B5, 0x29D6, 0x29F7, 0x2A19, 0x323A, 0x3A5B, 0x3A7C,
    0x429D, 0x42BE, 0x4ADE, 0x4AFE, 0x4B1F, 0x531F, 0x531F, 0x533F, 0x533F, 0x533F, 0x533F, 0x5B1F,
    0x5B1F, 0x5B1F, 0x5B1F, 0x5AFF, 0x5B1F, 0x5B1F, 0x5B1F, 0x5B1F, 0x5B1F, 0x5B1F, 0x631F, 0x631F,
    0x62FF, 0x62FF, 0x631F, 0x631F, 0x631F, 0x631F, 0x631F, 0x631F, 0x6B1F, 0x6B1F, 0x6B1F, 0x6B1F,
    0x6B1F, 0x733F, 0x733F, 0x733F, 0x733F, 0x733F, 0x731F, 0x731F, 0x7B1F, 0x7B1F, 0x7B1F, 0x7B1F,
    0x7AFF, 0x7B1F, 0x831F, 0x831F, 0x831F, 0x831F, 0x8B1F, 0x8B1F, 0x8B3F, 0x933F, 0x933F, 0x933F,
    0x933F, 0x935F, 0x9B5F, 0x9B5F, 0x9B5F, 0x9B5F, 0x9B3F, 0x9B3F, 0x9B3F, 0x9B3F, 0x9B3F, 0x9B3F,
    0xA35F, 0xA35F, 0xA35F, 0xA35F, 0xAB7F, 0x9B5C, 0x0864, 0x0042, 0x0042, 0x0042, 0x0042, 0x0042,
    0x0042, 0x0042, 0x0042, 0x0042, 0x0042, 0x0042, 0x1479, 0x153F, 0x14FF, 0x14FF, 0x14FF, 0x14FF,
    0x14FF, 0x14FF, 0x1CFF, 0x1CFF, 0x14FF, 0x1CFF, 0x1CDF, 0x1CDF, 0x14DF, 0x14DF, 0x1CDF, 0x14DF,
    0x14DF, 0x151F, 0x0AB4, 0x012E, 0x09D1, 0x0A33, 0x0A76, 0x0AD8, 0x137C, 0x0B7B, 0x01CE, 0x0043,
    0x0042, 0x0042, 0x0042, 0x0042, 0x0042, 0x0042, 0x0042, 0x0042, 0x0042, 0x0042, 0x0042, 0x0042,
    0x0084, 0x12B2, 0x1C3E, 0x1C3F, 0x1BFE, 0x1C1F, 0x1C1F, 0x1C1F, 0x1C1F, 0x1C1F, 0x1C1F, 0x1C1F,
    0x1C1F, 0x1C1F, 0x1C1F, 0x1C1F, 0x1C1F, 0x1C1F, 0x1BFF, 0x1BFF, 0x1BFF, 0x1C1F, 0x241F, 0x23FF,
    0x23FF, 0x245F, 0x1A98, 0x2152, 0x21B5, 0x21B6, 0x29D7, 0x29F8, 0x3239, 0x3A5B, 0x3A7C, 0x429D,
    0x42BD, 0x42BE, 0x4ADE, 0x4AFF, 0x52FF, 0x531F, 0x531F, 0x531F, 0x533F, 0x5B7F, 0x637F, 0x637F,
    0x5B5F, 0x635F, 0x5B3F, 0x5B1F, 0x5AFF, 0x5B1F, 0x5B1F, 0x5AFF, 0x5AFF, 0x62FF, 0x62FF, 0x62FF,
    0x631F, 0x631F, 0x631F, 0x631F, 0x62FF, 0x631F, 0x631F, 0x6B1F, 0x6B1F, 0x6B1F, 0x6B1F, 0x731F,
    0x733F, 0x733F, 0x733F, 0x733F, 0x731F, 0x731F, 0x731F, 0x72FF, 0x72FF, 0x72FE, 0x7B1F, 0x833F,
    0x833F, 0x833F, 0x833F, 0x8B3F, 0x8B3F, 0x8B1F, 0x8B1F, 0x933F, 0x933F, 0x935F, 0x935F, 0x933F,
    0x9B5F, 0x9B5F, 0x9B5F, 0x9B5F, 0x9B5F, 0x9B3F, 0x9B3F, 0x9B3F, 0x9B3F, 0x9B3F, 0xA33F, 0xA33F,
    0xA33F, 0xA33F, 0xA33F, 0xA33E, 0xB3BF, 0x394C, 0x0042, 0x0042, 0x0042, 0x0042, 0x0042, 0x0042,
    0x0042, 0x0042, 0x0042, 0x0042, 0x0042, 0x1459, 0x153F, 0x14FF, 0x14FF, 0x14FF, 0x14FF, 0x14FF,
    0x14FF, 0x14FF, 0x14FF, 0x1CFF, 0x1CFF, 0x1CDF, 0x1CDF, 0x14DF, 0x14DF, 0x14DF, 0x14DF, 0x14BF,
    0x151F, 0x0AB4, 0x012D, 0x09D1, 0x0A13, 0x1255, 0x131A, 0x0A95, 0x0064, 0x0042, 0x0042, 0x0042,
    0x0042, 0x0042, 0x0042, 0x0042, 0x0042, 0x0042, 0x0042, 0x0042, 0x0042, 0x0042, 0x0042, 0x0042,
    0x0021, 0x012A, 0x13DB, 0x1C5F, 0x1BFE, 0x1C1F, 0x1C1F, 0x1C1F, 0x1C1F, 0x1C1F, 0x1C1F, 0x1C1F,
    0x1C1F, 0x1C1F, 0x1BFF, 0x1BFF, 0x1BFF, 0x1BFF, 0x1BFF, 0x1BFF, 0x241F, 0x241F, 0x23FF, 0x23FF,
    0x243F, 0x1B7C, 0x1972, 0x2194, 0x21B5, 0x29D7, 0x29F8, 0x3239, 0x3A5A, 0x3A7B, 0x429C, 0x429D,
    0x42BE, 0x4ADE, 0x4AFF, 0x4AFF, 0x4AFE, 0x4AFE, 0x535F, 0x5B5E, 0x42B8, 0x31F3, 0x296F, 0x296F,
    0x2991, 0x4277, 0x5B5E, 0x633F, 0x5AFF, 0x5AFF, 0x5AFF, 0x5AFF, 0x62FF, 0x62FF, 0x62FF, 0x62FF,
    0x62FF, 0x62FF, 0x62FF, 0x62FF, 0x62FF, 0x62FF, 0x6B1F, 0x6B1F, 0x6B1F, 0x6B1F, 0x731F, 0x733F,
    0x731F, 0x731F, 0x731F, 0x731F, 0x731F, 0x72FF, 0x72DE, 0x7AFF, 0x835F, 0x62B8, 0x49D2, 0x314D,
    0x20CA, 0x28EB, 0x416F, 0x6255, 0x831D, 0x935F, 0x933F, 0x933F, 0x935F, 0x935F, 0x9B5F, 0x9B5F,
    0x9B5F, 0x9B5F, 0x9B5F, 0x9B5F, 0x9B3F, 0x9B3F, 0x9B3F, 0x9B3F, 0x9B3F, 0xA33F, 0xA33F, 0xA33F,
    0xA33F, 0xA33F, 0xA33E, 0xB3BF, 0x6A34, 0x0042, 0x0042, 0x0042, 0x0042, 0x0042, 0x0042, 0x0042,
    0x0042, 0x0042, 0x0042, 0x0042, 0x1459, 0x153F, 0x14DF, 0x14DF, 0x14DF, 0x14DF, 0x14DF, 0x14DF,
    0x14DF, 0x14DF, 0x1CDF, 0x1CDF, 0x1CDF, 0x1CDF, 0x1CDF, 0x1CDF, 0x14DF, 0x14DF, 0x14BE, 0x151F,
    0x0AB4, 0x012D, 0x09D1, 0x09F2, 0x1297, 0x09F1, 0x0042, 0x0042, 0x0042, 0x0042, 0x0042, 0x0042,
    0x0042, 0x0042, 0x0042, 0x0042, 0x0042, 0x0042, 0x0042, 0x0042, 0x0042, 0x0042, 0x0042, 0x0042,
    0x0041, 0x0084, 0x13BA, 0x1C5F, 0x1BFE, 0x1C1F, 0x1C1F, 0x1C1F, 0x1C1F, 0x1BFF, 0x1BFF, 0x1BFF,
    0x1BFF, 0x1BFF, 0x1BFF, 0x1BFF, 0x1BFF, 0x1BFF, 0x1BFF, 0x23FF, 0x23FF, 0x23FF, 0x23FF, 0x1BFF,
    0x1BFF, 0x19D4, 0x2173, 0x21B5, 0x29B6, 0x29F7, 0x3219, 0x3A5A, 0x3A7B, 0x427C, 0x429D, 0x4ABE,
    0x4ADE, 0x4ADE, 0x52FF, 0x4ADE, 0x5B5F, 0x42B7, 0x18E9, 0x0042, 0x0042, 0x0042, 0x0042, 0x0042,
    0x0042, 0x10C8, 0x4277, 0x635F, 0x5AFF, 0x5AFF, 0x62FF, 0x631F, 0x631F, 0x62FF, 0x62FF, 0x62FF,
    0x62FF, 0x62FF, 0x62FF, 0x62FF, 0x62FF, 0x6AFF, 0x6AFF, 0x6B1F, 0x6B1F, 0x6B1F, 0x731F, 0x731F,
    0x731F, 0x731F, 0x7B1F, 0x7B3F, 0x7B1E, 0x833F, 0x72DB, 0x312C, 0x0042, 0x0021, 0x0021, 0x0042,
    0x0042, 0x0042, 0x0042, 0x18A7, 0x6255, 0x9B9F, 0x9B5F, 0x9B5F, 0x9B5F, 0x9B5F, 0x9B5F, 0x9B5F,
    0x9B3F, 0x9B3F, 0x9B3F, 0x9B3F, 0x9B3F, 0x9B3F, 0x9B3F, 0x9B3F, 0x9B3F, 0xA33F, 0xA33F, 0xA33F,
    0xA33F, 0xA33F, 0xAB7F, 0x8B1A, 0x0042, 0x0042, 0x0042, 0x0042, 0x0042, 0x0042, 0x0042, 0x0042,
    0x0042, 0x0042, 0x0042, 0x1459, 0x151F, 0x14DF, 0x14DF, 0x14DF, 0x14DF, 0x14DF, 0x14DF, 0x14DF,
    0x14DF, 0x14DF, 0x14DF, 0x14DF, 0x1CDF, 0x1CDF, 0x1CDF, 0x14DF, 0x14BF, 0x14BE, 0x14FF, 0x0AB4,
    0x012D, 0x09B0, 0x1234, 0x098F, 0x0042, 0x0042, 0x0042, 0x0042, 0x0042, 0x0042, 0x0042, 0x0042,
    0x0042, 0x0042, 0x0042, 0x0042, 0x0042, 0x0042, 0x0042, 0x0042, 0x0042, 0x0042, 0x0042, 0x0042,
    0x0042, 0x00A6, 0x1BFC, 0x1C5F, 0x241F, 0x241F, 0x241F, 0x1BFF, 0x1BFF, 0x1BFF, 0x1BFF, 0x1BFF,
    0x1BFF, 0x1BFF, 0x1BFF, 0x1BFF, 0x1BFF, 0x23FF, 0x23FF, 0x23FF, 0x23FF, 0x23FF, 0x1BFF, 0x243F,
    0x1A76, 0x2151, 0x2194, 0x21B5, 0x29D7, 0x3218, 0x323A, 0x3A5B, 0x427C, 0x429D, 0x4ABD, 0x4ADE,
    0x52FE, 0x52DF, 0x5B5F, 0x3A13, 0x0042, 0x0042, 0x0042, 0x0042, 0x0042, 0x0042, 0x0042, 0x0042,
    0x0042, 0x0042, 0x31D2, 0x635F, 0x62FF, 0x62FF, 0x62FF, 0x62FF, 0x62FF, 0x62FF, 0x62FF, 0x62FF,
    0x62FF, 0x62FF, 0x62FF, 0x62FF, 0x6AFF, 0x6AFF, 0x6B1F, 0x6B1F, 0x6B1F, 0x731F, 0x731F, 0x731F,
    0x733F, 0x7B3F, 0x7B3F, 0x837F, 0x6298, 0x0043, 0x0042, 0x0042, 0x0042, 0x0042, 0x0042, 0x0042,
    0x0042, 0x0042, 0x0042, 0x0042, 0x49B0, 0x9B9F, 0x9B5F, 0x9B5F, 0x9B5F, 0x9B5F, 0x9B5F, 0x9B3F,
    0x9B3F, 0x9B3F, 0x9B3F, 0x9B3F, 0x9B3F, 0x9B3F, 0x9B3F, 0x9B3F, 0xA33F, 0xA33F, 0xA33F, 0xA33F,
    0xA35E, 0xA37F, 0xA37E, 0x18C7, 0x0042, 0x0042, 0x0042, 0x0042, 0x0042, 0x0042, 0x0042, 0x0042,
    0x0042, 0x0042, 0x1439, 0x151F, 0x14DF, 0x14DF, 0x14DF, 0x14DF, 0x14DF, 0x14DF, 0x14DF, 0x14DF,
    0x14DF, 0x14DF, 0x1CDF, 0x1CBF, 0x14BF, 0x14BF, 0x1CBF, 0x1CBF, 0x14BF, 0x14FF, 0x0AD5, 0x012D,
    0x09D2, 0x098F, 0x0042, 0x0042, 0x0042, 0x0042, 0x0042, 0x0042, 0x0042, 0x0042, 0x0042, 0x0042,
    0x0042, 0x0042, 0x0042, 0x0042, 0x0042, 0x0042, 0x0042, 0x0042, 0x0042, 0x0042, 0x0042, 0x0042,
    0x0042, 0x014B, 0x1C5F, 0x241E, 0x241E, 0x23FF, 0x1BFF, 0x1BFF, 0x1BFF, 0x1BFF, 0x1BFF, 0x1BDF,
    0x1BDF, 0x1BDF, 0x1BFF, 0x1BFF, 0x23FF, 0x23FF, 0x23FF, 0x23FF, 0x23FF, 0x23DF, 0x243F, 0x231A,
    0x1951, 0x2194, 0x2195, 0x29D6, 0x29F8, 0x3239, 0x3A5A, 0x3A7C, 0x429D, 0x4ABD, 0x4ADE, 0x52DE,
    0x5B3F, 0x3A56, 0x0042, 0x0042, 0x0042, 0x0042, 0x0042, 0x0042, 0x0042, 0x0042, 0x0042, 0x0042,
    0x0042, 0x0042, 0x3A15, 0x633F, 0x62DF, 0x62FF, 0x62FF, 0x62FF, 0x62FF, 0x62FF, 0x62FF, 0x62FF,
    0x62FF, 0x62FF, 0x62FF, 0x6AFF, 0x6AFF, 0x6AFF, 0x6AFF, 0x6B1F, 0x731F, 0x731F, 0x733F, 0x7B5F,
    0x7B3F, 0x835F, 0x6ADA, 0x0043, 0x0042, 0x0042, 0x0042, 0x0042, 0x0042, 0x0042, 0x0042, 0x0042,
    0x0042, 0x0042, 0x0042, 0x0042, 0x5212, 0xA3BF, 0x9B5F, 0x9B5F, 0x9B5F, 0x9B5F, 0x9B3F, 0x9B3F,
    0x9B3F, 0x9B3F, 0x9B3F, 0x9B3F, 0x9B3F, 0x9B3F, 0x9B3F, 0xA33F, 0xA33F, 0xA33F, 0xA33F, 0xA33E,
    0xA35E, 0xAB9F, 0x396C, 0x0042, 0x0042, 0x0042, 0x0042, 0x0042, 0x0042, 0x0042, 0x0042, 0x0042,
    0x0042, 0x1439, 0x151F, 0x14BF, 0x14DF, 0x14BF, 0x14BF, 0x14DF, 0x14DF, 0x14DF, 0x14BF, 0x14BF,
    0x14BF, 0x1CBF, 0x1CBF, 0x14BF, 0x14BF, 0x1CBF, 0x1CBF, 0x14BF, 0x151F, 0x0AD5, 0x012D, 0x09B1,
    0x0043, 0x0042, 0x0042, 0x0042, 0x0042, 0x0042, 0x0042, 0x0042, 0x0042, 0x0042, 0x0042, 0x0042,
    0x0042, 0x0042, 0x0042, 0x0042, 0x0042, 0x0042, 0x0042, 0x0042, 0x0042, 0x0042, 0x0042, 0x0042,
    0x0042, 0x1273, 0x1C7F, 0x23FF, 0x23FF, 0x1BFF, 0x1BFF, 0x1BFF, 0x1BFF, 0x1BDF, 0x1BDF, 0x1BDF,
    0x1BDF, 0x1BFF, 0x1BFF, 0x23FF, 0x23FF, 0x23FF, 0x23FF, 0x23FF, 0x23FF, 0x241F, 0x239D, 0x1972,
    0x2173, 0x2194, 0x21B6, 0x29D7, 0x3218, 0x3A3A, 0x3A7B, 0x429C, 0x4ABD, 0x4ADE, 0x531F, 0x531C,
    0x0865, 0x0042, 0x0042, 0x0042, 0x0042, 0x0042, 0x0042, 0x0042, 0x0042, 0x0042, 0x0042, 0x0042,
    0x0042, 0x0043, 0x52DB, 0x62FF, 0x5ADF, 0x5ADF, 0x62FF, 0x62FF, 0x62FF, 0x62FF, 0x62FF, 0x62FF,
    0x62FF, 0x62FF, 0x6AFF, 0x6AFF, 0x6AFF, 0x6AFF, 0x6B1F, 0x731F, 0x731F, 0x733F, 0x7B5E, 0x835F,
    0x7B5F, 0x20CA, 0x0042, 0x0042, 0x0042, 0x0042, 0x0042, 0x0042, 0x0042, 0x0042, 0x0042, 0x0042,
    0x0042, 0x0042, 0x0042, 0x0042, 0x82FA, 0xA37F, 0x9B3F, 0x9B5F, 0x9B3F, 0x9B3F, 0x9B3F, 0x9B3F,
    0x9B3F, 0x9B3F, 0x9B3F, 0x9B3F, 0x9B3F, 0x9B3F, 0xA33F, 0xA33F, 0xA33F, 0xA33F, 0xA33E, 0xA33E,
    0xB39F, 0x51F0, 0x0042, 0x0042, 0x0042, 0x0042, 0x0042, 0x0042, 0x0042, 0x0042, 0x0042, 0x0042,
    0x1439, 0x0CFF, 0x14BF, 0x14BF, 0x14BF, 0x14BF, 0x14BF, 0x14BF, 0x14BF, 0x14BF, 0x14BF, 0x14BF,
    0x1CBF, 0x1CBF, 0x14BF, 0x14BF, 0x1CBF, 0x1CBF, 0x149F, 0x151F, 0x0AD5, 0x094E, 0x00E9, 0x0042,
    0x0042, 0x0042, 0x0042, 0x0042, 0x0042, 0x0042, 0x0042, 0x0042, 0x0042, 0x0042, 0x0042, 0x0042,
    0x0042, 0x0042, 0x0042, 0x0042, 0x0042, 0x0042, 0x0042, 0x0042, 0x0042, 0x0042, 0x0042, 0x0042,
    0x0064, 0x13FD, 0x1C3F, 0x23FF, 0x23DF, 0x1BDF, 0x1BDF, 0x1BDF, 0x1BDF, 0x1BDF, 0x1BDF, 0x23DF,
    0x23FF, 0x23FF, 0x23FF, 0x23FF, 0x23FF, 0x23FF, 0x23FF, 0x23FF, 0x23FF, 0x23DE, 0x19B3, 0x2152,
    0x2194, 0x21B5, 0x29D7, 0x31F8, 0x3239, 0x3A5B, 0x427C, 0x42BD, 0x4ABD, 0x533F, 0x29D1, 0x0042,
    0x0042, 0x0042, 0x0042, 0x0042, 0x0042, 0x0042, 0x0042, 0x0042, 0x0042, 0x0042, 0x0042, 0x0042,
    0x0042, 0x3190, 0x633F, 0x5ADE, 0x5ADF, 0x5ADF, 0x62DF, 0x62DF, 0x62FF, 0x62FF, 0x62FF, 0x62FF,
    0x62FF, 0x6AFF, 0x6AFF, 0x6AFF, 0x6AFF, 0x6AFF, 0x72FF, 0x72FF, 0x731F, 0x7B3E, 0x835F, 0x5256,
    0x0042, 0x0042, 0x0042, 0x0042, 0x0042, 0x0042, 0x0042, 0x0042, 0x0042, 0x0042, 0x0042, 0x0042,
    0x0042, 0x0042, 0x0042, 0x394D, 0x9B7F, 0x9B3E, 0x9B3F, 0x9B3F, 0x9B1F, 0x9B1F, 0x9B3F, 0x9B3F,
    0x9B3F, 0x9B3F, 0x9B3F, 0xA33F, 0xA33F, 0xA33F, 0xA33F, 0xA33F, 0xA33F, 0xA33F, 0xA33E, 0xB39F,
    0x6212, 0x0042, 0x0042, 0x0042, 0x0042, 0x0042, 0x0042, 0x0042, 0x0042, 0x0042, 0x0042, 0x1419,
    0x0CFF, 0x14BF, 0x14BF, 0x14BF, 0x14BF, 0x14BF, 0x14BF, 0x14BF, 0x1CBF, 0x14BF, 0x14BF, 0x1CBF,
    0x1CBF, 0x14BF, 0x149F, 0x1C9F, 0x1C9F, 0x149F, 0x14FF, 0x0AF6, 0x090B, 0x0042, 0x0042, 0x0042,
    0x0042, 0x0042, 0x0042, 0x0042, 0x0042, 0x0042, 0x0042, 0x0042, 0x0042, 0x0042, 0x0042, 0x0042,
    0x0042, 0x0042, 0x0042, 0x0042, 0x0042, 0x0042, 0x0042, 0x0042, 0x0042, 0x0042, 0x0042, 0x0042,
    0x0A73, 0x145F, 0x23DE, 0x23DF, 0x1BDF, 0x1BDF, 0x1BDF, 0x1BDF, 0x1BDF, 0x23DF, 0x23DF, 0x23DF,
    0x23DF, 0x23DF, 0x23DF, 0x23DF, 0x23DF, 0x23FF, 0x23DF, 0x23FF, 0x241F, 0x1A15, 0x1931, 0x2193,
    0x2195, 0x29D6, 0x29F7, 0x3219, 0x3A3A, 0x3A5B, 0x429C, 0x4A9E, 0x4ADD, 0x10A7, 0x0042, 0x0042,
    0x0042, 0x0042, 0x0042, 0x0042, 0x0042, 0x0042, 0x0042, 0x0042, 0x0042, 0x0042, 0x0042, 0x0042,
    0x10A7, 0x5B1D, 0x5ADE, 0x5ADF, 0x5ADF, 0x5ADF, 0x62DF, 0x62DF, 0x62FF, 0x62FF, 0x62FF, 0x62FF,
    0x6AFF, 0x6AFF, 0x6AFF, 0x6AFF, 0x6AFF, 0x6AFF, 0x72FF, 0x72FF, 0x72FF, 0x833F, 0x212B, 0x0042,
    0x0042, 0x0042, 0x0042, 0x0042, 0x0042, 0x0042, 0x0042, 0x0042, 0x0042, 0x0042, 0x0042, 0x0042,
    0x0042, 0x0042, 0x0042, 0x8AFC, 0x9B3F, 0x9B1E, 0x9B1F, 0x9B1F, 0x9B1F, 0x9B1F, 0x9B3F, 0x9B3F,
    0x9B3F, 0xA33F, 0xA33F, 0xA33F, 0xA33F, 0xA33F, 0xA33F, 0xA33F, 0xA33F, 0xA33E, 0xB37F, 0x6A34,
    0x0042, 0x0042, 0x0042, 0x0042, 0x0042, 0x0042, 0x0042, 0x0042, 0x0042, 0x0042, 0x1419, 0x0CFF,
    0x149F, 0x14BF, 0x14BF, 0x14BF, 0x14BF, 0x14BF, 0x1CBF, 0x1CBF, 0x14BF, 0x14BF, 0x1C9F, 0x1C9F,
    0x149F, 0x149F, 0x1C9F, 0x1C9F, 0x149F, 0x14FF, 0x0B36, 0x0085, 0x0042, 0x0042, 0x0042, 0x0042,
    0x0042, 0x0042, 0x0042, 0x0042, 0x0042, 0x0042, 0x0042, 0x0042, 0x0042, 0x0042, 0x0042, 0x0042,
    0x0042, 0x0042, 0x0042, 0x0042, 0x0042, 0x0042, 0x0042, 0x0042, 0x0042, 0x0042, 0x0042, 0x0929,
    0x143F, 0x1BDE, 0x23DF, 0x1BDF, 0x1BDF, 0x1BDF, 0x1BDF, 0x1BDF, 0x23DF, 0x23DF, 0x23DF, 0x23DF,
    0x23DF, 0x23DF, 0x23DF, 0x23DF, 0x23DF, 0x23DF, 0x23DF, 0x243F, 0x2277, 0x1930, 0x2173, 0x2194,
    0x29B5, 0x29D7, 0x3218, 0x3A3A, 0x3A5B, 0x427C, 0x4ABE, 0x4278, 0x0042, 0x0042, 0x0042, 0x0042,
    0x0042, 0x0042, 0x0042, 0x0042, 0x0042, 0x0042, 0x0042, 0x0042, 0x0042, 0x0042, 0x0042, 0x0042,
    0x529A, 0x62FF, 0x5ADE, 0x5ADF, 0x5ADF, 0x62DF, 0x62DF, 0x62FF, 0x62FF, 0x62FF, 0x6AFF, 0x6AFF,
    0x6AFF, 0x6AFF, 0x6AFF, 0x6AFF, 0x6AFF, 0x72FF, 0x72DF, 0x72DF, 0x72FC, 0x0884, 0x0042, 0x0042,
    0x0042, 0x0042, 0x0042, 0x0042, 0x0042, 0x0042, 0x0042, 0x0042, 0x0042, 0x0042, 0x0042, 0x0042,
    0x0042, 0x0042, 0x6A36, 0x9B1F, 0x92FE, 0x92FF, 0x9AFF, 0x9B1F, 0x9B1F, 0x9B1F, 0x9B3F, 0xA33F,
    0xA33F, 0xA33F, 0xA33F, 0xA33F, 0xA33F, 0xA33F, 0xA33F, 0xA33F, 0xA33E, 0xB35F, 0x7A96, 0x0042,
    0x0042, 0x0042, 0x0042, 0x0042, 0x0042, 0x0042, 0x0042, 0x0042, 0x0042, 0x1419, 0x14FF, 0x149F,
    0x149F, 0x149F, 0x149F, 0x149F, 0x149F, 0x1C9F, 0x1CBF, 0x14BF, 0x149F, 0x149F, 0x149F, 0x149F,
    0x149F, 0x1C9F, 0x149F, 0x147F, 0x14FF, 0x0B15, 0x0042, 0x0042, 0x0042, 0x0042, 0x0042, 0x0042,
    0x0042, 0x0042, 0x0042, 0x0042, 0x0042, 0x0042, 0x0042, 0x0042, 0x0042, 0x0042, 0x0042, 0x0042,
    0x0042, 0x0042, 0x0042, 0x0042, 0x0042, 0x0042, 0x0042, 0x0042, 0x0042, 0x0042, 0x0042, 0x139B,
    0x1BFF, 0x1BBF, 0x1BDF, 0x1BDF, 0x1BDF, 0x1BDF, 0x1BDF, 0x1BDF, 0x23DF, 0x23DF, 0x23DF, 0x23DF,
    0x23DF, 0x23DF, 0x23DF, 0x23DF, 0x23DF, 0x23DF, 0x243F, 0x22B9, 0x1910, 0x2173, 0x2194, 0x29B5,
    0x29D6, 0x31F8, 0x3A39, 0x3A5B, 0x3A7B, 0x4ABE, 0x31F4, 0x0042, 0x0042, 0x0042, 0x0042, 0x0042,
    0x0042, 0x0042, 0x0042, 0x0042, 0x0042, 0x0042, 0x0042, 0x0042, 0x0042, 0x0042, 0x0042, 0x4216,
    0x62FF, 0x5ABF, 0x5ADF, 0x5ADF, 0x62DF, 0x62DF, 0x62FF, 0x62FF, 0x62FF, 0x6AFF, 0x6AFF, 0x6AFF,
    0x6AFF, 0x6AFF, 0x6AFF, 0x6AFF, 0x6ADF, 0x6ADE, 0x72FF, 0x5A98, 0x0042, 0x0042, 0x0042, 0x0042,
    0x0042, 0x0042, 0x0042, 0x0042, 0x0042, 0x0042, 0x0042, 0x0042, 0x0042, 0x0042, 0x0042, 0x0042,
    0x0042, 0x4991, 0x9B1F, 0x92DE, 0x92FF, 0x92FF, 0x9AFF, 0x9B1F, 0x9B1F, 0x9B1F, 0xA33F, 0xA33F,
    0xA33F, 0xA33F, 0xA33F, 0xA33F, 0xA33F, 0xA33F, 0xA33F, 0xA33E, 0xAB5F, 0x8298, 0x0042, 0x0042,
    0x0042, 0x0042, 0x0042, 0x0042, 0x0042, 0x0042, 0x0042, 0x0042, 0x1419, 0x0CDF, 0x149F, 0x149F,
    0x149F, 0x149F, 0x149F, 0x149F, 0x1C9F, 0x1C9F, 0x149F, 0x149F, 0x1C9F, 0x147F, 0x147F, 0x147F,
    0x147F, 0x147F, 0x145E, 0x14FF, 0x0A92, 0x0042, 0x0042, 0x0042, 0x0042, 0x0042, 0x0042, 0x0042,
    0x0042, 0x0042, 0x0042, 0x0042, 0x0042, 0x0042, 0x0042, 0x0042, 0x0042, 0x0042, 0x0042, 0x0042,
    0x0042, 0x0042, 0x0042, 0x0042, 0x0042, 0x0042, 0x0042, 0x0042, 0x0042, 0x0042, 0x12B5, 0x1C1F,
    0x1BBF, 0x1BBF, 0x1BDF, 0x1BDF, 0x1BBF, 0x1BBF, 0x23DF, 0x23BF, 0x23BF, 0x23DF, 0x23DF, 0x23DF,
    0x23DF, 0x23DF, 0x23DF, 0x23DF, 0x23DF, 0x241F, 0x22F9, 0x1910, 0x2173, 0x2194, 0x21B5, 0x29D6,
    0x31F8, 0x3219, 0x3A3A, 0x3A5B, 0x4ABE, 0x2990, 0x0042, 0x0042, 0x0042, 0x0042, 0x0042, 0x0042,
    0x0042, 0x0042, 0x0042, 0x0042, 0x0042, 0x0042, 0x0042, 0x0042, 0x0042, 0x0042, 0x4215, 0x631F,
    0x5ABF, 0x5ADF, 0x5ADF, 0x62DF, 0x62DF, 0x62DF, 0x62FF, 0x62FF, 0x6AFF, 0x6AFF, 0x6AFF, 0x6AFF,
    0x6AFF, 0x6AFF, 0x6AFF, 0x6ADF, 0x6ABE, 0x72FF, 0x5A57, 0x0042, 0x0042, 0x0042, 0x0042, 0x0042,
    0x0042, 0x0042, 0x0042, 0x0042, 0x0042, 0x0042, 0x0042, 0x0042, 0x0042, 0x0042, 0x0042, 0x0042,
    0x418F, 0x9B1F, 0x92BE, 0x92DF, 0x92DF, 0x9AFF, 0x9AFF, 0x9B1F, 0x9B1F, 0xA31F, 0xA31F, 0xA31F,
    0xA31F, 0xA31F, 0xA31F, 0xA33F, 0xA33F, 0xA33F, 0xA31E, 0xAB5F, 0x8297, 0x0042, 0x0042, 0x0042,
    0x0042, 0x0042, 0x0042, 0x0042, 0x0042, 0x0042, 0x0042, 0x1419, 0x0CDF, 0x149F, 0x149F, 0x149F,
    0x149F, 0x149F, 0x149F, 0x1C9F, 0x1C9F, 0x149F, 0x1C9F, 0x1C7F, 0x1C7F, 0x147F, 0x147F, 0x147F,
    0x147F, 0x145E, 0x14DF, 0x0A4F, 0x0042, 0x0042, 0x0042, 0x0042, 0x0042, 0x0042, 0x0042, 0x0042,
    0x0042, 0x0042, 0x0042, 0x0042, 0x0042, 0x0042, 0x0042, 0x0042, 0x0042, 0x0042, 0x0042, 0x0042,
    0x0042, 0x0042, 0x0042, 0x0042, 0x0042, 0x0042, 0x0042, 0x0042, 0x0021, 0x0A33, 0x1BFF, 0x1B9F,
    0x1BBF, 0x1BBF, 0x1BBF, 0x1BBF, 0x1BBF, 0x23BF, 0x23BF, 0x23BF, 0x23DF, 0x23DF, 0x23DF, 0x23DF,
    0x23DF, 0x23DF, 0x23DF, 0x23DF, 0x2C1F, 0x22FA, 0x1910, 0x1972, 0x2173, 0x2194, 0x29D6, 0x31F7,
    0x3219, 0x3A3A, 0x3A3B, 0x4ABE, 0x298F, 0x0042, 0x0042, 0x0042, 0x0042, 0x0042, 0x0042, 0x0042,
    0x0042, 0x0042, 0x0042, 0x0042, 0x0042, 0x0042, 0x0042, 0x0042, 0x0042, 0x4236, 0x631F, 0x5ADF,
    0x5ADF, 0x5ADF, 0x62DF, 0x62DF, 0x62DF, 0x62DF, 0x62FF, 0x62FF, 0x6AFF, 0x6AFF, 0x6AFF, 0x6AFF,
    0x6AFF, 0x6ADF, 0x6ADF, 0x6ABE, 0x72FF, 0x5A57, 0x0042, 0x0042, 0x0042, 0x0042, 0x0042, 0x0042,
    0x0042, 0x0042, 0x0042, 0x0042, 0x0042, 0x0042, 0x0042, 0x0042, 0x0042, 0x0042, 0x0042, 0x4190,
    0x9B1F, 0x92BE, 0x92DF, 0x92DF, 0x9AFF, 0x9AFF, 0x9AFF, 0x9B1F, 0xA31F, 0xA31F, 0xA31F, 0xA31F,
    0xA31F, 0xA31F, 0xA31F, 0xA33F, 0xA33F, 0xA31E, 0xAB3F, 0x8297, 0x0042, 0x0042, 0x0042, 0x0042,
    0x0042, 0x0042, 0x0042, 0x0042, 0x0042, 0x0042, 0x141A, 0x0CDF, 0x149F, 0x149F, 0x147F, 0x147F,
    0x147F, 0x147F, 0x1C9F, 0x1C9F, 0x1C7F, 0x1C7F, 0x1C7F, 0x1C7F, 0x147F, 0x147F, 0x1C7F, 0x1C5F,
    0x145E, 0x14DF, 0x0A0E, 0x0042, 0x0042, 0x0042, 0x0042, 0x0042, 0x0042, 0x0042, 0x0042, 0x0042,
    0x0042, 0x0042, 0x0042, 0x0042, 0x0042, 0x0042, 0x0042, 0x0042, 0x0042, 0x0042, 0x0042, 0x0042,
    0x0042, 0x0042, 0x0042, 0x0042, 0x0042, 0x0042, 0x0042, 0x0021, 0x0A12, 0x1BDF, 0x1B7F, 0x1B9F,
    0x1BBF, 0x1BBF, 0x1BBF, 0x1BBF, 0x23BF, 0x23BF, 0x23BF, 0x23BF, 0x23BF, 0x23BF, 0x23BF, 0x23BF,
    0x23BF, 0x2BDF, 0x2BBF, 0x2C1F, 0x22FA, 0x1910, 0x1952, 0x2173, 0x2194, 0x29B5, 0x31D7, 0x31F9,
    0x3A1A, 0x3A3B, 0x4A9E, 0x298F, 0x0042, 0x0042, 0x0042, 0x0042, 0x0042, 0x0042, 0x0042, 0x0042,
    0x0042, 0x0042, 0x0042, 0x0042, 0x0042, 0x0042, 0x0042, 0x0042, 0x4236, 0x631F, 0x5ADF, 0x5ADF,
    0x5ADF, 0x62DF, 0x62DF, 0x62DF, 0x62DF, 0x62DF, 0x62DF, 0x62DF, 0x6ADF, 0x6ADF, 0x6ADF, 0x6ADF,
    0x6ADF, 0x6ADF, 0x6ABE, 0x72FF, 0x5A77, 0x0042, 0x0042, 0x0042, 0x0042, 0x0042, 0x0042, 0x0042,
    0x0042, 0x0042, 0x0042, 0x0042, 0x0042, 0x0042, 0x0042, 0x0042, 0x0042, 0x0042, 0x4190, 0x9B1F,
    0x92BE, 0x92DF, 0x92DF, 0x9AFF, 0x9AFF, 0x9AFF, 0x9AFF, 0x9B1F, 0x9B1F, 0xA31F, 0xA31F, 0xA31F,
    0xA31F, 0xA31F, 0xA31F, 0xA31F, 0xA31E, 0xAB3F, 0x8298, 0x0042, 0x0042, 0x0042, 0x0042, 0x0042,
    0x0042, 0x0042, 0x0042, 0x0042, 0x0042, 0x0C1A, 0x0CDF, 0x147F, 0x147F, 0x147F, 0x147F, 0x147F,
    0x147F, 0x1C7F, 0x1C7F, 0x1C7F, 0x1C7F, 0x1C7F, 0x1C7F, 0x147F, 0x147F, 0x1C5F, 0x1C5F, 0x145E,
    0x14DF, 0x0A2F, 0x0042, 0x0042, 0x0042, 0x0042, 0x0042, 0x0042, 0x0042, 0x0042, 0x0042, 0x0042,
    0x0042, 0x0042, 0x0042, 0x0042, 0x0042, 0x0042, 0x0042, 0x0042, 0x0042, 0x0042, 0x0042, 0x0042,
    0x0042, 0x0042, 0x0042, 0x0042, 0x0042, 0x0042, 0x0021, 0x09F1, 0x1BDF, 0x1B7F, 0x1B9F, 0x1B9F,
    0x1BBF, 0x1BBF, 0x239F, 0x23BF, 0x23BF, 0x23BF, 0x23BF, 0x23BF, 0x23BF, 0x23BF, 0x23BF, 0x23BF,
    0x2BBF, 0x2BBF, 0x2BFF, 0x231A, 0x1910, 0x1952, 0x2173, 0x2194, 0x29B5, 0x31D7, 0x31F8, 0x3A1A,
    0x3A3A, 0x4A9D, 0x216E, 0x0042, 0x0042, 0x0042, 0x0042, 0x0042, 0x0042, 0x0042, 0x0042, 0x0042,
    0x0042, 0x0042, 0x0042, 0x0042, 0x0042, 0x0042, 0x0042, 0x4235, 0x631F, 0x5ABF, 0x5ADF, 0x5ADF,
    0x5ADF, 0x62DF, 0x62DF, 0x62DF, 0x62DF, 0x62DF, 0x62DF, 0x6ADF, 0x6ADF, 0x6ADF, 0x6ADF, 0x6ADF,
    0x6ADF, 0x6ADE, 0x72FF, 0x5A77, 0x0042, 0x0042, 0x0042, 0x0042, 0x0042, 0x0042, 0x0042, 0x0042,
    0x0042, 0x0042, 0x0042, 0x0042, 0x0042, 0x0042, 0x0042, 0x0042, 0x0042, 0x4190, 0xA31F, 0x92DE,
    0x92DF, 0x9ADF, 0x9AFF, 0x9AFF, 0x9AFF, 0x9AFF, 0x9AFF, 0x9AFF, 0xA2FF, 0xA2FF, 0xA31F, 0xA31F,
    0xA31F, 0xA31F, 0xA31F, 0xA31E, 0xAB3F, 0x8298, 0x0042, 0x0042, 0x0042, 0x0042, 0x0042, 0x0042,
    0x0042, 0x0042, 0x0042, 0x0042, 0x141A, 0x0CBF, 0x147F, 0x147F, 0x147F, 0x147F, 0x147F, 0x147F,
    0x1C7F, 0x1C7F, 0x147F, 0x145F, 0x145F, 0x1C5F, 0x145F, 0x145F, 0x1C5F, 0x1C5F, 0x143E, 0x14DF,
    0x0A91, 0x0042, 0x0042, 0x0042, 0x0042, 0x0042, 0x0042, 0x0042, 0x0042, 0x0042, 0x0042, 0x0042,
    0x0042, 0x0042, 0x0042, 0x0042, 0x0042, 0x0042, 0x0042, 0x0042, 0x0042, 0x0042, 0x0042, 0x0042,
    0x0042, 0x0042, 0x0042, 0x0042, 0x0042, 0x0021, 0x0A32, 0x13DF, 0x1B7F, 0x1B7F, 0x1B9F, 0x1B9F,
    0x239F, 0x239F, 0x239F, 0x23BF, 0x23BF, 0x23BF, 0x23BF, 0x23BF, 0x23BF, 0x23BF, 0x23BF, 0x23BF,
    0x239F, 0x2BFF, 0x22FA, 0x1910, 0x1951, 0x2173, 0x2194, 0x29B5, 0x29D7, 0x31F8, 0x3A1A, 0x3A3B,
    0x4A9D, 0x214D, 0x0042, 0x0042, 0x0042, 0x0042, 0x0042, 0x0042, 0x0042, 0x0042, 0x0042, 0x0042,
    0x0042, 0x0042, 0x0042, 0x0042, 0x0042, 0x0042, 0x4235, 0x62FF, 0x5ABF, 0x5ADF, 0x5ADF, 0x5ADF,
    0x62DF, 0x62DF, 0x62DF, 0x62DF, 0x62DF, 0x62DF, 0x62DF, 0x6ADF, 0x6ADF, 0x6ADF, 0x6ADF, 0x6ADF,
    0x6ADE, 0x72FF, 0x5A77, 0x0042, 0x0042, 0x0042, 0x0042, 0x0042, 0x0042, 0x0042, 0x0042, 0x0042,
    0x0042, 0x0042, 0x0042, 0x0042, 0x0042, 0x0042, 0x0042, 0x0042, 0x4190, 0xA31F, 0x92DE, 0x92FF,
    0x9AFF, 0x9AFF, 0x9AFF, 0x9AFF, 0x9AFF, 0x9AFF, 0x9AFF, 0x9AFF, 0xA2FF, 0xA2FF, 0xA2FF, 0xA2FF,
    0xA2FF, 0xA2FF, 0xA2FE, 0xAB3F, 0x8298, 0x0042, 0x0042, 0x0042, 0x0042, 0x0042, 0x0042, 0x0042,
    0x0042, 0x0042, 0x0042, 0x0BD8, 0x0CBF, 0x145F, 0x147F, 0x145F, 0x145F, 0x147F, 0x147F, 0x1C7F,
    0x1C5F, 0x145F, 0x145F, 0x145F, 0x145F, 0x145F, 0x145F, 0x145F, 0x1C5F, 0x143F, 0x14BF, 0x1356,
    0x0042, 0x0042, 0x0042, 0x0042, 0x0042, 0x0042, 0x0042, 0x0042, 0x0042, 0x0042, 0x0042, 0x0042,
    0x0042, 0x0042, 0x0042, 0x0042, 0x0042, 0x0042, 0x0042, 0x0042, 0x0042, 0x0042, 0x0042, 0x0042,
    0x0042, 0x0042, 0x0042, 0x0042, 0x0042, 0x12D7, 0x1BBF, 0x1B7F, 0x1B7F, 0x1B9F, 0x1B9F, 0x239F,
    0x239F, 0x239F, 0x239F, 0x239F, 0x23BF, 0x23BF, 0x23BF, 0x23BF, 0x23BF, 0x23BF, 0x239F, 0x239F,
    0x23FF, 0x22D9, 0x190F, 0x1951, 0x2172, 0x2194, 0x29B5, 0x29D7, 0x31F8, 0x3A1A, 0x3A3B, 0x4A9D,
    0x192B, 0x0042, 0x0042, 0x0042, 0x0042, 0x0042, 0x0042, 0x0042, 0x0042, 0x0042, 0x0042, 0x0042,
    0x0042, 0x0042, 0x0042, 0x0042, 0x0042, 0x4235, 0x62FF, 0x5ABF, 0x5ADF, 0x5ADF, 0x5ABF, 0x62BF,
    0x62BF, 0x62BF, 0x62BF, 0x62BF, 0x62DF, 0x62DF, 0x62DF, 0x62DF, 0x6ADF, 0x6ADF, 0x6ADF, 0x6ADE,
    0x72FF, 0x5A77, 0x0042, 0x0042, 0x0042, 0x0042, 0x0042, 0x0042, 0x0042, 0x0042, 0x0042, 0x0042,
    0x0042, 0x0042, 0x0042, 0x0042, 0x0042, 0x0042, 0x0042, 0x4190, 0xA31F, 0x92DE, 0x9AFF, 0x9AFF,
    0x9AFF, 0x9AFF, 0x9AFF, 0x9AFF, 0x9AFF, 0x9AFF, 0x9AFF, 0x9AFF, 0x9AFF, 0x9AFF, 0xA2FF, 0xA2FF,
    0xA2FF, 0x9AFE, 0xAB1F, 0x8298, 0x0042, 0x0042, 0x0042, 0x0042, 0x0042, 0x0042, 0x0042, 0x0042,
    0x0042, 0x0042, 0x0B76, 0x0CDF, 0x145E, 0x145F, 0x145F, 0x145F, 0x145F, 0x145F, 0x145F, 0x145F,
    0x145F, 0x145F, 0x145F, 0x145F, 0x145F, 0x145F, 0x143F, 0x1C3F, 0x143F, 0x147F, 0x141B, 0x0042,
    0x0042, 0x0042, 0x0042, 0x0042, 0x0042, 0x0042, 0x0042, 0x0042, 0x0042, 0x0042, 0x0042, 0x0042,
    0x0042, 0x0042, 0x0042, 0x0042, 0x0042, 0x0042, 0x0042, 0x0042, 0x0042, 0x0042, 0x0042, 0x0042,
    0x0042, 0x0042, 0x0042, 0x0042, 0x1B5B, 0x1B9F, 0x1B7F, 0x1B7F, 0x1B7F, 0x1B7F, 0x239F, 0x239F,
    0x239F, 0x239F, 0x239F, 0x239F, 0x23BF, 0x239F, 0x239F, 0x239F, 0x239F, 0x239F, 0x237F, 0x23DF,
    0x1A77, 0x190E, 0x1951, 0x2172, 0x2194, 0x29B5, 0x31D7, 0x31F8, 0x3A19, 0x423B, 0x429C, 0x10C8,
    0x0042, 0x0042, 0x0042, 0x0042, 0x0042, 0x0042, 0x0042, 0x0042, 0x0042, 0x0042, 0x0042, 0x0042,
    0x0042, 0x0042, 0x0042, 0x0042, 0x3A35, 0x5ADF, 0x5A9F, 0x5ABF, 0x5ABF, 0x5ABF, 0x62BF, 0x62BF,
    0x62BF, 0x62BF, 0x62BF, 0x62BF, 0x62DF, 0x62DF, 0x6ADF, 0x6ADF, 0x6ADF, 0x6ADF, 0x72DE, 0x7AFF,
    0x5A77, 0x0042, 0x0042, 0x0042, 0x0042, 0x0042, 0x0042, 0x0042, 0x0042, 0x0042, 0x0042, 0x0042,
    0x0042, 0x0042, 0x0042, 0x0042, 0x0042, 0x0042, 0x4190, 0xA31F, 0x9ADE, 0x9AFF, 0x9AFF, 0x9AFF,
    0x9AFF, 0x9AFF, 0x9AFF, 0x9AFF, 0x9AFF, 0x9AFF, 0x9AFF, 0x9AFF, 0x9AFF, 0xA2FF, 0xA2FF, 0xA2FF,
    0x9AFE, 0xAB1F, 0x8298, 0x0042, 0x0042, 0x0042, 0x0042, 0x0042, 0x0042, 0x0042, 0x0042, 0x0042,
    0x0042, 0x0AF4, 0x0CBF, 0x145E, 0x145F, 0x145F, 0x145F, 0x145F, 0x145F, 0x145F, 0x1C5F, 0x145F,
    0x145F, 0x145F, 0x143F, 0x143F, 0x143F, 0x1C3F, 0x1C3F, 0x1C3F, 0x1C3F, 0x1C7F, 0x094A, 0x0042,
    0x0042, 0x0042, 0x0042, 0x0042, 0x0042, 0x0042, 0x0042, 0x0042, 0x0042, 0x0042, 0x0042, 0x0042,
    0x0042, 0x0042, 0x0042, 0x0042, 0x0042, 0x0042, 0x0042, 0x0042, 0x0042, 0x0042, 0x0042, 0x0042,
    0x0042, 0x0042, 0x092A, 0x1BDF, 0x1B7E, 0x237F, 0x1B7F, 0x1B7F, 0x237F, 0x239F, 0x239F, 0x239F,
    0x239F, 0x239F, 0x239F, 0x239F, 0x239F, 0x239F, 0x239F, 0x239F, 0x239F, 0x237F, 0x23BF, 0x1A56,
    0x18EE, 0x1951, 0x2172, 0x2194, 0x29B5, 0x31D7, 0x31F8, 0x3A19, 0x423C, 0x3A59, 0x0042, 0x0042,
    0x0042, 0x0042, 0x0042, 0x0042, 0x0042, 0x0042, 0x0042, 0x0042, 0x0042, 0x0042, 0x0042, 0x0042,
    0x0042, 0x0042, 0x0042, 0x3A35, 0x5ADF, 0x5A9F, 0x5ABF, 0x5ABF, 0x5ABF, 0x5ABF, 0x62BF, 0x62BF,
    0x62BF, 0x62BF, 0x62BF, 0x62DF, 0x62DF, 0x6ADF, 0x6ADF, 0x6ADF, 0x6ADF, 0x72DE, 0x7AFF, 0x5A77,
    0x0042, 0x0042, 0x0042, 0x0042, 0x0042, 0x0042, 0x0042, 0x0042, 0x0042, 0x0042, 0x0042, 0x0042,
    0x0042, 0x0042, 0x0042, 0x0042, 0x0042, 0x4990, 0xA31F, 0x92DE, 0x9AFF, 0x9AFF, 0x9AFF, 0x9AFF,
    0x9AFF, 0x9AFF, 0x9AFF, 0x9AFF, 0x9ADF, 0x9ADF, 0x9AFF, 0x9AFF, 0xA2FF, 0xA2FF, 0xA2DF, 0x9ADE,
    0xAB1F, 0x7A78, 0x0042, 0x0042, 0x0042, 0x0042, 0x0042, 0x0042, 0x0042, 0x0042, 0x0042, 0x0042,
    0x0A50, 0x14BF, 0x145E, 0x1C5F, 0x1C5F, 0x1C5F, 0x145F, 0x145F, 0x145F, 0x1C3F, 0x143F, 0x143F,
    0x143F, 0x143F, 0x143F, 0x143F, 0x1C3F, 0x1C3F, 0x1C3F, 0x1C3E, 0x1C7F, 0x12D5, 0x0042, 0x0042,
    0x0042, 0x0042, 0x0042, 0x0042, 0x0042, 0x0042, 0x0042, 0x0042, 0x0042, 0x0042, 0x0042, 0x0042,
    0x0042, 0x0042, 0x0042, 0x0042, 0x0042, 0x0042, 0x0042, 0x0042, 0x0042, 0x0042, 0x0042, 0x0042,
    0x0042, 0x1275, 0x1BDF, 0x237E, 0x239F, 0x237F, 0x237F, 0x237F, 0x237F, 0x237F, 0x237F, 0x237F,
    0x239F, 0x239F, 0x239F, 0x239F, 0x239F, 0x237F, 0x237F, 0x237F, 0x237F, 0x2BBF, 0x21F4, 0x190E,
    0x1951, 0x2172, 0x2194, 0x29B5, 0x31D7, 0x31F8, 0x3A19, 0x425D, 0x31D4, 0x0042, 0x0042, 0x0042,
    0x0042, 0x0042, 0x0042, 0x0042, 0x0042, 0x0042, 0x0042, 0x0042, 0x0042, 0x0042, 0x0042, 0x0042,
    0x0042, 0x0042, 0x3A15, 0x5ADF, 0x5A9F, 0x5ABF, 0x5ABF, 0x5ABF, 0x5ABF, 0x62BF, 0x62BF, 0x62BF,
    0x62BF, 0x62BF, 0x62DF, 0x62DF, 0x6ADF, 0x6ADF, 0x6ADF, 0x6ADF, 0x6ABE, 0x72FF, 0x5A77, 0x0042,
    0x0042, 0x0042, 0x0042, 0x0042, 0x0042, 0x0042, 0x0042, 0x0042, 0x0042, 0x0042, 0x0042, 0x0042,
    0x0042, 0x0042, 0x0042, 0x0042, 0x4990, 0xA31F, 0x92DE, 0x9AFF, 0x9ADF, 0x9ADF, 0x9ADF, 0x9ADF,
    0x9ADF, 0x9ADF, 0x9ADF, 0x9ADF, 0x9ADF, 0x9ADF, 0x9ADF, 0x9ADF, 0x9ADF, 0xA2DF, 0x9ADE, 0xAAFF,
    0x7A77, 0x0042, 0x0042, 0x0042, 0x0042, 0x0042, 0x0042, 0x0042, 0x0042, 0x0042, 0x0042, 0x098B,
    0x0CBF, 0x145F, 0x1C5F, 0x1C5F, 0x143F, 0x143F, 0x143F, 0x143F, 0x143F, 0x143F, 0x143F, 0x143F,
    0x143F, 0x143F, 0x1C3F, 0x1C3F, 0x1C3F, 0x1C3F, 0x1C1E, 0x1C3F, 0x143E, 0x00E8, 0x0042, 0x0042,
    0x0042, 0x0042, 0x0042, 0x0042, 0x0042, 0x0042, 0x0042, 0x0042, 0x0042, 0x0042, 0x0042, 0x0042,
    0x0042, 0x0042, 0x0042, 0x0042, 0x0042, 0x0042, 0x0042, 0x0042, 0x0042, 0x0042, 0x0042, 0x00C7,
    0x1B9E, 0x1B9F, 0x237F, 0x239F, 0x239F, 0x237F, 0x237F, 0x237F, 0x237F, 0x237F, 0x237F, 0x237F,
    0x237F, 0x237F, 0x237F, 0x237F, 0x237F, 0x237F, 0x237F, 0x237F, 0x2B9E, 0x1991, 0x190E, 0x1951,
    0x2172, 0x2194, 0x29B5, 0x31D7, 0x31F8, 0x39F9, 0x423D, 0x190D, 0x0042, 0x0042, 0x0042, 0x0042,
    0x0042, 0x0042, 0x0042, 0x0042, 0x0042, 0x0042, 0x0042, 0x0042, 0x0042, 0x0042, 0x0042, 0x0042,
    0x0042, 0x3A15, 0x5ADF, 0x5A9F, 0x5ABF, 0x5ABF, 0x5ABF, 0x5ABF, 0x62BF, 0x62BF, 0x62BF, 0x62BF,
    0x62BF, 0x62BF, 0x62DF, 0x6ADF, 0x6ABF, 0x6ABF, 0x6ADF, 0x6ABE, 0x72FF, 0x5A77, 0x0042, 0x0042,
    0x0042, 0x0042, 0x0042, 0x0042, 0x0042, 0x0042, 0x0042, 0x0042, 0x0042, 0x0042, 0x0042, 0x0042,
    0x0042, 0x0042, 0x0042, 0x4990, 0xA31F, 0x92DE, 0x92DF, 0x9ADF, 0x9ADF, 0x9ADF, 0x9ADF, 0x9ADF,
    0x9ADF, 0x9ADF, 0x9ADF, 0x9ADF, 0x9ADF, 0x9ADF, 0x9ADF, 0x9ADF, 0x9ADF, 0x9ADE, 0xAAFF, 0x7A77,
    0x0042, 0x0042, 0x0042, 0x0042, 0x0042, 0x0042, 0x0042, 0x0042, 0x0042, 0x0042, 0x00C5, 0x0C9E,
    0x145F, 0x1C3F, 0x143F, 0x143F, 0x143F, 0x143F, 0x143F, 0x143F, 0x143F, 0x1C3F, 0x1C3F, 0x1C3F,
    0x1C3F, 0x1C3F, 0x1C3F, 0x1C1F, 0x1C1F, 0x1C1F, 0x1C1E, 0x147F, 0x12F6, 0x0042, 0x0042, 0x0042,
    0x0042, 0x0042, 0x0042, 0x0042, 0x0042, 0x0042, 0x0042, 0x0042, 0x0042, 0x0042, 0x0042, 0x0042,
    0x0042, 0x0042, 0x0042, 0x0042, 0x0042, 0x0042, 0x0042, 0x0042, 0x0042, 0x0042, 0x1275, 0x1BFF,
    0x239E, 0x239F, 0x239F, 0x237F, 0x237F, 0x237F, 0x237F, 0x237F, 0x237F, 0x237F, 0x237F, 0x237F,
    0x237F, 0x237F, 0x237F, 0x237F, 0x237F, 0x235F, 0x237F, 0x233C, 0x192E, 0x190F, 0x1950, 0x2172,
    0x2193, 0x29B5, 0x31D6, 0x31F8, 0x39FA, 0x3A19, 0x0063, 0x0042, 0x0042, 0x0042, 0x0042, 0x0042,
    0x0042, 0x0042, 0x0042, 0x0042, 0x0042, 0x0042, 0x0042, 0x0042, 0x0042, 0x0042, 0x0042, 0x0042,
    0x3A15, 0x5ADF, 0x5A9F, 0x5ABF, 0x5ABF, 0x5ABF, 0x5ABF, 0x62BF, 0x62BF, 0x62BF, 0x62BF, 0x62BF,
    0x62BF, 0x62BF, 0x62DF, 0x62BF, 0x6ADF, 0x6ABF, 0x6ABE, 0x72DF, 0x5A77, 0x0042, 0x0042, 0x0042,
    0x0042, 0x0042, 0x0042, 0x0042, 0x0042, 0x0042, 0x0042, 0x0042, 0x0042, 0x0042, 0x0042, 0x0042,
    0x0042, 0x0042, 0x4990, 0xA2FF, 0x92BE, 0x92DF, 0x92DF, 0x9ADF, 0x9ADF, 0x9ADF, 0x9ADF, 0x9ADF,
    0x9ADF, 0x9ADF, 0x9ADF, 0x9ADF, 0x9ADF, 0x9ADF, 0x9ADF, 0x9ADF, 0x9ADE, 0xA2FF, 0x7A77, 0x0042,
    0x0042, 0x0042, 0x0042, 0x0042, 0x0042, 0x0042, 0x0042, 0x0042, 0x0042, 0x0042, 0x0BFB, 0x147F,
    0x1C1E, 0x1C3F, 0x143F, 0x143F, 0x143F, 0x143F, 0x143F, 0x1C3F, 0x1C3F, 0x1C3F, 0x1C3F, 0x1C3F,
    0x1C3F, 0x1C3F, 0x1C1F, 0x1C1F, 0x1C1F, 0x1C1F, 0x1C1E, 0x1C5F, 0x09AE, 0x0042, 0x0042, 0x0042,
    0x0042, 0x0042, 0x0042, 0x0042, 0x0042, 0x0042, 0x0042, 0x0042, 0x0042, 0x0042, 0x0042, 0x0042,
    0x0042, 0x0042, 0x0042, 0x0042, 0x0042, 0x0042, 0x0042, 0x0042, 0x094D, 0x23DF, 0x23BE, 0x239E,
    0x239F, 0x237F, 0x237F, 0x237F, 0x237F, 0x237F, 0x237F, 0x237F, 0x237F, 0x237F, 0x237F, 0x237F,
    0x237F, 0x237F, 0x237F, 0x237F, 0x235F, 0x237F, 0x22DA, 0x10ED, 0x192F, 0x1950, 0x2152, 0x2193,
    0x29B5, 0x31D6, 0x31D7, 0x3A1C, 0x2171, 0x0042, 0x0042, 0x0042, 0x0042, 0x0042, 0x0042, 0x0042,
    0x0042, 0x0042, 0x0042, 0x0042, 0x0042, 0x0042, 0x0042, 0x0042, 0x0042, 0x0042, 0x0042, 0x3A15,
    0x5ADF, 0x5A9F, 0x5ABF, 0x5ABF, 0x5ABF, 0x5ABF, 0x62BF, 0x62BF, 0x62BF, 0x62BF, 0x62BF, 0x62BF,
    0x62BF, 0x62BF, 0x62BF, 0x6ABF, 0x6ABF, 0x6ABE, 0x72DF, 0x5A77, 0x0042, 0x0042, 0x0042, 0x0042,
    0x0042, 0x0042, 0x0042, 0x0042, 0x0042, 0x0042, 0x0042, 0x0042, 0x0042, 0x0042, 0x0042, 0x0042,
    0x0042, 0x4990, 0x9AFF, 0x92BE, 0x92DF, 0x92BF, 0x92DF, 0x9ADF, 0x9ADF, 0x9ADF, 0x9ADF, 0x9ADF,
    0x9ADF, 0x9ADF, 0x9ADF, 0x9ADF, 0x9ADF, 0x9ADF, 0x9ADF, 0x9ADE, 0xAAFF, 0x7A77, 0x0042, 0x0042,
    0x0042, 0x0042, 0x0042, 0x0042, 0x0042, 0x0042, 0x0042, 0x0042, 0x0042, 0x0AF4, 0x14BF, 0x1C1E,
    0x1C1F, 0x141F, 0x143F, 0x143F, 0x1C1F, 0x1C1F, 0x1C1F, 0x1C1F, 0x1C1F, 0x1C1F, 0x1C1F, 0x1C1F,
    0x1C1F, 0x1C1F, 0x1C1F, 0x1C1F, 0x1C1F, 0x23FE, 0x1C1F, 0x13FE, 0x0109, 0x0042, 0x0042, 0x0042,
    0x0042, 0x0042, 0x0042, 0x0042, 0x0042, 0x0042, 0x0042, 0x0042, 0x0042, 0x0042, 0x0042, 0x0042,
    0x0042, 0x0042, 0x0042, 0x0042, 0x0042, 0x0042, 0x08A7, 0x237D, 0x23BF, 0x239F, 0x239F, 0x237F,
    0x237F, 0x237F, 0x237F, 0x237F, 0x237F, 0x237F, 0x237F, 0x237F, 0x237F, 0x237F, 0x237F, 0x237F,
    0x235F, 0x235F, 0x237F, 0x235F, 0x239F, 0x1A36, 0x18CC, 0x192F, 0x1930, 0x2151, 0x2173, 0x29B4,
    0x29D6, 0x31D8, 0x3A18, 0x0886, 0x0042, 0x0042, 0x0042, 0x0042, 0x0042, 0x0042, 0x0042, 0x0042,
    0x0042, 0x0042, 0x0042, 0x0042, 0x0042, 0x0042, 0x0042, 0x0042, 0x0042, 0x0042, 0x3A16, 0x5ADF,
    0x5A9F, 0x5ABF, 0x5ABF, 0x5ABF, 0x5ABF, 0x5ABF, 0x62BF, 0x62BF, 0x62BF, 0x62BF, 0x62BF, 0x62BF,
    0x62BF, 0x62BF, 0x62BF, 0x6ABF, 0x6A9E, 0x72DF, 0x5A77, 0x0042, 0x0042, 0x0042, 0x0042, 0x0042,
    0x0042, 0x0042, 0x0042, 0x0042, 0x0042, 0x0042, 0x0042, 0x0042, 0x0042, 0x0042, 0x0042, 0x0042,
    0x4991, 0x9AFF, 0x92BE, 0x92BF, 0x92BF, 0x92BF, 0x9ABF, 0x9ADF, 0x9ADF, 0x9ABF, 0x9ABF, 0x9ADF,
    0x9ADF, 0x9ADF, 0x9ADF, 0x9ADF, 0x9ADF, 0x9ADF, 0x9ADE, 0xA2FF, 0x7A77, 0x0042, 0x0042, 0x0042,
    0x0042, 0x0042, 0x0042, 0x0042, 0x0042, 0x0042, 0x0042, 0x0042, 0x09CD, 0x149F, 0x1C1E, 0x1C1F,
    0x141F, 0x141F, 0x141F, 0x1C1F, 0x1C1F, 0x1C1F, 0x1C1F, 0x1C1F, 0x1C1F, 0x1C1F, 0x1C1F, 0x1C1F,
    0x1C1F, 0x1C1F, 0x1C1F, 0x1C1F, 0x1C1F, 0x1BFF, 0x1C3F, 0x1BDD, 0x0909, 0x0042, 0x0042, 0x0042,
    0x0042, 0x0042, 0x0042, 0x0042, 0x0042, 0x0042, 0x0042, 0x0042, 0x0042, 0x0042, 0x0042, 0x0042,
    0x0042, 0x0042, 0x0042, 0x0042, 0x0085, 0x1B1B, 0x23BF, 0x239F, 0x239F, 0x239F, 0x237F, 0x237F,
    0x237F, 0x237F, 0x237F, 0x237F, 0x237F, 0x237F, 0x237F, 0x237F, 0x235F, 0x235F, 0x237F, 0x235F,
    0x235F, 0x235F, 0x235F, 0x2B7F, 0x1991, 0x18EC, 0x192F, 0x1930, 0x2151, 0x2173, 0x29B4, 0x31B5,
    0x39F9, 0x214E, 0x0042, 0x0042, 0x0042, 0x0042, 0x0042, 0x0042, 0x0042, 0x0042, 0x0042, 0x0042,
    0x0042, 0x0042, 0x0042, 0x0042, 0x0042, 0x0042, 0x0042, 0x0042, 0x0042, 0x3A16, 0x5ADF, 0x5A9F,
    0x5A9F, 0x5ABF, 0x5A9F, 0x5A9F, 0x5A9F, 0x5ABF, 0x62BF, 0x62BF, 0x62BF, 0x62BF, 0x62BF, 0x62BF,
    0x62BF, 0x62BF, 0x6ABF, 0x6A9E, 0x72DF, 0x5A77, 0x0042, 0x0042, 0x0042, 0x0042, 0x0042, 0x0042,
    0x0042, 0x0042, 0x0042, 0x0042, 0x0042, 0x0042, 0x0042, 0x0042, 0x0042, 0x0042, 0x0042, 0x4991,
    0x9ADF, 0x92BE, 0x92BF, 0x92BF, 0x92BF, 0x9ABF, 0x9ABF, 0x9ABF, 0x9ABF, 0x9ABF, 0x9ADF, 0x9ADF,
    0x9ADF, 0x9ADF, 0x9ADF, 0x9ADF, 0x9ADF, 0x9ADE, 0xA2FF, 0x7A78, 0x0042, 0x0042, 0x0042, 0x0042,
    0x0042, 0x0042, 0x0042, 0x0042, 0x0042, 0x0042, 0x0042, 0x00A5, 0x0C3D, 0x143F, 0x1BFF, 0x141F,
    0x1C1F, 0x141F, 0x141F, 0x141F, 0x1C1F, 0x1C1F, 0x1C1F, 0x1C1F, 0x1C1F, 0x1C1F, 0x1C1F, 0x1C1F,
    0x1C1F, 0x1C1F, 0x1BFF, 0x1BFF, 0x1BFF, 0x1BFE, 0x1C1F, 0x1BFE, 0x098D, 0x0042, 0x0042, 0x0042,
    0x0042, 0x0042, 0x0042, 0x0042, 0x0042, 0x0042, 0x0042, 0x0042, 0x0042, 0x0042, 0x0042, 0x0042,
    0x0042, 0x0042, 0x08C8, 0x1B1B, 0x23BF, 0x237E, 0x239F, 0x237F, 0x237F, 0x237F, 0x237F, 0x237F,
    0x235F, 0x235F, 0x235F, 0x235F, 0x235F, 0x237F, 0x237F, 0x237F, 0x235F, 0x235F, 0x235F, 0x235F,
    0x235F, 0x2B7F, 0x231C, 0x110E, 0x190D, 0x192F, 0x2150, 0x2171, 0x2993, 0x2994, 0x31D7, 0x29B4,
    0x0042, 0x0042, 0x0042, 0x0042, 0x0042, 0x0042, 0x0042, 0x0042, 0x0042, 0x0042, 0x0042, 0x0042,
    0x0042, 0x0042, 0x0042, 0x0042, 0x0042, 0x0042, 0x0042, 0x0042, 0x3A16, 0x5ADF, 0x527F, 0x5A9F,
    0x5A9F, 0x5A9F, 0x5A9F, 0x5A9F, 0x5A9F, 0x629F, 0x629F, 0x629F, 0x629F, 0x629F, 0x62BF, 0x62BF,
    0x62BF, 0x6A9F, 0x6A9E, 0x72DF, 0x5A77, 0x0042, 0x0042, 0x0042, 0x0042, 0x0042, 0x0042, 0x0042,
    0x0042, 0x0042, 0x0042, 0x0042, 0x0042, 0x0042, 0x0042, 0x0042, 0x0042, 0x0042, 0x4991, 0x9ADF,
    0x929E, 0x92BF, 0x92BF, 0x92BF, 0x92BF, 0x9ABF, 0x9ABF, 0x9ABF, 0x9ABF, 0x9ABF, 0x9ABF, 0x9ADF,
    0x9ADF, 0x9ADF, 0x9ADF, 0x9ABF, 0x9ABE, 0xA2DF, 0x8278, 0x0042, 0x0042, 0x0042, 0x0042, 0x0042,
    0x0042, 0x0042, 0x0042, 0x0042, 0x0042, 0x0042, 0x0042, 0x0B37, 0x145F, 0x13FF, 0x1C1F, 0x1C1F,
    0x141F, 0x141F, 0x141F, 0x1C1F, 0x1C1F, 0x1C1F, 0x1C1F, 0x1C1F, 0x1C1F, 0x1C1F, 0x1C1F, 0x1BFF,
    0x1BFF, 0x1BFF, 0x1BFF, 0x1BFF, 0x1BFF, 0x1BDF, 0x141F, 0x1C3F, 0x1274, 0x0043, 0x0021, 0x0042,
    0x0042, 0x0042, 0x0042, 0x0042, 0x0042, 0x0042, 0x0042, 0x0042, 0x0042, 0x0042, 0x0042, 0x0042,
    0x11AF, 0x1B7D, 0x1B9F, 0x1B5F, 0x237F, 0x237F, 0x237F, 0x237F, 0x237F, 0x237F, 0x237F, 0x235F,
    0x235F, 0x235F, 0x235F, 0x235F, 0x237F, 0x237F, 0x237F, 0x235F, 0x235F, 0x235F, 0x235F, 0x235F,
    0x2B9F, 0x1A57, 0x10CC, 0x190E, 0x1930, 0x2151, 0x2172, 0x2993, 0x29B5, 0x31D6, 0x0865, 0x0042,
    0x0042, 0x0042, 0x0042, 0x0042, 0x0042, 0x0042, 0x0042, 0x0042, 0x0042, 0x0042, 0x0042, 0x0042,
    0x0042, 0x0042, 0x0042, 0x0042, 0x0042, 0x0042, 0x0042, 0x3A15, 0x5ABF, 0x527F, 0x5A9F, 0x5A9F,
    0x5A9F, 0x5A9F, 0x5A9F, 0x5A9F, 0x5A9F, 0x629F, 0x629F, 0x629F, 0x629F, 0x62BF, 0x629F, 0x62BF,
    0x62BF, 0x629E, 0x6ADF, 0x5A77, 0x0042, 0x0042, 0x0042, 0x0042, 0x0042, 0x0042, 0x0042, 0x0042,
    0x0042, 0x0042, 0x0042, 0x0042, 0x0042, 0x0042, 0x0042, 0x0042, 0x0042, 0x4991, 0x9ADF, 0x929E,
    0x92BF, 0x92BF, 0x92BF, 0x92BF, 0x9ABF, 0x9ABF, 0x9ABF, 0x9ABF, 0x9ABF, 0x9ABF, 0x9ADF, 0x9ADF,
    0x9ADF, 0x9ADF, 0x9ABF, 0x9ABE, 0xA2DF, 0x8278, 0x0042, 0x0042, 0x0042, 0x0042, 0x0042, 0x0042,
    0x0042, 0x0042, 0x0042, 0x0042, 0x0042, 0x0042, 0x018D, 0x145F, 0x13FF, 0x1C1F, 0x1C1F, 0x1BFF,
    0x1BFF, 0x1C1F, 0x1C1F, 0x1C1F, 0x1BFF, 0x1BFF, 0x1BFF, 0x1BFF, 0x1BFF, 0x1BFF, 0x1BFF, 0x1BFF,
    0x1BFF, 0x1BFF, 0x1BFF, 0x1BDF, 0x1BDF, 0x13DE, 0x13FE, 0x1C3F, 0x1B9C, 0x09F0, 0x0063, 0x0042,
    0x0042, 0x0042, 0x0042, 0x0042, 0x0042, 0x0042, 0x0042, 0x0042, 0x0042, 0x096D, 0x1AD9, 0x13BF,
    0x137E, 0x135E, 0x1B5F, 0x1B5F, 0x1B5F, 0x1B5F, 0x1B5F, 0x235F, 0x235F, 0x235F, 0x235F, 0x235F,
    0x235F, 0x235F, 0x235F, 0x235F, 0x235F, 0x235F, 0x235F, 0x235F, 0x235F, 0x2B7F, 0x2B5F, 0x2B7F,
    0x1171, 0x10EC, 0x192F, 0x1930, 0x2152, 0x2172, 0x2995, 0x31F6, 0x10C8, 0x0042, 0x0042, 0x0042,
    0x0042, 0x0042, 0x0042, 0x0042, 0x0042, 0x0042, 0x0042, 0x0042, 0x0042, 0x0042, 0x0042, 0x0042,
    0x0042, 0x0042, 0x0042, 0x0042, 0x0042, 0x0042, 0x3A15, 0x5ABF, 0x527F, 0x5A9F, 0x5A9F, 0x5A9F,
    0x5A9F, 0x5A9F, 0x5A9F, 0x5A9F, 0x5A9F, 0x629F, 0x629F, 0x629F, 0x62BF, 0x62BF, 0x62BF, 0x62BF,
    0x629E, 0x6ADF, 0x5A77, 0x0042, 0x0042, 0x0042, 0x0042, 0x0042, 0x0042, 0x0042, 0x0042, 0x0042,
    0x0042, 0x0042, 0x0042, 0x0042, 0x0042, 0x0042, 0x0042, 0x0042, 0x4991, 0x9ADF, 0x929E, 0x92BF,
    0x929F, 0x92BF, 0x92BF, 0x9ABF, 0x9ABF, 0x9ABF, 0x9ABF, 0x9ABF, 0x9ABF, 0x9ABF, 0x9ABF, 0x9ABF,
    0x9ABF, 0x9ABF, 0x9ABE, 0xA2DF, 0x8278, 0x0042, 0x0042, 0x0042, 0x0042, 0x0042, 0x0042, 0x0042,
    0x0042, 0x0042, 0x0042, 0x0042, 0x0042, 0x0042, 0x0B7C, 0x143F, 0x1BFE, 0x1BFF, 0x1BFF, 0x13FF,
    0x1BFF, 0x1BFF, 0x1BFF, 0x1BFF, 0x1BFF, 0x1BFF, 0x1BFF, 0x1BFF, 0x1BFF, 0x1BFF, 0x1BFF, 0x1BFF,
    0x1BFF, 0x1BDF, 0x1BDF, 0x1BDF, 0x1BDF, 0x1BDF, 0x1BDE, 0x1BFF, 0x1C1F, 0x1BBD, 0x12B6, 0x09AF,
    0x094A, 0x00E8, 0x0085, 0x00A6, 0x0909, 0x096D, 0x1254, 0x1B3C, 0x1B9F, 0x139F, 0x135E, 0x135F,
    0x1B3F, 0x1B5F, 0x1B5F, 0x1B5F, 0x1B5F, 0x1B5F, 0x1B5F, 0x235F, 0x235F, 0x235F, 0x235F, 0x235F,
    0x235F, 0x235F, 0x235F, 0x235F, 0x235F, 0x235F, 0x235F, 0x2B5F, 0x2B5F, 0x2B9F, 0x22DB, 0x10EC,
    0x192D, 0x192F, 0x2151, 0x2151, 0x2994, 0x31D5, 0x10C9, 0x0042, 0x0042, 0x0042, 0x0042, 0x0042,
    0x0042, 0x0042, 0x0042, 0x0042, 0x0042, 0x0042, 0x0042, 0x0042, 0x0042, 0x0042, 0x0042, 0x0042,
    0x0042, 0x0042, 0x0042, 0x0042, 0x0042, 0x3A15, 0x5ABF, 0x527F, 0x5A7F, 0x5A9F, 0x5A9F, 0x5A9F,
    0x5A9F, 0x5A9F, 0x5A9F, 0x5A9F, 0x5A9F, 0x629F, 0x629F, 0x62BF, 0x62BF, 0x62BF, 0x629F, 0x629E,
    0x6ADF, 0x5A78, 0x0042, 0x0042, 0x0042, 0x0042, 0x0042, 0x0042, 0x0042, 0x0042, 0x0042, 0x0042,
    0x0042, 0x0042, 0x0042, 0x0042, 0x0042, 0x0042, 0x0042, 0x4991, 0x9ADF, 0x929E, 0x92BF, 0x929F,
    0x92BF, 0x92BF, 0x92BF, 0x9ABF, 0x9ABF, 0x9ABF, 0x9ABF, 0x9ABF, 0x9ABF, 0x9ABF, 0x9ABF, 0x9ABF,
    0x9ABF, 0x9ABE, 0xA2DF, 0x8278, 0x0042, 0x0042, 0x0042, 0x0042, 0x0042, 0x0042, 0x0042, 0x0042,
    0x0042, 0x0042, 0x0042, 0x0042, 0x0042, 0x01F0, 0x145F, 0x1BDE, 0x1BDE, 0x1BFF, 0x1BFF, 0x1BFF,
    0x1BFF, 0x1BFF, 0x1BFF, 0x1BFF, 0x1BFF, 0x1BFF, 0x1BFF, 0x1BFF, 0x1BFF, 0x1BFF, 0x1BDF, 0x1BDF,
    0x1BDF, 0x1BDF, 0x1BDF, 0x1BDF, 0x1BDF, 0x1BDF, 0x1BBF, 0x23BF, 0x23DF, 0x241F, 0x241F, 0x23FF,
    0x1BBF, 0x137D, 0x137E, 0x1BBF, 0x23DF, 0x23DF, 0x1B9F, 0x1B5F, 0x1B5F, 0x1B5F, 0x1B5F, 0x1B5F,
    0x1B5F, 0x1B5F, 0x1B5F, 0x1B5F, 0x1B5F, 0x1B5F, 0x235F, 0x235F, 0x235F, 0x235F, 0x235F, 0x235F,
    0x235F, 0x235F, 0x235F, 0x235F, 0x235F, 0x2B5F, 0x2B5F, 0x2B5F, 0x2BBF, 0x19F4, 0x10CC, 0x192E,
    0x192F, 0x2131, 0x2974, 0x2993, 0x08A7, 0x0042, 0x0042, 0x0042, 0x0042, 0x0042, 0x0042, 0x0042,
    0x0042, 0x0042, 0x0042, 0x0042, 0x0042, 0x0042, 0x0042, 0x0042, 0x0042, 0x0042, 0x0042, 0x0042,
    0x0042, 0x0042, 0x0042, 0x0042, 0x39F5, 0x529F, 0x525E, 0x527F, 0x529F, 0x5A7F, 0x5A7F, 0x5A9F,
    0x5A9F, 0x5A9F, 0x5A9F, 0x5A9F, 0x629F, 0x629F, 0x629F, 0x629F, 0x629F, 0x629F, 0x6A9E, 0x6ADF,
    0x5A78, 0x0042, 0x0042, 0x0042, 0x0042, 0x0042, 0x0042, 0x0042, 0x0042, 0x0042, 0x0042, 0x0042,
    0x0042, 0x0042, 0x0042, 0x0042, 0x0042, 0x0042, 0x4991, 0x9ADF, 0x929E, 0x92BF, 0x929F, 0x92BF,
    0x92BF, 0x92BF, 0x92BF, 0x9ABF, 0x9ABF, 0x9ABF, 0x9ABF, 0x9ABF, 0x9ABF, 0x9ABF, 0x9ABF, 0x9ABF,
    0x9ABE, 0xA2DF, 0x7A78, 0x0042, 0x0042, 0x0042, 0x0042, 0x0042, 0x0042, 0x0042, 0x0042, 0x0042,
    0x0042, 0x0042, 0x0042, 0x0042, 0x0042, 0x139B, 0x141F, 0x1BDF, 0x1BDF, 0x1BDF, 0x1BFF, 0x1BFF,
    0x1BFF, 0x1BFF, 0x1BFF, 0x1BFF, 0x1BFF, 0x1BFF, 0x1BFF, 0x1BDF, 0x1BDF, 0x1BDF, 0x1BDF, 0x1BDF,
    0x1BDF, 0x1BDF, 0x1BDF, 0x1BDF, 0x1BDF, 0x1BDF, 0x1BBF, 0x1BBF, 0x1BBF, 0x1BBF, 0x1BBF, 0x1BBF,
    0x1BDF, 0x1BBF, 0x1BBF, 0x1B9F, 0x1B7F, 0x1B7F, 0x1B7F, 0x1B5F, 0x1B5F, 0x1B5F, 0x1B5F, 0x1B5F,
    0x1B5F, 0x1B5F, 0x1B5F, 0x1B5F, 0x1B5F, 0x1B5F, 0x235F, 0x235F, 0x235F, 0x235F, 0x233F, 0x233F,
    0x235F, 0x235F, 0x235F, 0x235F, 0x2B5F, 0x2B5F, 0x2B9F, 0x2B3C, 0x110E, 0x18ED, 0x190E, 0x2131,
    0x2152, 0x190D, 0x0042, 0x0042, 0x0042, 0x0042, 0x0042, 0x0042, 0x0042, 0x0042, 0x0042, 0x0042,
    0x0042, 0x0042, 0x0042, 0x0042, 0x0042, 0x0042, 0x0042, 0x0042, 0x0042, 0x0042, 0x0042, 0x0042,
    0x0042, 0x0042, 0x0042, 0x39F5, 0x5A9F, 0x525F, 0x527F, 0x529F, 0x5A7F, 0x5A9F, 0x5A9F, 0x5A9F,
    0x5A9F, 0x5A9F, 0x5A9F, 0x629F, 0x629F, 0x629F, 0x629F, 0x629F, 0x629F, 0x629E, 0x6ABF, 0x5278,
    0x0042, 0x0042, 0x0042, 0x0042, 0x0042, 0x0042, 0x0042, 0x0042, 0x0042, 0x0042, 0x0042, 0x0042,
    0x0042, 0x0042, 0x0042, 0x0042, 0x0042, 0x4991, 0x9ADF, 0x929E, 0x92BF, 0x929F, 0x92BF, 0x92BF,
    0x92BF, 0x92BF, 0x9ABF, 0x9ABF, 0x9ABF, 0x9ABF, 0x9ABF, 0x9ABF, 0x9ABF, 0x9ABF, 0x9ABF, 0x9ABE,
    0xA2DF, 0x7A58, 0x0042, 0x0042, 0x0042, 0x0042, 0x0042, 0x0042, 0x0042, 0x0042, 0x0042, 0x0042,
    0x0042, 0x0042, 0x0042, 0x0042, 0x09CF, 0x143F, 0x13DF, 0x1BDF, 0x1BDF, 0x1BDF, 0x1BDF, 0x1BFF,
    0x1BFF, 0x1BFF, 0x1BFF, 0x1BFF, 0x1BDF, 0x1BDF, 0x1BDF, 0x13DF, 0x1BDF, 0x1BDF, 0x1BDF, 0x1BDF,
    0x1BDF, 0x1BDF, 0x1BDF, 0x1BDF, 0x1BBF, 0x1BBF, 0x1BBF, 0x1BBF, 0x1BBF, 0x1BBF, 0x1B9F, 0x1B9F,
    0x1B9F, 0x1B9F, 0x1B7F, 0x1B7F, 0x1B7F, 0x1B7F, 0x1B7F, 0x1B7F, 0x1B5F, 0x1B5F, 0x1B5F, 0x1B5F,
    0x1B5F, 0x1B5F, 0x1B5F, 0x1B5F, 0x1B3F, 0x1B3F, 0x233F, 0x233F, 0x233F, 0x233F, 0x233F, 0x233F,
    0x235F, 0x235F, 0x235F, 0x2B5F, 0x2B5F, 0x2BBF, 0x19D4, 0x18CD, 0x192F, 0x2130, 0x190D, 0x0886,
    0x0042, 0x0042, 0x0042, 0x0042, 0x0042, 0x0042, 0x0042, 0x0042, 0x0042, 0x0042, 0x0042, 0x0042,
    0x0042, 0x0042, 0x0042, 0x0042, 0x0042, 0x0042, 0x0042, 0x0042, 0x0042, 0x0042, 0x0042, 0x0042,
    0x0042, 0x0042, 0x39F5, 0x5A9F, 0x525F, 0x527F, 0x527F, 0x5A7F, 0x5A7F, 0x5A7F, 0x5A9F, 0x5A9F,
    0x5A9F, 0x5A9F, 0x5A9F, 0x629F, 0x629F, 0x629F, 0x629F, 0x629F, 0x629E, 0x6ABF, 0x5258, 0x0042,
    0x0042, 0x0042, 0x0042, 0x0042, 0x0042, 0x0042, 0x0042, 0x0042, 0x0042, 0x0042, 0x0042, 0x0042,
    0x0042, 0x0042, 0x0042, 0x0042, 0x4991, 0x9ADF, 0x929E, 0x92BF, 0x929F, 0x929F, 0x92BF, 0x92BF,
    0x92BF, 0x9ABF, 0x9ABF, 0x9ABF, 0x9ABF, 0x9ABF, 0x9ABF, 0x9ABF, 0x9ABF, 0x9ABF, 0x9ABE, 0xA2DF,
    0x7A58, 0x0042, 0x0042, 0x0042, 0x0042, 0x0042, 0x0042, 0x0042, 0x0042, 0x0042, 0x0042, 0x0042,
    0x0042, 0x0042, 0x0042, 0x0042, 0x0B39, 0x141F, 0x1BBE, 0x1BDF, 0x13DF, 0x13DF, 0x13DF, 0x1BDF,
    0x1BDF, 0x1BDF, 0x1BDF, 0x1BDF, 0x1BDF, 0x1BDF, 0x1BDF, 0x1BDF, 0x1BDF, 0x1BDF, 0x1BDF, 0x1BDF,
    0x1BDF, 0x1BDF, 0x1BBF, 0x1BBF, 0x1BBF, 0x1BBF, 0x1BBF, 0x1B9F, 0x1B9F, 0x1B9F, 0x1B9F, 0x1B9F,
    0x1B9F, 0x1B7F, 0x1B7F, 0x1B7F, 0x1B7F, 0x1B7F, 0x1B7F, 0x1B5F, 0x1B5F, 0x1B5F, 0x1B5F, 0x1B5F,
    0x1B5F, 0x1B3F, 0x1B3F, 0x1B3F, 0x1B3F, 0x233F, 0x233F, 0x233F, 0x233F, 0x233F, 0x233F, 0x233F,
    0x233F, 0x235F, 0x2B3E, 0x2B7F, 0x22FB, 0x10ED, 0x10EB, 0x10CA, 0x0885, 0x0042, 0x0042, 0x0042,
    0x0042, 0x0042, 0x0042, 0x0042, 0x0042, 0x0042, 0x0042, 0x0042, 0x0042, 0x0042, 0x0042, 0x0042,
    0x0042, 0x0042, 0x0042, 0x0042, 0x0042, 0x0042, 0x0042, 0x0042, 0x0042, 0x0042, 0x0042, 0x0042,
    0x0042, 0x39F5, 0x5A9F, 0x525E, 0x527F, 0x527F, 0x527F, 0x5A7F, 0x5A7F, 0x5A9F, 0x5A9F, 0x5A9F,
    0x5A9F, 0x5A9F, 0x629F, 0x629F, 0x629F, 0x629F, 0x629F, 0x629E, 0x6ABF, 0x5257, 0x0042, 0x0042,
    0x0042, 0x0042, 0x0042, 0x0042, 0x0042, 0x0042, 0x0042, 0x0042, 0x0042, 0x0042, 0x0042, 0x0042,
    0x0042, 0x0042, 0x0042, 0x4991, 0x9ADF, 0x929E, 0x92BF, 0x929F, 0x929F, 0x92BF, 0x92BF, 0x92BF,
    0x9ABF, 0x9ABF, 0x9ABF, 0x9ABF, 0x9ABF, 0x9ABF, 0x9ABF, 0x9ABF, 0x9ABF, 0x9ABE, 0xA2DF, 0x7A58,
    0x0042, 0x0042, 0x0042, 0x0042, 0x0042, 0x0042, 0x0042, 0x0042, 0x0042, 0x0042, 0x0042, 0x0042,
    0x0042, 0x0042, 0x0042, 0x00E8, 0x13FE, 0x13DF, 0x1BDE, 0x1BDF, 0x13DF, 0x13DF, 0x1BDF, 0x1BDF,
    0x1BDF, 0x1BDF, 0x1BDF, 0x1BDF, 0x1BDF, 0x1BDF, 0x1BDF, 0x1BDF, 0x1BDF, 0x1BBF, 0x1BBF, 0x1BBF,
    0x1BBF, 0x1BBF, 0x1BBF, 0x1BBF, 0x1BBF, 0x1BBF, 0x1BBF, 0x1B9F, 0x1B9F, 0x1B9F, 0x1B9F, 0x1B7F,
    0x1B7F, 0x1B7F, 0x1B7F, 0x1B7F, 0x1B7F, 0x1B7F, 0x1B5F, 0x1B5F, 0x1B5F, 0x1B5F, 0x1B5F, 0x1B5F,
    0x1B3F, 0x1B3F, 0x1B3F, 0x1B3F, 0x233F, 0x233F, 0x233F, 0x233F, 0x233F, 0x233F, 0x233F, 0x233F,
    0x233F, 0x2B5F, 0x2B5E, 0x090B, 0x0042, 0x0042, 0x0042, 0x0042, 0x0042, 0x0042, 0x0042, 0x0042,
    0x0042, 0x0042, 0x0042, 0x0042, 0x0042, 0x0042, 0x0042, 0x0042, 0x0042, 0x0042, 0x0042, 0x0042,
    0x0042, 0x0042, 0x0042, 0x0042, 0x0042, 0x0042, 0x0042, 0x0042, 0x0042, 0x0042, 0x0042, 0x0042,
    0x39F5, 0x5A9F, 0x525F, 0x527F, 0x527F, 0x527F, 0x5A7F, 0x5A7F, 0x5A7F, 0x5A7F, 0x5A7F, 0x5A7F,
    0x5A9F, 0x5A9F, 0x5A9F, 0x629F, 0x629F, 0x629F, 0x629E, 0x6ABF, 0x5257, 0x0042, 0x0042, 0x0042,
    0x0042, 0x0042, 0x0042, 0x0042, 0x0042, 0x0042, 0x0042, 0x0042, 0x0042, 0x0042, 0x0042, 0x0042,
    0x0042, 0x0042, 0x4991, 0x9ADF, 0x8A9E, 0x92BF, 0x92BF, 0x929F, 0x929F, 0x92BF, 0x929F, 0x929F,
    0x929F, 0x9A9F, 0x9A9F, 0x9A9F, 0x9A9F, 0x9ABF, 0x9ABF, 0x9ABF, 0x9ABE, 0xA2BF, 0x7A58, 0x0042,
    0x0042, 0x0042, 0x0042, 0x0042, 0x0042, 0x0042, 0x0042, 0x0042, 0x0042, 0x0042, 0x0042, 0x0042,
    0x0042, 0x0042, 0x0042, 0x0A11, 0x145F, 0x13BE, 0x13BF, 0x13DF, 0x13DF, 0x13DF, 0x1BDF, 0x1BDF,
    0x1BDF, 0x1BDF, 0x1BDF, 0x1BDF, 0x1BDF, 0x1BDF, 0x1BDF, 0x1BDF, 0x1BBF, 0x1BBF, 0x1BBF, 0x1BBF,
    0x1BBF, 0x1BBF, 0x1BBF, 0x1BBF, 0x1BBF, 0x1B9F, 0x1B9F, 0x1B9F, 0x1B9F, 0x1B7F, 0x1B7F, 0x1B7F,
    0x1B7F, 0x1B7F, 0x1B7F, 0x1B7F, 0x1B7F, 0x1B5F, 0x1B5F, 0x1B5F, 0x1B5F, 0x1B5F, 0x1B5F, 0x1B3F,
    0x1B3F, 0x1B3F, 0x1B3F, 0x1B3F, 0x1B3F, 0x233F, 0x233F, 0x233F, 0x233F, 0x233F, 0x233F, 0x233E,
    0x239F, 0x118F, 0x0042, 0x0042, 0x0042, 0x0042, 0x0042, 0x0042, 0x0042, 0x0042, 0x0042, 0x0042,
    0x0042, 0x0042, 0x0042, 0x0042, 0x0042, 0x0042, 0x0042, 0x0042, 0x0042, 0x0042, 0x0042, 0x0042,
    0x0042, 0x0042, 0x0042, 0x0042, 0x0042, 0x0042, 0x0042, 0x0042, 0x0042, 0x0042, 0x0042, 0x39F5,
    0x5A9F, 0x525F, 0x527F, 0x527F, 0x527F, 0x527F, 0x5A7F, 0x5A7F, 0x5A7F, 0x5A7F, 0x5A7F, 0x5A7F,
    0x5A9F, 0x5A9F, 0x629F, 0x629F, 0x629F, 0x627E, 0x6A9F, 0x5237, 0x0042, 0x0042, 0x0042, 0x0042,
    0x0042, 0x0042, 0x0042, 0x0042, 0x0042, 0x0042, 0x0042, 0x0042, 0x0042, 0x0042, 0x0042, 0x0042,
    0x0042, 0x4992, 0x9ADF, 0x8A9E, 0x92BF, 0x92BF, 0x929F, 0x929F, 0x929F, 0x929F, 0x929F, 0x929F,
    0x929F, 0x9A9F, 0x9ABF, 0x9ABF, 0x9ABF, 0x9ABF, 0x9A9F, 0x9ABE, 0xA2BF, 0x7A58, 0x0042, 0x0042,
    0x0042, 0x0042, 0x0042, 0x0042, 0x0042, 0x0042, 0x0042, 0x0042, 0x0042, 0x0042, 0x0042, 0x0042,
    0x0042, 0x0042, 0x0042, 0x0B17, 0x141F, 0x1BBE, 0x1BBF, 0x13BF, 0x13DF, 0x13DF, 0x13DF, 0x13DF,
    0x1BDF, 0x1BDF, 0x1BDF, 0x1BDF, 0x1BDF, 0x1BBF, 0x1BBF, 0x1BBF, 0x1BBF, 0x1BBF, 0x1BBF, 0x1BBF,
    0x1B9F, 0x1B9F, 0x1B9F, 0x1B9F, 0x1B9F, 0x1B9F, 0x1B9F, 0x1B7F, 0x1B7F, 0x1B7F, 0x1B7F, 0x1B7F,
    0x1B7F, 0x1B7F, 0x1B5F, 0x1B5F, 0x1B5F, 0x1B5F, 0x1B5F, 0x1B5F, 0x1B5F, 0x1B5F, 0x1B3F, 0x1B3F,
    0x1B3F, 0x1B3F, 0x1B3F, 0x233F, 0x233F, 0x233F, 0x231F, 0x233F, 0x233F, 0x233E, 0x239F, 0x1A76,
    0x0042, 0x0042, 0x0042, 0x0042, 0x0042, 0x0042, 0x0042, 0x0042, 0x0042, 0x0042, 0x0042, 0x0042,
    0x0042, 0x0042, 0x0042, 0x0042, 0x0042, 0x0042, 0x0042, 0x0042, 0x0042, 0x0042, 0x0042, 0x0042,
    0x0042, 0x0042, 0x0042, 0x0042, 0x0042, 0x0042, 0x0042, 0x0042, 0x0042, 0x0042, 0x31F5, 0x529F,
    0x525F, 0x527F, 0x527F, 0x527F, 0x527F, 0x527F, 0x527F, 0x5A7F, 0x5A7F, 0x5A7F, 0x5A7F, 0x5A7F,
    0x5A7F, 0x629F, 0x629F, 0x627F, 0x627E, 0x6A9F, 0x5237, 0x0042, 0x0042, 0x0042, 0x0042, 0x0042,
    0x0042, 0x0042, 0x0042, 0x0042, 0x0042, 0x0042, 0x0042, 0x0042, 0x0042, 0x0042, 0x0042, 0x0042,
    0x4992, 0x9ADF, 0x8A9E, 0x92BF, 0x929F, 0x929F, 0x929F, 0x929F, 0x929F, 0x929F, 0x929F, 0x929F,
    0x929F, 0x9A9F, 0x9A9F, 0x9ABF, 0x9ABF, 0x9A9F, 0x9ABE, 0xA2BF, 0x7A58, 0x0042, 0x0042, 0x0042,
    0x0042, 0x0042, 0x0042, 0x0042, 0x0042, 0x0042, 0x0042, 0x0042, 0x0042, 0x0042, 0x0042, 0x0042,
    0x0042, 0x0042, 0x0063, 0x139C, 0x13FF, 0x1BBE, 0x1BBF, 0x13BF, 0x13BF, 0x13BF, 0x13BF, 0x13BF,
    0x13BF, 0x1BBF, 0x1BBF, 0x1BBF, 0x1BBF, 0x1BBF, 0x1BBF, 0x1BBF, 0x1BBF, 0x1BBF, 0x1BBF, 0x1B9F,
    0x1B9F, 0x1B9F, 0x1B9F, 0x1B9F, 0x1B9F, 0x1B7F, 0x1B7F, 0x1B7F, 0x1B7F, 0x1B7F, 0x1B7F, 0x1B7F,
    0x1B5F, 0x1B5F, 0x1B5F, 0x1B5F, 0x1B5F, 0x1B5F, 0x1B5F, 0x1B5F, 0x1B3F, 0x1B3F, 0x1B3F, 0x233F,
    0x233F, 0x233F, 0x233F, 0x233F, 0x233F, 0x231F, 0x233F, 0x231F, 0x235F, 0x22FB, 0x0044, 0x0042,
    0x0042, 0x0042, 0x0042, 0x0042, 0x0042, 0x0042, 0x0042, 0x0042, 0x0042, 0x0042, 0x0042, 0x0042,
    0x0042, 0x0042, 0x0042, 0x0042, 0x0042, 0x0042, 0x0042, 0x0042, 0x0042, 0x0042, 0x0042, 0x0042,
    0x0042, 0x0042, 0x0042, 0x0042, 0x0042, 0x0042, 0x0042, 0x0042, 0x0042, 0x31D4, 0x529F, 0x525E,
    0x527F, 0x527F, 0x527F, 0x527F, 0x527F, 0x527F, 0x5A7F, 0x5A7F, 0x5A7F, 0x5A7F, 0x5A7F, 0x5A7F,
    0x5A7F, 0x627F, 0x627F, 0x627E, 0x6A9F, 0x5237, 0x0042, 0x0042, 0x0042, 0x0042, 0x0042, 0x0042,
    0x0042, 0x0042, 0x0042, 0x0042, 0x0042, 0x0042, 0x0042, 0x0042, 0x0042, 0x0042, 0x0042, 0x49B2,
    0x9ADF, 0x8A9E, 0x8A9F, 0x8A9F, 0x929F, 0x929F, 0x929F, 0x929F, 0x929F, 0x929F, 0x929F, 0x929F,
    0x929F, 0x9A9F, 0x9A9F, 0x9ABF, 0x9A9F, 0x9ABE, 0xA2BF, 0x7A58, 0x0042, 0x0042, 0x0042, 0x0042,
    0x0042, 0x0042, 0x0042, 0x0042, 0x0042, 0x0042, 0x0042, 0x0042, 0x0042, 0x0042, 0x0042, 0x0042,
    0x0042, 0x0042, 0x0109, 0x13FE, 0x13DF, 0x1BBF, 0x1BBF, 0x13BF, 0x13BF, 0x13BF, 0x1BBF, 0x1BBF,
    0x1BBF, 0x1BBF, 0x1BBF, 0x1BBF, 0x1BBF, 0x1BBF, 0x1BBF, 0x1BBF, 0x1BBF, 0x1BBF, 0x1B9F, 0x1B9F,
    0x1B9F, 0x1B9F, 0x1B7F, 0x1B7F, 0x1B7F, 0x1B7F, 0x1B7F, 0x1B7F, 0x1B5F, 0x1B5F, 0x1B5F, 0x1B5F,
    0x1B5F, 0x1B5F, 0x1B5F, 0x1B5F, 0x1B5F, 0x1B5F, 0x1B5F, 0x1B3F, 0x233F, 0x233F, 0x233F, 0x233F,
    0x233F, 0x233F, 0x233F, 0x233F, 0x233F, 0x231E, 0x233F, 0x235E, 0x08C9, 0x0042, 0x0042, 0x0042,
    0x0042, 0x0042, 0x0042, 0x0042, 0x0042, 0x0042, 0x0042, 0x0042, 0x0042, 0x0042, 0x0042, 0x0042,
    0x0042, 0x0042, 0x0042, 0x0042, 0x0042, 0x0042, 0x0042, 0x0042, 0x0042, 0x0042, 0x0042, 0x0042,
    0x0042, 0x0042, 0x0042, 0x0042, 0x0042, 0x0042, 0x0042, 0x0042, 0x31D4, 0x529F, 0x523E, 0x525F,
    0x525E, 0x525F, 0x525F, 0x527F, 0x527F, 0x5A7F, 0x5A7F, 0x5A7F, 0x5A7F, 0x5A7F, 0x5A7F, 0x5A7F,
    0x5A7F, 0x627F, 0x627E, 0x629F, 0x5217, 0x0042, 0x0042, 0x0042, 0x0042, 0x0042, 0x0042, 0x0042,
    0x0042, 0x0042, 0x0042, 0x0042, 0x0042, 0x0042, 0x0042, 0x0042, 0x0042, 0x0042, 0x49B2, 0x9ABF,
    0x8A7E, 0x8A9F, 0x8A7F, 0x8A7F, 0x8A7F, 0x929F, 0x929F, 0x929F, 0x929F, 0x929F, 0x929F, 0x929F,
    0x929F, 0x929F, 0x929F, 0x9A9F, 0x929E, 0xA2BF, 0x7A58, 0x0042, 0x0042, 0x0042, 0x0042, 0x0042,
    0x0042, 0x0042, 0x0042, 0x0042, 0x0042, 0x0042, 0x0042, 0x0042, 0x0042, 0x0042, 0x0042, 0x0042,
    0x0042, 0x0042, 0x016D, 0x141F, 0x13BF, 0x139F, 0x13BF, 0x1BBF, 0x1BBF, 0x1BBF, 0x1BBF, 0x1BBF,
    0x1BBF, 0x1BBF, 0x1BBF, 0x1BBF, 0x1BBF, 0x1BBF, 0x1B9F, 0x1B9F, 0x1B9F, 0x1B9F, 0x1B9F, 0x1B9F,
    0x1B9F, 0x1B7F, 0x1B7F, 0x1B7F, 0x1B7F, 0x1B7F, 0x1B7F, 0x1B7F, 0x1B5F, 0x1B5F, 0x1B5F, 0x1B5F,
    0x1B5F, 0x1B5F, 0x1B5F, 0x1B5F, 0x1B5F, 0x1B5F, 0x1B5F, 0x1B3F, 0x233F, 0x233F, 0x233F, 0x233F,
    0x233F, 0x233F, 0x233F, 0x231F, 0x231F, 0x237F, 0x094D, 0x0042, 0x0042, 0x0042, 0x0042, 0x0042,
    0x0042, 0x0042, 0x0042, 0x0042, 0x0042, 0x0042, 0x0042, 0x0042, 0x0042, 0x0042, 0x0042, 0x0042,
    0x0042, 0x0042, 0x0042, 0x0042, 0x0042, 0x0042, 0x0042, 0x0042, 0x0042, 0x0042, 0x0042, 0x0042,
    0x0042, 0x0042, 0x0042, 0x0042, 0x0042, 0x0042, 0x0042, 0x31D4, 0x527F, 0x4A3E, 0x525F, 0x525F,
    0x525F, 0x527F, 0x527F, 0x5A7F, 0x5A7F, 0x5A7F, 0x5A7F, 0x5A7F, 0x5A7F, 0x5A7F, 0x5A7F, 0x5A7F,
    0x627F, 0x627E, 0x6A9F, 0x5237, 0x0042, 0x0042, 0x0042, 0x0042, 0x0042, 0x0042, 0x0042, 0x0042,
    0x0042, 0x0042, 0x0042, 0x0042, 0x0042, 0x0042, 0x0042, 0x0042, 0x0042, 0x49B2, 0x92BF, 0x8A7E,
    0x8A7F, 0x8A7F, 0x8A7F, 0x8A7F, 0x929F, 0x929F, 0x929F, 0x929F, 0x929F, 0x929F, 0x929F, 0x929F,
    0x929F, 0x929F, 0x927F, 0x927E, 0xA2BF, 0x7A58, 0x0042, 0x0042, 0x0042, 0x0042, 0x0042, 0x0042,
    0x0042, 0x0042, 0x0042, 0x0042, 0x0042, 0x0042, 0x0042, 0x0042, 0x0042, 0x0042, 0x0042, 0x0042,
    0x0042, 0x0042, 0x016D, 0x13FF, 0x13DE, 0x1BBE, 0x1BBF, 0x1BBF, 0x1BBF, 0x1BBF, 0x1BBF, 0x1BBF,
    0x1BBF, 0x1BBF, 0x1BBF, 0x1BBF, 0x1B9F, 0x1B9F, 0x1B9F, 0x1B9F, 0x1B9F, 0x1B9F, 0x1B7F, 0x1B7F,
    0x1B7F, 0x1B7F, 0x1B7F, 0x1B7F, 0x1B7F, 0x1B5F, 0x1B5F, 0x1B5F, 0x1B5F, 0x1B5F, 0x1B5F, 0x1B5F,
    0x1B5F, 0x1B5F, 0x1B5F, 0x1B5F, 0x1B5F, 0x1B5F, 0x233F, 0x233F, 0x233F, 0x233F, 0x233F, 0x233F,
    0x233F, 0x233E, 0x235F, 0x237F, 0x094E, 0x0042, 0x0042, 0x0042, 0x0042, 0x0042, 0x0042, 0x0042,
    0x0042, 0x0042, 0x0042, 0x0042, 0x0042, 0x0042, 0x0042, 0x0042, 0x0042, 0x0042, 0x0042, 0x0042,
    0x0042, 0x0042, 0x0042, 0x0042, 0x0042, 0x0042, 0x0042, 0x0042, 0x0042, 0x0042, 0x0042, 0x0042,
    0x0042, 0x0042, 0x0042, 0x0042, 0x0042, 0x0042, 0x31B4, 0x525F, 0x4A1E, 0x525F, 0x525F, 0x525F,
    0x527F, 0x527F, 0x5A7F, 0x5A7F, 0x5A7F, 0x5A7F, 0x5A7F, 0x5A7F, 0x5A7F, 0x5A7F, 0x5A7F, 0x5A5E,
    0x5A5E, 0x627F, 0x49F6, 0x0042, 0x0042, 0x0042, 0x0042, 0x0042, 0x0042, 0x0042, 0x0042, 0x0042,
    0x0042, 0x0042, 0x0042, 0x0042, 0x0042, 0x0042, 0x0042, 0x0042, 0x4992, 0x929F, 0x825E, 0x8A5F,
    0x8A5F, 0x8A7F, 0x8A7F, 0x929F, 0x929F, 0x929F, 0x929F, 0x929F, 0x929F, 0x929F, 0x929F, 0x929F,
    0x927F, 0x927F, 0x927E, 0xA29F, 0x7237, 0x0042, 0x0042, 0x0042, 0x0042, 0x0042, 0x0042, 0x0042,
    0x0042, 0x0042, 0x0042, 0x0042, 0x0042, 0x0042, 0x0042, 0x0042, 0x0042, 0x0042, 0x0042, 0x0042,
    0x0042, 0x0042, 0x016C, 0x13FE, 0x13FF, 0x1B9E, 0x1BBF, 0x1BBF, 0x1BBF, 0x1BBF, 0x1BBF, 0x1BBF,
    0x1B9F, 0x1B9F, 0x1B9F, 0x1B9F, 0x1B9F, 0x1B9F, 0x1B9F, 0x1B9F, 0x1B9F, 0x1B7F, 0x1B7F, 0x1B7F,
    0x1B7F, 0x1B7F, 0x1B7F, 0x1B5F, 0x1B5F, 0x1B5F, 0x1B5F, 0x1B5F, 0x1B5F, 0x1B5F, 0x1B5F, 0x1B5F,
    0x1B5F, 0x1B5F, 0x1B5F, 0x1B5F, 0x1B3F, 0x1B3F, 0x1B3F, 0x1B3F, 0x1B3F, 0x233F, 0x233F, 0x233E,
    0x235F, 0x235E, 0x092C, 0x0042, 0x0042, 0x0042, 0x0042, 0x0042, 0x0042, 0x0042, 0x0042, 0x0042,
    0x0042, 0x0042, 0x0042, 0x0042, 0x0042, 0x0042, 0x0042, 0x0042, 0x0042, 0x0042, 0x0042, 0x0042,
    0x0042, 0x0042, 0x0042, 0x0042, 0x0042, 0x0042, 0x0042, 0x0042, 0x0042, 0x0042, 0x0042, 0x0042,
    0x0042, 0x0042, 0x0042, 0x0042, 0x0042, 0x2970, 0x525F, 0x4A1E, 0x523E, 0x525F, 0x525F, 0x525F,
    0x527F, 0x5A7F, 0x5A7F, 0x5A7F, 0x5A7F, 0x5A7F, 0x5A9F, 0x5A9F, 0x5A7F, 0x5A7F, 0x5A5E, 0x5A5E,
    0x6A9F, 0x3171, 0x0042, 0x0042, 0x0042, 0x0042, 0x0042, 0x0042, 0x0042, 0x0042, 0x0042, 0x0042,
    0x0042, 0x0042, 0x0042, 0x0042, 0x0042, 0x0042, 0x0042, 0x312E, 0x929F, 0x823F, 0x8A5F, 0x8A5F,
    0x8A7F, 0x8A7F, 0x929F, 0x929F, 0x929F, 0x929F, 0x929F, 0x929F, 0x929F, 0x929F, 0x929F, 0x929F,
    0x927F, 0x927E, 0xA2BF, 0x51B2, 0x0042, 0x0042, 0x0042, 0x0042, 0x0042, 0x0042, 0x0042, 0x0042,
    0x0042, 0x0042, 0x0042, 0x0042, 0x0042, 0x0042, 0x0042, 0x0042, 0x0042, 0x0042, 0x0042, 0x0042,
    0x0042, 0x0042, 0x0109, 0x139D, 0x1BFF, 0x1B9E, 0x1BBF, 0x1BBF, 0x1B9F, 0x1B9F, 0x1B9F, 0x1B9F,
    0x1B9F, 0x1B9F, 0x1B9F, 0x1B9F, 0x1B7F, 0x1B7F, 0x1B7F, 0x1B7F, 0x1B7F, 0x1B7F, 0x1B7F, 0x1B7F,
    0x1B7F, 0x1B5F, 0x1B5F, 0x1B5F, 0x1B5F, 0x1B5F, 0x1B5F, 0x1B5F, 0x1B5F, 0x1B5F, 0x1B5F, 0x1B5F,
    0x1B3F, 0x1B3F, 0x1B5F, 0x1B3F, 0x1B3F, 0x1B3F, 0x1B3F, 0x1B3F, 0x233F, 0x231E, 0x2B7F, 0x1B1C,
    0x00EA, 0x0042, 0x0042, 0x0042, 0x0042, 0x0042, 0x0042, 0x0042, 0x0042, 0x0042, 0x0042, 0x0042,
    0x0042, 0x0042, 0x0042, 0x0042, 0x0042, 0x0042, 0x0042, 0x0042, 0x0042, 0x0042, 0x0042, 0x0042,
    0x0042, 0x0042, 0x0042, 0x0042, 0x0042, 0x0042, 0x0042, 0x0042, 0x0042, 0x0042, 0x0042, 0x0042,
    0x0042, 0x0042, 0x0042, 0x0042, 0x10CA, 0x523F, 0x4A1E, 0x523E, 0x525F, 0x525F, 0x527F, 0x527F,
    0x5A7F, 0x5A7F, 0x5A7F, 0x5A7F, 0x5A7F, 0x5A9F, 0x5A9F, 0x5A9F, 0x5A9F, 0x627E, 0x625E, 0x629E,
    0x18EA, 0x0042, 0x0042, 0x0042, 0x0042, 0x0042, 0x0042, 0x0042, 0x0042, 0x0042, 0x0042, 0x0042,
    0x0042, 0x0042, 0x0042, 0x0042, 0x0042, 0x0042, 0x1065, 0x827D, 0x8A5F, 0x825F, 0x8A5F, 0x8A7F,
    0x8A7F, 0x929F, 0x929F, 0x929F, 0x929F, 0x929F, 0x929F, 0x929F, 0x929F, 0x929F, 0x929F, 0x929E,
    0x927E, 0x9ADF, 0x310B, 0x0042, 0x0042, 0x0042, 0x0042, 0x0042, 0x0042, 0x0042, 0x0042, 0x0042,
    0x0042, 0x0042, 0x0042, 0x0042, 0x0042, 0x0042, 0x0042, 0x0042, 0x0042, 0x0042, 0x0042, 0x0042,
    0x0042, 0x0042, 0x0084, 0x1339, 0x1C1F, 0x1B9F, 0x1B9E, 0x1B9F, 0x139F, 0x139F, 0x139F, 0x1B9F,
    0x1B9F, 0x1B9F, 0x1B7F, 0x1B7F, 0x1B7F, 0x1B7F, 0x1B7F, 0x1B7F, 0x1B7F, 0x1B7F, 0x1B7F, 0x1B7F,
    0x1B5F, 0x1B5F, 0x1B5F, 0x1B5F, 0x1B5F, 0x1B5F, 0x1B5F, 0x1B5F, 0x1B5F, 0x1B5F, 0x1B3F, 0x1B3F,
    0x1B3F, 0x1B3F, 0x1B3F, 0x1B3F, 0x1B3F, 0x1B3F, 0x231E, 0x231E, 0x237F, 0x1A98, 0x0065, 0x0042,
    0x0042, 0x0042, 0x0042, 0x0042, 0x0042, 0x0042, 0x0042, 0x0042, 0x0042, 0x0042, 0x0042, 0x0042,
    0x0042, 0x0042, 0x0042, 0x0042, 0x0042, 0x0042, 0x0042, 0x0042, 0x0042, 0x0042, 0x0042, 0x0042,
    0x0042, 0x0042, 0x0042, 0x0042, 0x0042, 0x0042, 0x0042, 0x0042, 0x0042, 0x0042, 0x0042, 0x0042,
    0x0042, 0x0042, 0x0042, 0x0042, 0x41FA, 0x523F, 0x523E, 0x525F, 0x525F, 0x525F, 0x527F, 0x527F,
    0x5A7F, 0x5A7F, 0x5A7F, 0x5A7F, 0x5A7F, 0x5A9F, 0x5A9F, 0x629F, 0x629E, 0x629F, 0x523A, 0x0042,
    0x0042, 0x0042, 0x0042, 0x0042, 0x0042, 0x0042, 0x0042, 0x0042, 0x0042, 0x0042, 0x0042, 0x0042,
    0x0042, 0x0042, 0x0042, 0x0042, 0x0042, 0x0042, 0x61F6, 0x927F, 0x8A5E, 0x8A7F, 0x8A7F, 0x8A7F,
    0x929F, 0x929F, 0x929F, 0x929F, 0x929F, 0x929F, 0x929F, 0x929F, 0x929F, 0x929F, 0x929E, 0x9A9F,
    0x827C, 0x0042, 0x0042, 0x0042, 0x0042, 0x0042, 0x0042, 0x0042, 0x0042, 0x0042, 0x0042, 0x0042,
    0x0042, 0x0042, 0x0042, 0x0042, 0x0042, 0x0042, 0x0042, 0x0042, 0x0042, 0x0042, 0x0042, 0x0042,
    0x0042, 0x0042, 0x0042, 0x0A33, 0x13FF, 0x1BDF, 0x1B9E, 0x1B9F, 0x1B9F, 0x1B9F, 0x1B9F, 0x1B9F,
    0x1B7F, 0x1B7F, 0x1B7F, 0x1B7F, 0x1B7F, 0x1B7F, 0x1B7F, 0x1B7F, 0x1B7F, 0x1B7F, 0x1B7F, 0x1B5F,
    0x1B5F, 0x1B5F, 0x1B5F, 0x1B5F, 0x1B5F, 0x1B5F, 0x1B5F, 0x1B5F, 0x1B3F, 0x1B3F, 0x1B3F, 0x1B3F,
    0x1B3F, 0x1B3F, 0x1B3F, 0x233F, 0x231E, 0x235F, 0x1B7F, 0x09F2, 0x0042, 0x0042, 0x0042, 0x0042,
    0x0042, 0x0042, 0x0042, 0x0042, 0x0042, 0x0042, 0x0042, 0x0042, 0x0042, 0x0042, 0x0042, 0x0042,
    0x0042, 0x0042, 0x0042, 0x0042, 0x0042, 0x0042, 0x0042, 0x0042, 0x0042, 0x0042, 0x0042, 0x0042,
    0x0042, 0x0042, 0x0042, 0x0042, 0x0042, 0x0042, 0x0042, 0x0042, 0x0042, 0x0042, 0x0042, 0x0042,
    0x0042, 0x0042, 0x0042, 0x210F, 0x5A7F, 0x525E, 0x527E, 0x525F, 0x525F, 0x525E, 0x525F, 0x525F,
    0x525F, 0x5A5F, 0x5A7F, 0x5A7F, 0x5A9F, 0x5A9F, 0x629F, 0x629E, 0x6ABF, 0x290D, 0x0042, 0x0042,
    0x0042, 0x0042, 0x0042, 0x0042, 0x0042, 0x0042, 0x0042, 0x0042, 0x0042, 0x0042, 0x0042, 0x0042,
    0x0042, 0x0042, 0x0042, 0x0042, 0x0042, 0x20AA, 0x92BF, 0x8A7F, 0x929E, 0x929F, 0x929F, 0x929F,
    0x929F, 0x929F, 0x927F, 0x929F, 0x929F, 0x929F, 0x929F, 0x9ABF, 0x9ABF, 0x929E, 0xA2DF, 0x494F,
    0x0042, 0x0042, 0x0042, 0x0042, 0x0042, 0x0042, 0x0042, 0x0042, 0x0042, 0x0042, 0x0042, 0x0042,
    0x0042, 0x0042, 0x0042, 0x0042, 0x0042, 0x0042, 0x0042, 0x0042, 0x0042, 0x0042, 0x0042, 0x0042,
    0x0042, 0x0042, 0x0042, 0x090A, 0x131A, 0x1BFF, 0x1BDF, 0x1B9E, 0x1B7F, 0x139F, 0x139F, 0x137F,
    0x137F, 0x137F, 0x137F, 0x1B7F, 0x1B5F, 0x1B5F, 0x1B7F, 0x1B7F, 0x1B7F, 0x1B5F, 0x1B5F, 0x1B5F,
    0x1B5F, 0x1B5F, 0x1B5F, 0x1B5F, 0x1B3F, 0x1B3F, 0x1B3F, 0x1B3F, 0x1B3F, 0x1B3F, 0x1B3F, 0x1B3F,
    0x233F, 0x233E, 0x2B5F, 0x239F, 0x1ABA, 0x010A, 0x0042, 0x0042, 0x0042, 0x0042, 0x0042, 0x0042,
    0x0042, 0x0042, 0x0042, 0x0042, 0x0042, 0x0042, 0x0042, 0x0042, 0x0042, 0x0042, 0x0042, 0x0042,
    0x0042, 0x0042, 0x0042, 0x0042, 0x0042, 0x0042, 0x0042, 0x0042, 0x0042, 0x0042, 0x0042, 0x0042,
    0x0042, 0x0042, 0x0042, 0x0042, 0x0042, 0x0042, 0x0042, 0x0042, 0x0042, 0x0042, 0x0042, 0x0042,
    0x0042, 0x0042, 0x0042, 0x39D8, 0x5ABF, 0x527E, 0x527E, 0x525E, 0x525E, 0x525E, 0x525F, 0x525F,
    0x525E, 0x525F, 0x5A7F, 0x5A7F, 0x5A9E, 0x627E, 0x6ADF, 0x41D5, 0x0042, 0x0042, 0x0042, 0x0042,
    0x0042, 0x0042, 0x0042, 0x0042, 0x0042, 0x0042, 0x0042, 0x0042, 0x0042, 0x0042, 0x0042, 0x0042,
    0x0042, 0x0042, 0x0042, 0x0042, 0x0042, 0x4972, 0x9B1F, 0x929E, 0x929E, 0x929F, 0x929F, 0x927F,
    0x927F, 0x927F, 0x927F, 0x927F, 0x929F, 0x929F, 0x92BF, 0x92BE, 0xA2DF, 0x7217, 0x0042, 0x0042,
    0x0042, 0x0042, 0x0042, 0x0042, 0x0042, 0x0042, 0x0042, 0x0042, 0x0042, 0x0042, 0x0042, 0x0042,
    0x0042, 0x0042, 0x0042, 0x0042, 0x0042, 0x0042, 0x0042, 0x0042, 0x0042, 0x0042, 0x0042, 0x0042,
    0x0042, 0x0042, 0x0042, 0x0042, 0x09AE, 0x135B, 0x1BFF, 0x13DF, 0x139E, 0x137E, 0x137F, 0x137F,
    0x137F, 0x137F, 0x137F, 0x1B7F, 0x1B5F, 0x1B5F, 0x1B5F, 0x1B5F, 0x1B5F, 0x1B5F, 0x1B5F, 0x1B5F,
    0x1B5F, 0x1B5F, 0x1B3F, 0x1B3F, 0x1B3F, 0x133F, 0x1B3F, 0x1B3F, 0x1B3E, 0x1B3E, 0x233E, 0x237F,
    0x237F, 0x1AFA, 0x098E, 0x0042, 0x0042, 0x0042, 0x0042, 0x0042, 0x0042, 0x0042, 0x0042, 0x0042,
    0x0042, 0x0042, 0x0042, 0x0042, 0x0042, 0x0042, 0x0042, 0x0042, 0x0042, 0x0042, 0x0042, 0x0042,
    0x0042, 0x0042, 0x0042, 0x0042, 0x0042, 0x0042, 0x0042, 0x0042, 0x0042, 0x0042, 0x0042, 0x0042,
    0x0042, 0x0042, 0x0042, 0x0042, 0x0042, 0x0042, 0x0042, 0x0042, 0x0042, 0x0042, 0x0042, 0x0042,
    0x0042, 0x0042, 0x0865, 0x4A5A, 0x5ABF, 0x525D, 0x525E, 0x525E, 0x523E, 0x523E, 0x523E, 0x523E,
    0x523E, 0x525E, 0x525E, 0x5A5F, 0x6ABF, 0x4A17, 0x0042, 0x0042, 0x0042, 0x0042, 0x0042, 0x0042,
    0x0042, 0x0042, 0x0042, 0x0042, 0x0042, 0x0042, 0x0042, 0x0042, 0x0042, 0x0042, 0x0042, 0x0042,
    0x0042, 0x0042, 0x0042, 0x0042, 0x0042, 0x59D4, 0xA31F, 0x929E, 0x8A7E, 0x8A7F, 0x8A7F, 0x8A7E,
    0x8A5F, 0x8A5F, 0x925F, 0x927F, 0x927E, 0x927F, 0xAAFF, 0x8278, 0x0844, 0x0042, 0x0042, 0x0042,
    0x0042, 0x0042, 0x0042, 0x0042, 0x0042, 0x0042, 0x0042, 0x0042, 0x0042, 0x0042, 0x0042, 0x0042,
    0x0042, 0x0042, 0x0042, 0x0042, 0x0042, 0x0042, 0x0042, 0x0042, 0x0042, 0x0042, 0x0042, 0x0042,
    0x0042, 0x0042, 0x0042, 0x0042, 0x0042, 0x09CF, 0x1339, 0x13DF, 0x13DF, 0x1B9F, 0x1B7E, 0x1B5E,
    0x135E, 0x135F, 0x135F, 0x1B5F, 0x1B5F, 0x1B5F, 0x1B5F, 0x1B5F, 0x1B5F, 0x1B5F, 0x1B5F, 0x1B5F,
    0x1B3F, 0x1B3F, 0x133F, 0x131F, 0x131E, 0x1B1E, 0x1B1E, 0x235F, 0x237F, 0x235F, 0x1AD9, 0x098F,
    0x0042, 0x0042, 0x0042, 0x0042, 0x0042, 0x0042, 0x0042, 0x0042, 0x0042, 0x0042, 0x0042, 0x0042,
    0x0042, 0x0042, 0x0042, 0x0042, 0x0042, 0x0042, 0x0042, 0x0042, 0x0042, 0x0042, 0x0042, 0x0042,
    0x0042, 0x0042, 0x0042, 0x0042, 0x0042, 0x0042, 0x0042, 0x0042, 0x0042, 0x0042, 0x0042, 0x0042,
    0x0042, 0x0042, 0x0042, 0x0042, 0x0042, 0x0042, 0x0042, 0x0042, 0x0042, 0x0042, 0x0042, 0x0042,
    0x0042, 0x0042, 0x0044, 0x39D6, 0x5A9F, 0x525F, 0x523E, 0x4A3E, 0x4A3E, 0x4A1E, 0x523E, 0x523E,
    0x523F, 0x5A5F, 0x5A9E, 0x3192, 0x0042, 0x0042, 0x0042, 0x0042, 0x0042, 0x0042, 0x0042, 0x0042,
    0x0042, 0x0042, 0x0042, 0x0042, 0x0042, 0x0042, 0x0042, 0x0042, 0x0042, 0x0042, 0x0042, 0x0042,
    0x0042, 0x0042, 0x0042, 0x0042, 0x0042, 0x4970, 0x92BD, 0x92BF, 0x8A7F, 0x8A5E, 0x8A5E, 0x8A5E,
    0x8A5E, 0x925E, 0x925F, 0x9A9F, 0x9ABF, 0x61F4, 0x0042, 0x0042, 0x0042, 0x0042, 0x0042, 0x0042,
    0x0042, 0x0042, 0x0042, 0x0042, 0x0042, 0x0042, 0x0042, 0x0042, 0x0042, 0x0042, 0x0042, 0x0042,
    0x0042, 0x0042, 0x0042, 0x0042, 0x0042, 0x0042, 0x0042, 0x0042, 0x0042, 0x0042, 0x0042, 0x0042,
    0x0042, 0x0042, 0x0042, 0x0042, 0x0042, 0x0042, 0x094B, 0x1275, 0x135D, 0x1BBF, 0x1BBF, 0x1B9F,
    0x1B5F, 0x133F, 0x1B3E, 0x1B3E, 0x1B3E, 0x1B5E, 0x1B5F, 0x235E, 0x235E, 0x235E, 0x233E, 0x233E,
    0x1B3E, 0x1B1F, 0x1B1F, 0x1B3F, 0x1B5F, 0x235F, 0x1AFC, 0x1214, 0x090B, 0x0042, 0x0042, 0x0042,
    0x0042, 0x0042, 0x0042, 0x0042, 0x0042, 0x0042, 0x0042, 0x0042, 0x0042, 0x0042, 0x0042, 0x0042,
    0x0042, 0x0042, 0x0042, 0x0042, 0x0042, 0x0042, 0x0042, 0x0042, 0x0042, 0x0042, 0x0042, 0x0042,
    0x0042, 0x0042, 0x0042, 0x0042, 0x0042, 0x0042, 0x0042, 0x0042, 0x0042, 0x0042, 0x0042, 0x0042,
    0x0042, 0x0042, 0x0042, 0x0042, 0x0042, 0x0042, 0x0042, 0x0042, 0x0042, 0x0042, 0x0042, 0x0042,
    0x0042, 0x0042, 0x0042, 0x20EC, 0x41D8, 0x525E, 0x525F, 0x5A5F, 0x5A5F, 0x5A7F, 0x5A5F, 0x523D,
    0x3995, 0x10A9, 0x0042, 0x0042, 0x0042, 0x0042, 0x0042, 0x0042, 0x0042, 0x0042, 0x0042, 0x0042,
    0x0042, 0x0042, 0x0042, 0x0042, 0x0042, 0x0042, 0x0042, 0x0042, 0x0042, 0x0042, 0x0042, 0x0042,
    0x0042, 0x0042, 0x0042, 0x0042, 0x0042, 0x20A8, 0x59D5, 0x827C, 0x8A9F, 0x929F, 0x929F, 0x929F,
    0x927F, 0x8A7D, 0x69F6, 0x28EB, 0x0042, 0x0042, 0x0042, 0x0042, 0x0042, 0x0042, 0x0042, 0x0042,
    0x0042, 0x0042, 0x0042, 0x0042, 0x0042, 0x0042, 0x0042, 0x0042, 0x0042, 0x0042, 0x0042, 0x0042,
    0x0042, 0x0042, 0x0042, 0x0042, 0x0042, 0x0042, 0x0042, 0x0042, 0x0042, 0x0042, 0x0042, 0x0042,
    0x0042, 0x0042, 0x0042, 0x0042, 0x0042, 0x0042, 0x0042, 0x0043, 0x094C, 0x1234, 0x12D9, 0x1B3C,
    0x1B7F, 0x1B9F, 0x1B9F, 0x1B9F, 0x239F, 0x239F, 0x239F, 0x23BF, 0x239F, 0x239F, 0x239F, 0x237F,
    0x1B5F, 0x1B1D, 0x1298, 0x1213, 0x092B, 0x0042, 0x0042, 0x0042, 0x0042, 0x0042, 0x0042, 0x0042,
    0x0042, 0x0042, 0x0042, 0x0042, 0x0042, 0x0042, 0x0042, 0x0042, 0x0042, 0x0042, 0x0042, 0x0042,
    0x0042, 0x0042, 0x0042, 0x0042, 0x0042, 0x0042, 0x0042, 0x0042, 0x0042, 0x0042, 0x0042, 0x0042,
    0x0042, 0x0042, 0x0042, 0x0042, 0x0042, 0x0042, 0x0042, 0x0042, 0x0042, 0x0042, 0x0042, 0x0042,
    0x0042, 0x0042, 0x0042, 0x0042, 0x0042, 0x0042, 0x0042, 0x0042, 0x0042, 0x0042, 0x0042, 0x0042,
    0x0042, 0x0042, 0x0042, 0x0042, 0x1088, 0x210E, 0x2931, 0x2951, 0x2930, 0x20CC, 0x0044, 0x0042,
    0x0042, 0x0042, 0x0042, 0x0042, 0x0042, 0x0042, 0x0042, 0x0042, 0x0042, 0x0042, 0x0042, 0x0042,
    0x0042, 0x0042, 0x0042, 0x0042, 0x0042, 0x0042, 0x0042, 0x0042, 0x0042, 0x0042, 0x0042, 0x0042,
    0x0042, 0x0042, 0x0042, 0x0042, 0x0042, 0x0042, 0x0844, 0x30CB, 0x410E, 0x410F, 0x410F, 0x30CC,
    0x1065, 0x0042, 0x0042, 0x0042, 0x0042, 0x0042, 0x0042, 0x0042, 0x0042, 0x0042, 0x0042, 0x0042,
    0x0042, 0x0042, 0x0042, 0x0042, 0x0042, 0x0042, 0x0042, 0x0042, 0x0042, 0x0042, 0x0042, 0x0042,
    0x0042, 0x0042, 0x0042, 0x0042, 0x0042, 0x0042, 0x0042, 0x0042, 0x0042, 0x0042, 0x0042, 0x0042,
    0x0042, 0x0042, 0x0042, 0x0042, 0x0042, 0x0042, 0x0042, 0x0042, 0x0042, 0x0042, 0x0085, 0x092B,
    0x09AF, 0x09F1, 0x1234, 0x1276, 0x1297, 0x1297, 0x1297, 0x1298, 0x1276, 0x11F2, 0x098F, 0x092B,
    0x0085, 0x0042, 0x0042, 0x0042, 0x0042, 0x0042, 0x0042, 0x0042, 0x0042, 0x0042, 0x0042, 0x0042,
    0x0042, 0x0042, 0x0042, 0x0042, 0x0042, 0x0042, 0x0042, 0x0042, 0x0042, 0x0042, 0x0042, 0x0042,
    0x0042, 0x0042, 0x0042, 0x0042, 0x0042, 0x0042, 0x0042, 0x0042, 0x0042, 0x0042, 0x0042, 0x0042,
    0x0042, 0x0042, 0x0042, 0x0042, 0x0042, 0x0042, 0x0042, 0x0042, 0x0042, 0x0042, 0x0042, 0x0042,
    0x0042, 0x0042, 0x0042, 0x0042, 0x0042, 0x0042, 0x0042, 0x0042, 0x0042, 0x0042, 0x0042, 0x0042,
    0x0042, 0x0042, 0x0042, 0x0042, 0x0042, 0x0042, 0x0042, 0x0042, 0x0042, 0x0042, 0x0042, 0x0042,
    0x0042, 0x0042, 0x0042, 0x0042, 0x0042, 0x0042, 0x0042, 0x0042, 0x0042, 0x0042, 0x0042, 0x0042,
    0x0042, 0x0042, 0x0042, 0x0042, 0x0042, 0x0042, 0x0042, 0x0042, 0x0042, 0x0042, 0x0042, 0x0042,
    0x0042, 0x0042, 0x0042, 0x0042, 0x0042, 0x0042, 0x0042, 0x0042, 0x0042, 0x0042, 0x0042, 0x0042,
    0x0042, 0x0042, 0x0042, 0x0042, 0x0042, 0x0042, 0x0042, 0x0042, 0x0042, 0x0042, 0x0042, 0x0042,
    0x0042, 0x0042, 0x0042, 0x0042, 0x0042, 0x0042, 0x0042, 0x0042, 0x0042, 0x0042, 0x0042, 0x0042,
    0x0042, 0x0042, 0x0042, 0x0042, 0x0042, 0x0042, 0x0042, 0x0042, 0x0042, 0x0042, 0x0042, 0x0042,
    0x0042, 0x0042, 0x0042, 0x0042, 0x0042, 0x0042, 0x0042, 0x0042, 0x0042, 0x0042, 0x0042, 0x0042,
    0x0042, 0x0042, 0x0042, 0x0042, 0x0042, 0x0042, 0x0042, 0x0042, 0x0042, 0x0042, 0x0042, 0x0042,
    0x0042, 0x0042, 0x0042, 0x0042, 0x0042, 0x0042, 0x0042, 0x0042, 0x0042, 0x0042, 0x0042, 0x0042,
    0x0042, 0x0042, 0x0042, 0x0042, 0x0042, 0x0042, 0x0042, 0x0042, 0x0042, 0x0042, 0x0042, 0x0042,
    0x0042, 0x0042, 0x0042, 0x0042, 0x0042, 0x0042, 0x0042, 0x0042, 0x0042, 0x0042, 0x0042, 0x0042,
    0x0042, 0x0042, 0x0042, 0x0042, 0x0042, 0x0042, 0x0042, 0x0042, 0x0042, 0x0042, 0x0042, 0x0042,
    0x0042, 0x0042, 0x0042, 0x0042, 0x0042, 0x0042, 0x0042, 0x0042, 0x0042, 0x0042, 0x0042, 0x0042,
    0x0042, 0x0042, 0x0042, 0x0042, 0x0042, 0x0042, 0x0042, 0x0042, 0x0042, 0x0042, 0x0042, 0x0042,
    0x0042, 0x0042, 0x0042, 0x0042, 0x0042, 0x0042, 0x0042, 0x0042, 0x0042, 0x0042, 0x0042, 0x0042,
    0x0042, 0x0042, 0x0042, 0x0042, 0x0042, 0x0042, 0x0042, 0x0042, 0x0042, 0x0042, 0x0042, 0x0042,
    0x0042, 0x0042, 0x0042, 0x0042, 0x0042, 0x0042, 0x0042, 0x0042, 0x0042, 0x0042, 0x0042, 0x0042,
    0x0042, 0x0042, 0x0042, 0x0042, 0x0042, 0x0042, 0x0042, 0x0042, 0x0042, 0x0042, 0x0042, 0x0042,
    0x0042, 0x0042, 0x0042, 0x0042, 0x0042, 0x0042, 0x0042, 0x0042, 0x0042, 0x0042, 0x0042, 0x0042,
    0x0042, 0x0042, 0x0042, 0x0042, 0x0042, 0x0042, 0x0042, 0x0042, 0x0042, 0x0042, 0x0042, 0x0042,
    0x0042, 0x0042, 0x0042, 0x0042, 0x0042, 0x0042, 0x0042, 0x0042, 0x0042, 0x0042, 0x0042, 0x0042,
    0x0042, 0x0042, 0x0042, 0x0042, 0x0042, 0x0042, 0x0042, 0x0042, 0x0042, 0x0042, 0x0042, 0x0042,
    0x0042, 0x0042, 0x0042, 0x0042, 0x0042, 0x0042, 0x0042, 0x0042, 0x0042, 0x0042, 0x0042, 0x0042,
    0x0042, 0x0042, 0x0042, 0x0042, 0x0042, 0x0042, 0x0042, 0x0042, 0x0042, 0x0042, 0x0042, 0x0042,
    0x0042, 0x0042, 0x0042, 0x0042, 0x0042, 0x0042, 0x0042, 0x0042, 0x0042, 0x0042, 0x0042, 0x0042,
    0x0042, 0x0042, 0x0042, 0x0042, 0x0042, 0x0042, 0x0042, 0x0042, 0x0042, 0x0042, 0x0042, 0x0042,
    0x0042, 0x0042, 0x0042, 0x0042, 0x0042, 0x0042, 0x0042, 0x0042, 0x0042, 0x0042, 0x0042, 0x0042,
    0x0042, 0x0042, 0x0042, 0x0042, 0x0042, 0x0042, 0x0042, 0x0042, 0x0042, 0x0042, 0x0042, 0x0042,
    0x0042, 0x0042, 0x0042, 0x0042, 0x0042, 0x0042, 0x0042, 0x0042, 0x0042, 0x0042, 0x0042, 0x0042,
    0x0042, 0x0042, 0x0042, 0x0042, 0x0042, 0x0042, 0x0042, 0x0042, 0x0042, 0x0042, 0x0042, 0x0042,
    0x0042, 0x0042, 0x0042, 0x0042, 0x0042, 0x0042, 0x0042, 0x0042, 0x0042, 0x0042, 0x0042, 0x0042,
    0x0042, 0x0042, 0x0042, 0x0042, 0x0042, 0x0042, 0x0042, 0x0042, 0x0042, 0x0042, 0x0042, 0x0042,
    0x0042, 0x0042, 0x0042, 0x0042, 0x0042, 0x0042, 0x0042, 0x0042, 0x0042, 0x0042, 0x0042, 0x0042,
    0x0042, 0x0042, 0x0042, 0x0042, 0x0042, 0x0042, 0x0042, 0x0042, 0x0042, 0x0042, 0x0042, 0x0042,
    0x0042, 0x0042, 0x0042, 0x0042, 0x0042, 0x0042, 0x0042, 0x0042, 0x0042, 0x0042, 0x0042, 0x0042,
    0x0042, 0x0042, 0x0042, 0x0042, 0x0042, 0x0042, 0x0042, 0x0042, 0x0042, 0x0042, 0x0042, 0x0042,
    0x0042, 0x0042, 0x0042, 0x0042, 0x0042, 0x0042, 0x0042, 0x0042, 0x0042, 0x0042, 0x0042, 0x0042,
    0x0042, 0x0042, 0x0042, 0x0042, 0x0042, 0x0042, 0x0042, 0x0042, 0x0042, 0x0042, 0x0042, 0x0042,
    0x0042, 0x0042, 0x0042, 0x0042, 0x0042, 0x0042, 0x0042, 0x0042, 0x0042, 0x0042, 0x0042, 0x0042,
    0x0042, 0x0042, 0x0042, 0x0042, 0x0042, 0x0042, 0x0042, 0x0042, 0x0042, 0x0042, 0x0042, 0x0042,
    0x0042, 0x0042, 0x0042, 0x0042, 0x0042, 0x0042, 0x0042, 0x0042, 0x0042, 0x0042, 0x0042, 0x0042,
    0x0042, 0x0042, 0x0042, 0x0042, 0x0042, 0x0042, 0x0042, 0x0042, 0x0042, 0x0042, 0x0042, 0x0042,
    0x0042, 0x0042, 0x0042, 0x0042, 0x0042, 0x0042, 0x0042, 0x0042, 0x0042, 0x0042, 0x0042, 0x0042,
    0x0042, 0x0042, 0x0042, 0x0042, 0x0042, 0x0042, 0x0042, 0x0042, 0x0042, 0x0042, 0x0042, 0x0042,
    0x0042, 0x0042, 0x0042, 0x0042, 0x0042, 0x0042, 0x0042, 0x0042, 0x0042, 0x0042, 0x0042, 0x0042,
    0x0042, 0x0042, 0x0042, 0x0042, 0x0042, 0x0042, 0x0042, 0x0042, 0x0042, 0x0042, 0x0042, 0x0042,
    0x0042, 0x0042, 0x0042, 0x0042, 0x0042, 0x0042, 0x0042, 0x0042, 0x0042, 0x0042, 0x0042, 0x0042,
    0x0042, 0x0042, 0x0042, 0x0042, 0x0042, 0x0042, 0x0042, 0x0042, 0x0042, 0x0042, 0x0042, 0x0042,
    0x0042, 0x0042, 0x0042, 0x0042, 0x0042, 0x0042, 0x0042, 0x0042, 0x0042, 0x0042, 0x0042, 0x0042,
    0x0042, 0x0042, 0x0042, 0x0042, 0x0042, 0x0042, 0x0042, 0x0042, 0x0042, 0x0042, 0x0042, 0x0042,
    0x0042, 0x0042, 0x0042, 0x0042, 0x0042, 0x0042, 0x0042, 0x0042, 0x0042, 0x0042, 0x0042, 0x0042,
    0x0042, 0x0042, 0x0042, 0x0042, 0x0042, 0x0042, 0x0042, 0x0042, 0x0042, 0x0042, 0x0042, 0x0042,
    0x0042, 0x0042, 0x0042, 0x0042, 0x0042, 0x0042, 0x0042, 0x0042, 0x0042, 0x0042, 0x0042, 0x0042,
    0x0042, 0x0042, 0x0042, 0x0042, 0x0042, 0x0042, 0x0042, 0x0042, 0x0042, 0x0042, 0x0042, 0x0042,
    0x0042, 0x0042, 0x0042, 0x0042, 0x0042, 0x0042, 0x0042, 0x0042, 0x0042, 0x0042, 0x0042, 0x0042,
    0x0042, 0x0042, 0x0042, 0x0042, 0x0042, 0x0042, 0x0042, 0x0042, 0x0042, 0x0042, 0x0042, 0x0042,
    0x0042, 0x0042, 0x0042, 0x0042, 0x0042, 0x0042, 0x0042, 0x0042, 0x0042, 0x0042, 0x0042, 0x0042,
    0x0042, 0x0042, 0x0042, 0x0042, 0x0042, 0x0042, 0x0042, 0x0042, 0x0042, 0x0042, 0x0042, 0x0042,
    0x0042, 0x0042, 0x0042, 0x0042, 0x0042, 0x0042, 0x0042, 0x0042, 0x0042, 0x0042, 0x0042, 0x0042,
    0x0042, 0x0042, 0x0042, 0x0042, 0x0042, 0x0042, 0x0042, 0x0042,
};
