# Yharnam's map, layer "overlay": what lies on the ground (kerbs, grass edges, puddles, leaves). 256 x 256 cells of 8 x 8 (sheet.png);
# drawn in the SDK (F3 F3), taken back with carts/yharnam/mkmap.py --from
0,0,0,0,0,0,0,0,0,0,0,0,0,0,0,0,0,0,0,0,0,0,0,0,0,0,0,0,0,0,0,0,0,0,0,0,0,0,0,0,0,0,0,0,0,0,0,0,0,0,0,0,0,0,0,0,0,0,0,0,0,0,0,0,0,0,0,0,0,0,0,0,0,0,0,0,0,0,0,0,0,0,0,0,0,0,0,0,0,0,0,0,0,0,0,0,0,0,0,0,0,0,86,87,86,87,90,91,0,0,0,0,0,0,0,0,0,0,102,103,0,0,0,0,0,0,0,0,0,0,0,0,0,0,0,0,0,0,0,0,0,0,0,0,0,0,0,0,0,0,0,0,0,0,0,0,0,0,0,0,0,0,0,0,0,0,0,0,0,0,0,0,0,0,0,0,0,0,0,0,0,0,0,0,0,0,0,0,0,0,0,0,0,0,0,0,0,0,146,147,0,0,0,0,0,0,0,0,0,0,0,0,0,0,0,0,0,0,0,0,0,0,0,0,0,0,0,0,0,0,0,0,88,89,0,0,0,0,0,0,0,0,0,0,0,0,0,0,102,103,0,0,0,0,0,0
0,0,0,0,0,0,0,0,0,0,0,0,0,0,0,0,0,0,0,0,0,0,0,0,0,0,0,0,0,0,0,0,0,0,0,0,0,0,0,0,0,0,0,0,0,0,0,0,0,0,0,0,0,0,0,0,0,0,0,0,0,0,0,0,0,0,0,0,0,0,0,0,0,0,0,0,0,0,0,0,0,0,0,0,0,0,0,0,0,0,0,0,0,0,0,0,0,0,0,0,0,0,598,599,598,599,602,603,0,0,0,0,0,0,0,0,0,0,614,615,0,0,0,0,0,0,0,0,0,0,0,0,0,0,0,0,0,0,0,0,0,0,0,0,0,0,0,0,0,0,0,0,0,0,0,0,0,0,0,0,0,0,0,0,0,0,0,0,0,0,0,0,0,0,0,0,0,0,0,0,0,0,0,0,0,0,0,0,0,0,0,0,0,0,0,0,0,0,658,659,0,0,0,0,0,0,0,0,0,0,0,0,0,0,0,0,0,0,0,0,0,0,0,0,0,0,0,0,0,0,0,0,600,601,0,0,0,0,0,0,0,0,0,0,0,0,0,0,614,615,0,0,0,0,0,0
0,0,0,0,0,0,0,0,0,0,0,0,0,0,0,0,0,0,0,0,0,0,0,0,0,0,0,0,0,0,0,0,0,0,0,0,0,0,0,0,0,0,0,0,0,0,0,0,0,0,0,0,0,0,0,0,0,0,0,0,0,0,0,0,160,161,0,0,0,0,0,0,0,0,0,0,0,0,0,0,0,0,0,0,148,149,0,0,0,0,0,0,0,0,0,0,0,0,0,0,0,0,0,0,0,0,0,0,86,87,86,87,86,87,86,87,86,87,0,0,0,0,0,0,0,0,0,0,0,0,0,0,0,0,0,0,0,0,0,0,0,0,0,0,162,163,0,0,0,0,0,0,0,0,0,0,0,0,0,0,0,0,0,0,0,0,0,0,0,0,0,0,0,0,0,0,0,0,0,0,0,0,0,0,0,0,0,0,0,0,0,0,0,0,0,0,0,0,0,0,0,0,0,0,0,0,0,0,0,0,0,0,0,0,0,0,0,0,0,0,0,0,0,0,0,0,0,0,0,0,0,0,0,0,86,87,86,87,86,87,86,87,86,87,86,87,86,87,0,0,0,0,0,0,0,0
0,0,0,0,0,0,0,0,0,0,0,0,0,0,0,0,0,0,0,0,0,0,0,0,0,0,0,0,0,0,0,0,0,0,0,0,0,0,0,0,0,0,0,0,0,0,0,0,0,0,0,0,0,0,0,0,0,0,0,0,0,0,0,0,672,673,0,0,0,0,0,0,0,0,0,0,0,0,0,0,0,0,0,0,660,661,0,0,0,0,0,0,0,0,0,0,0,0,0,0,0,0,0,0,0,0,0,0,598,599,598,599,598,599,598,599,598,599,0,0,0,0,0,0,0,0,0,0,0,0,0,0,0,0,0,0,0,0,0,0,0,0,0,0,674,675,0,0,0,0,0,0,0,0,0,0,0,0,0,0,0,0,0,0,0,0,0,0,0,0,0,0,0,0,0,0,0,0,0,0,0,0,0,0,0,0,0,0,0,0,0,0,0,0,0,0,0,0,0,0,0,0,0,0,0,0,0,0,0,0,0,0,0,0,0,0,0,0,0,0,0,0,0,0,0,0,0,0,0,0,0,0,0,0,598,599,598,599,598,599,598,599,598,599,598,599,598,599,0,0,0,0,0,0,0,0
0,0,0,0,0,0,92,93,92,93,92,93,0,0,0,0,0,0,0,0,92,93,92,93,92,93,92,93,0,0,0,0,0,0,0,0,92,93,92,93,92,93,92,93,92,93,92,93,92,93,92,93,92,93,92,93,92,93,92,93,0,0,0,0,0,0,0,0,92,93,92,93,0,0,0,0,0,0,0,0,0,0,0,0,0,0,0,0,0,0,0,0,0,0,0,0,0,0,0,0,0,0,0,0,0,0,0,0,0,0,0,0,0,0,0,0,146,147,0,0,0,0,0,0,0,0,0,0,0,0,0,0,0,0,0,0,0,0,0,0,0,0,0,0,92,93,92,93,92,93,92,93,92,93,92,93,0,0,0,0,0,0,0,0,92,93,92,93,92,93,92,93,92,93,92,93,92,93,92,93,0,0,92,93,92,93,0,0,0,0,0,0,0,0,0,0,92,93,92,93,92,93,92,93,92,93,92,93,92,93,0,0,0,0,0,0,0,0,0,0,0,0,0,0,0,0,0,0,0,0,0,0,0,0,0,0,0,0,0,0,0,0,0,0,0,0,0,0,0,0,0,0,0,0,0,0
0,0,0,0,0,0,604,605,604,605,604,605,0,0,0,0,0,0,0,0,604,605,604,605,604,605,604,605,0,0,0,0,0,0,0,0,604,605,604,605,604,605,604,605,604,605,604,605,604,605,604,605,604,605,604,605,604,605,604,605,0,0,0,0,0,0,0,0,604,605,604,605,0,0,0,0,0,0,0,0,0,0,0,0,0,0,0,0,0,0,0,0,0,0,0,0,0,0,0,0,0,0,0,0,0,0,0,0,0,0,0,0,0,0,0,0,658,659,0,0,0,0,0,0,0,0,0,0,0,0,0,0,0,0,0,0,0,0,0,0,0,0,0,0,604,605,604,605,604,605,604,605,604,605,604,605,0,0,0,0,0,0,0,0,604,605,604,605,604,605,604,605,604,605,604,605,604,605,604,605,0,0,604,605,604,605,0,0,0,0,0,0,0,0,0,0,604,605,604,605,604,605,604,605,604,605,604,605,604,605,0,0,0,0,0,0,0,0,0,0,0,0,0,0,0,0,0,0,0,0,0,0,0,0,0,0,0,0,0,0,0,0,0,0,0,0,0,0,0,0,0,0,0,0,0,0
0,0,0,0,88,89,0,0,0,0,0,0,100,101,0,0,150,151,88,89,0,0,0,0,0,0,0,0,100,101,0,0,0,0,88,89,0,0,0,0,0,0,0,0,0,0,0,0,152,153,0,0,0,0,0,0,0,0,162,163,100,101,0,0,0,0,88,89,0,0,0,0,108,109,92,93,92,93,92,93,92,93,92,93,92,93,0,0,0,0,0,0,0,0,0,0,0,0,0,0,0,0,0,0,0,0,0,0,170,171,0,0,166,167,0,0,0,0,0,0,0,0,0,0,0,0,0,0,0,0,0,0,92,93,92,93,92,93,92,93,92,93,88,89,0,0,122,123,122,123,122,123,122,123,0,0,100,101,0,0,0,0,88,89,0,0,122,123,122,123,160,161,122,123,122,123,122,123,0,0,104,105,0,0,0,0,100,101,0,0,0,0,0,0,88,89,0,0,0,0,0,0,0,0,0,0,0,0,0,0,108,109,92,93,92,93,92,93,92,93,0,0,0,0,0,0,0,0,92,93,92,93,92,93,0,0,0,0,0,0,0,0,0,0,0,0,0,0,92,93,0,0,0,0,0,0
0,0,0,0,600,601,0,0,0,0,0,0,612,613,0,0,662,663,600,601,0,0,0,0,0,0,0,0,612,613,0,0,0,0,600,601,0,0,0,0,0,0,0,0,0,0,0,0,664,665,0,0,0,0,0,0,0,0,674,675,612,613,0,0,0,0,600,601,0,0,0,0,620,621,604,605,604,605,604,605,604,605,604,605,604,605,0,0,0,0,0,0,0,0,0,0,0,0,0,0,0,0,0,0,0,0,0,0,682,683,0,0,678,679,0,0,0,0,0,0,0,0,0,0,0,0,0,0,0,0,0,0,604,605,604,605,604,605,604,605,604,605,600,601,0,0,634,635,634,635,634,635,634,635,0,0,612,613,0,0,0,0,600,601,0,0,634,635,634,635,672,673,634,635,634,635,634,635,0,0,616,617,0,0,0,0,612,613,0,0,0,0,0,0,600,601,0,0,0,0,0,0,0,0,0,0,0,0,0,0,620,621,604,605,604,605,604,605,604,605,0,0,0,0,0,0,0,0,604,605,604,605,604,605,0,0,0,0,0,0,0,0,0,0,0,0,0,0,604,605,0,0,0,0,0,0
0,0,0,0,88,89,0,0,102,103,86,87,0,0,0,0,0,0,0,0,86,87,90,91,0,0,0,0,100,101,0,0,0,0,88,89,0,0,0,0,0,0,0,0,0,0,0,0,0,0,0,0,0,0,0,0,0,0,0,0,100,101,0,0,0,0,88,89,0,0,122,123,122,123,122,123,0,0,0,0,0,0,0,0,0,0,108,109,92,93,92,93,92,93,92,93,92,93,92,93,92,93,0,0,0,0,0,0,0,0,0,0,0,0,0,0,0,0,0,0,0,0,0,0,0,0,0,0,0,0,88,89,0,0,122,123,122,123,122,123,0,0,104,105,118,119,0,0,0,0,0,0,0,0,130,131,100,101,0,0,0,0,88,89,118,119,0,0,0,0,0,0,0,0,0,0,0,0,130,131,104,105,0,0,102,103,0,0,0,0,0,0,0,0,88,89,0,0,0,0,0,0,0,0,0,0,0,0,0,0,0,0,0,0,0,0,0,0,0,0,100,101,0,0,0,0,88,89,0,0,122,123,0,0,108,109,92,93,92,93,92,93,92,93,92,93,96,97,0,0,100,101,0,0,0,0
0,0,0,0,600,601,0,0,614,615,598,599,0,0,0,0,0,0,0,0,598,599,602,603,0,0,0,0,612,613,0,0,0,0,600,601,0,0,0,0,0,0,0,0,0,0,0,0,0,0,0,0,0,0,0,0,0,0,0,0,612,613,0,0,0,0,600,601,0,0,634,635,634,635,634,635,0,0,0,0,0,0,0,0,0,0,620,621,604,605,604,605,604,605,604,605,604,605,604,605,604,605,0,0,0,0,0,0,0,0,0,0,0,0,0,0,0,0,0,0,0,0,0,0,0,0,0,0,0,0,600,601,0,0,634,635,634,635,634,635,0,0,616,617,630,631,0,0,0,0,0,0,0,0,642,643,612,613,0,0,0,0,600,601,630,631,0,0,0,0,0,0,0,0,0,0,0,0,642,643,616,617,0,0,614,615,0,0,0,0,0,0,0,0,600,601,0,0,0,0,0,0,0,0,0,0,0,0,0,0,0,0,0,0,0,0,0,0,0,0,612,613,0,0,0,0,600,601,0,0,634,635,0,0,620,621,604,605,604,605,604,605,604,605,604,605,608,609,0,0,612,613,0,0,0,0
0,0,0,0,0,0,86,87,0,0,0,0,0,0,0,0,0,0,0,0,0,0,0,0,90,91,0,0,100,101,158,159,0,0,88,89,0,0,0,0,0,0,0,0,0,0,0,0,0,0,0,0,0,0,0,0,0,0,0,0,100,101,0,0,0,0,88,89,118,119,0,0,0,0,0,0,130,131,0,0,0,0,0,0,0,0,0,0,0,0,0,0,0,0,0,0,122,123,122,123,0,0,108,109,92,93,92,93,0,0,0,0,0,0,0,0,0,0,92,93,0,0,0,0,0,0,0,0,0,0,88,89,118,119,0,0,0,0,0,0,130,131,104,105,118,119,0,0,0,0,0,0,0,0,130,131,100,101,0,0,154,155,88,89,154,155,0,0,0,0,0,0,0,0,0,0,0,0,130,131,104,105,0,0,100,101,0,0,0,0,0,0,0,0,88,89,0,0,0,0,0,0,0,0,0,0,0,0,0,0,0,0,0,0,0,0,0,0,0,0,100,101,0,0,0,0,88,89,118,119,0,0,138,139,122,123,122,123,0,0,0,0,122,123,122,123,0,0,102,103,0,0,0,0,0,0
0,0,0,0,0,0,598,599,0,0,0,0,0,0,0,0,0,0,0,0,0,0,0,0,602,603,0,0,612,613,670,671,0,0,600,601,0,0,0,0,0,0,0,0,0,0,0,0,0,0,0,0,0,0,0,0,0,0,0,0,612,613,0,0,0,0,600,601,630,631,0,0,0,0,0,0,642,643,0,0,0,0,0,0,0,0,0,0,0,0,0,0,0,0,0,0,634,635,634,635,0,0,620,621,604,605,604,605,0,0,0,0,0,0,0,0,0,0,604,605,0,0,0,0,0,0,0,0,0,0,600,601,630,631,0,0,0,0,0,0,642,643,616,617,630,631,0,0,0,0,0,0,0,0,642,643,612,613,0,0,666,667,600,601,666,667,0,0,0,0,0,0,0,0,0,0,0,0,642,643,616,617,0,0,612,613,0,0,0,0,0,0,0,0,600,601,0,0,0,0,0,0,0,0,0,0,0,0,0,0,0,0,0,0,0,0,0,0,0,0,612,613,0,0,0,0,600,601,630,631,0,0,650,651,634,635,634,635,0,0,0,0,634,635,634,635,0,0,614,615,0,0,0,0,0,0
0,0,0,0,0,0,0,0,0,0,0,0,0,0,0,0,0,0,0,0,0,0,0,0,88,89,0,0,100,101,0,0,0,0,88,89,0,0,0,0,0,0,0,0,0,0,0,0,0,0,0,0,0,0,0,0,0,0,0,0,100,101,0,0,0,0,88,89,0,0,0,0,0,0,0,0,0,0,0,0,0,0,0,0,0,0,0,0,0,0,0,0,0,0,0,0,0,0,0,0,138,139,122,123,122,123,0,0,108,109,92,93,92,93,92,93,96,97,0,0,108,109,0,0,0,0,0,0,0,0,88,89,0,0,120,121,0,0,0,0,130,131,104,105,118,119,0,0,0,0,0,0,132,133,0,0,100,101,0,0,0,0,96,97,118,119,0,0,0,0,0,0,0,0,0,0,0,0,130,131,104,105,0,0,100,101,0,0,0,0,0,0,0,0,88,89,0,0,0,0,0,0,0,0,0,0,0,0,0,0,0,0,0,0,0,0,0,0,0,0,100,101,0,0,0,0,88,89,118,119,0,0,0,0,0,0,0,0,130,131,118,119,0,0,0,0,130,131,100,101,0,0,0,0,0,0
0,0,0,0,0,0,0,0,0,0,0,0,0,0,0,0,0,0,0,0,0,0,0,0,600,601,0,0,612,613,0,0,0,0,600,601,0,0,0,0,0,0,0,0,0,0,0,0,0,0,0,0,0,0,0,0,0,0,0,0,612,613,0,0,0,0,600,601,0,0,0,0,0,0,0,0,0,0,0,0,0,0,0,0,0,0,0,0,0,0,0,0,0,0,0,0,0,0,0,0,650,651,634,635,634,635,0,0,620,621,604,605,604,605,604,605,608,609,0,0,620,621,0,0,0,0,0,0,0,0,600,601,0,0,632,633,0,0,0,0,642,643,616,617,630,631,0,0,0,0,0,0,644,645,0,0,612,613,0,0,0,0,608,609,630,631,0,0,0,0,0,0,0,0,0,0,0,0,642,643,616,617,0,0,612,613,0,0,0,0,0,0,0,0,600,601,0,0,0,0,0,0,0,0,0,0,0,0,0,0,0,0,0,0,0,0,0,0,0,0,612,613,0,0,0,0,600,601,630,631,0,0,0,0,0,0,0,0,642,643,630,631,0,0,0,0,642,643,612,613,0,0,0,0,0,0
0,0,0,0,0,0,0,0,0,0,0,0,0,0,0,0,0,0,0,0,0,0,0,0,0,0,86,87,0,0,0,0,0,0,88,89,0,0,0,0,0,0,0,0,0,0,0,0,0,0,0,0,0,0,0,0,0,0,154,155,100,101,0,0,0,0,88,89,0,0,0,0,0,0,0,0,0,0,0,0,0,0,0,0,0,0,0,0,0,0,0,0,0,0,0,0,0,0,0,0,0,0,0,0,0,0,130,131,0,0,0,0,0,0,0,0,0,0,0,0,0,0,100,101,0,0,0,0,0,0,0,0,90,91,118,119,0,0,0,0,130,131,104,105,118,119,0,0,0,0,0,0,130,131,102,103,0,0,0,0,88,89,0,0,126,127,0,0,0,0,0,0,0,0,0,0,0,0,130,131,104,105,0,0,100,101,0,0,0,0,0,0,0,0,88,89,0,0,0,0,0,0,0,0,0,0,0,0,0,0,0,0,0,0,0,0,0,0,0,0,100,101,0,0,0,0,88,89,162,163,0,0,0,0,0,0,0,0,130,131,118,119,0,0,0,0,130,131,100,101,0,0,0,0,0,0
0,0,0,0,0,0,0,0,0,0,0,0,0,0,0,0,0,0,0,0,0,0,0,0,0,0,598,599,0,0,0,0,0,0,600,601,0,0,0,0,0,0,0,0,0,0,0,0,0,0,0,0,0,0,0,0,0,0,666,667,612,613,0,0,0,0,600,601,0,0,0,0,0,0,0,0,0,0,0,0,0,0,0,0,0,0,0,0,0,0,0,0,0,0,0,0,0,0,0,0,0,0,0,0,0,0,642,643,0,0,0,0,0,0,0,0,0,0,0,0,0,0,612,613,0,0,0,0,0,0,0,0,602,603,630,631,0,0,0,0,642,643,616,617,630,631,0,0,0,0,0,0,642,643,614,615,0,0,0,0,600,601,0,0,638,639,0,0,0,0,0,0,0,0,0,0,0,0,642,643,616,617,0,0,612,613,0,0,0,0,0,0,0,0,600,601,0,0,0,0,0,0,0,0,0,0,0,0,0,0,0,0,0,0,0,0,0,0,0,0,612,613,0,0,0,0,600,601,674,675,0,0,0,0,0,0,0,0,642,643,630,631,0,0,0,0,642,643,612,613,0,0,0,0,0,0
0,0,0,0,0,0,0,0,0,0,0,0,0,0,0,0,0,0,0,0,0,0,0,0,0,0,92,93,0,0,0,0,0,0,88,89,0,0,0,0,0,0,0,0,0,0,0,0,0,0,0,0,0,0,0,0,0,0,0,0,100,101,0,0,0,0,88,89,0,0,0,0,0,0,0,0,0,0,0,0,0,0,0,0,0,0,0,0,0,0,0,0,0,0,0,0,124,125,124,125,124,125,124,125,124,125,122,123,122,123,0,0,0,0,122,123,122,123,122,123,0,0,100,101,0,0,0,0,152,153,0,0,88,89,162,163,0,0,0,0,130,131,104,105,118,119,0,0,0,0,0,0,130,131,100,101,0,0,0,0,88,89,118,119,0,0,0,0,0,0,0,0,0,0,0,0,0,0,130,131,104,105,0,0,100,101,0,0,0,0,0,0,0,0,88,89,0,0,0,0,0,0,0,0,0,0,0,0,0,0,0,0,0,0,0,0,0,0,0,0,100,101,0,0,0,0,88,89,0,0,124,125,124,125,124,125,124,125,0,0,0,0,124,125,116,117,0,0,100,101,152,153,0,0,0,0
0,0,0,0,0,0,0,0,0,0,0,0,0,0,0,0,0,0,0,0,0,0,0,0,0,0,604,605,0,0,0,0,0,0,600,601,0,0,0,0,0,0,0,0,0,0,0,0,0,0,0,0,0,0,0,0,0,0,0,0,612,613,0,0,0,0,600,601,0,0,0,0,0,0,0,0,0,0,0,0,0,0,0,0,0,0,0,0,0,0,0,0,0,0,0,0,636,637,636,637,636,637,636,637,636,637,634,635,634,635,0,0,0,0,634,635,634,635,634,635,0,0,612,613,0,0,0,0,664,665,0,0,600,601,674,675,0,0,0,0,642,643,616,617,630,631,0,0,0,0,0,0,642,643,612,613,0,0,0,0,600,601,630,631,0,0,0,0,0,0,0,0,0,0,0,0,0,0,642,643,616,617,0,0,612,613,0,0,0,0,0,0,0,0,600,601,0,0,0,0,0,0,0,0,0,0,0,0,0,0,0,0,0,0,0,0,0,0,0,0,612,613,0,0,0,0,600,601,0,0,636,637,636,637,636,637,636,637,0,0,0,0,636,637,628,629,0,0,612,613,664,665,0,0,0,0
0,0,0,0,0,0,0,0,0,0,0,0,0,0,0,0,0,0,0,0,0,0,0,0,88,89,0,0,100,101,0,0,0,0,88,89,0,0,0,0,0,0,0,0,0,0,0,0,0,0,0,0,0,0,0,0,0,0,0,0,100,101,0,0,0,0,88,89,0,0,0,0,0,0,0,0,0,0,0,0,0,0,0,0,0,0,0,0,0,0,0,0,0,0,0,0,0,0,0,0,0,0,0,0,0,0,0,0,0,0,130,131,118,119,0,0,0,0,0,0,130,131,108,109,0,0,0,0,0,0,0,0,88,89,0,0,120,121,0,0,130,131,104,105,118,119,0,0,0,0,132,133,0,0,100,101,0,0,0,0,88,89,0,0,116,117,116,117,116,117,116,117,116,117,116,117,116,117,0,0,104,105,0,0,100,101,0,0,0,0,0,0,0,0,96,97,0,0,0,0,0,0,0,0,0,0,0,0,0,0,0,0,0,0,0,0,0,0,0,0,100,101,0,0,0,0,88,89,118,119,0,0,0,0,0,0,0,0,130,131,118,119,0,0,130,131,0,0,100,101,0,0,0,0,0,0
0,0,0,0,0,0,0,0,0,0,0,0,0,0,0,0,0,0,0,0,0,0,0,0,600,601,0,0,612,613,0,0,0,0,600,601,0,0,0,0,0,0,0,0,0,0,0,0,0,0,0,0,0,0,0,0,0,0,0,0,612,613,0,0,0,0,600,601,0,0,0,0,0,0,0,0,0,0,0,0,0,0,0,0,0,0,0,0,0,0,0,0,0,0,0,0,0,0,0,0,0,0,0,0,0,0,0,0,0,0,642,643,630,631,0,0,0,0,0,0,642,643,620,621,0,0,0,0,0,0,0,0,600,601,0,0,632,633,0,0,642,643,616,617,630,631,0,0,0,0,644,645,0,0,612,613,0,0,0,0,600,601,0,0,628,629,628,629,628,629,628,629,628,629,628,629,628,629,0,0,616,617,0,0,612,613,0,0,0,0,0,0,0,0,608,609,0,0,0,0,0,0,0,0,0,0,0,0,0,0,0,0,0,0,0,0,0,0,0,0,612,613,0,0,0,0,600,601,630,631,0,0,0,0,0,0,0,0,642,643,630,631,0,0,642,643,0,0,612,613,0,0,0,0,0,0
0,0,0,0,0,0,92,93,0,0,0,0,0,0,0,0,0,0,0,0,0,0,0,0,96,97,0,0,100,101,0,0,0,0,88,89,0,0,0,0,0,0,0,0,0,0,0,0,0,0,0,0,0,0,0,0,0,0,0,0,100,101,0,0,0,0,88,89,0,0,0,0,0,0,0,0,0,0,0,0,0,0,0,0,0,0,0,0,0,0,0,0,0,0,0,0,0,0,0,0,0,0,0,0,0,0,0,0,0,0,130,131,118,119,0,0,0,0,0,0,130,131,0,0,100,101,0,0,0,0,0,0,164,165,90,91,118,119,0,0,130,131,104,105,118,119,0,0,132,133,0,0,0,0,100,101,0,0,0,0,88,89,0,0,102,103,86,87,86,87,86,87,86,87,86,87,86,87,86,87,0,0,86,87,0,0,0,0,0,0,0,0,88,89,0,0,0,0,0,0,0,0,0,0,0,0,0,0,0,0,0,0,0,0,0,0,0,0,0,0,100,101,0,0,0,0,88,89,118,119,0,0,0,0,0,0,0,0,130,131,0,0,116,117,0,0,102,103,0,0,0,0,0,0,0,0
0,0,0,0,0,0,604,605,0,0,0,0,0,0,0,0,0,0,0,0,0,0,0,0,608,609,0,0,612,613,0,0,0,0,600,601,0,0,0,0,0,0,0,0,0,0,0,0,0,0,0,0,0,0,0,0,0,0,0,0,612,613,0,0,0,0,600,601,0,0,0,0,0,0,0,0,0,0,0,0,0,0,0,0,0,0,0,0,0,0,0,0,0,0,0,0,0,0,0,0,0,0,0,0,0,0,0,0,0,0,642,643,630,631,0,0,0,0,0,0,642,643,0,0,612,613,0,0,0,0,0,0,676,677,602,603,630,631,0,0,642,643,616,617,630,631,0,0,644,645,0,0,0,0,612,613,0,0,0,0,600,601,0,0,614,615,598,599,598,599,598,599,598,599,598,599,598,599,598,599,0,0,598,599,0,0,0,0,0,0,0,0,600,601,0,0,0,0,0,0,0,0,0,0,0,0,0,0,0,0,0,0,0,0,0,0,0,0,0,0,612,613,0,0,0,0,600,601,630,631,0,0,0,0,0,0,0,0,642,643,0,0,628,629,0,0,614,615,0,0,0,0,0,0,0,0
0,0,0,0,88,89,0,0,108,109,92,93,0,0,0,0,0,0,0,0,92,93,96,97,0,0,0,0,100,101,0,0,0,0,88,89,0,0,0,0,0,0,0,0,0,0,0,0,0,0,0,0,0,0,0,0,0,0,0,0,100,101,0,0,0,0,88,89,0,0,0,0,0,0,0,0,0,0,0,0,0,0,0,0,0,0,0,0,0,0,0,0,0,0,0,0,0,0,0,0,0,0,0,0,0,0,0,0,0,0,130,131,118,119,0,0,0,0,0,0,130,131,0,0,100,101,0,0,0,0,0,0,0,0,88,89,118,119,0,0,130,131,104,105,0,0,116,117,0,0,0,0,102,103,0,0,0,0,0,0,0,0,86,87,0,0,0,0,0,0,0,0,0,0,0,0,0,0,0,0,0,0,0,0,0,0,0,0,0,0,0,0,88,89,0,0,0,0,0,0,0,0,0,0,0,0,0,0,0,0,0,0,0,0,0,0,0,0,0,0,100,101,0,0,0,0,88,89,118,119,0,0,0,0,0,0,0,0,130,131,0,0,0,0,102,103,0,0,0,0,0,0,0,0,0,0
0,0,0,0,600,601,0,0,620,621,604,605,0,0,0,0,0,0,0,0,604,605,608,609,0,0,0,0,612,613,0,0,0,0,600,601,0,0,0,0,0,0,0,0,0,0,0,0,0,0,0,0,0,0,0,0,0,0,0,0,612,613,0,0,0,0,600,601,0,0,0,0,0,0,0,0,0,0,0,0,0,0,0,0,0,0,0,0,0,0,0,0,0,0,0,0,0,0,0,0,0,0,0,0,0,0,0,0,0,0,642,643,630,631,0,0,0,0,0,0,642,643,0,0,612,613,0,0,0,0,0,0,0,0,600,601,630,631,0,0,642,643,616,617,0,0,628,629,0,0,0,0,614,615,0,0,0,0,0,0,0,0,598,599,0,0,0,0,0,0,0,0,0,0,0,0,0,0,0,0,0,0,0,0,0,0,0,0,0,0,0,0,600,601,0,0,0,0,0,0,0,0,0,0,0,0,0,0,0,0,0,0,0,0,0,0,0,0,0,0,612,613,0,0,0,0,600,601,630,631,0,0,0,0,0,0,0,0,642,643,0,0,0,0,614,615,0,0,0,0,0,0,0,0,0,0
0,0,0,0,88,89,0,0,0,0,0,0,108,109,92,93,92,93,96,97,0,0,0,0,0,0,0,0,100,101,0,0,0,0,88,89,0,0,0,0,0,0,0,0,0,0,0,0,0,0,0,0,0,0,0,0,0,0,0,0,100,101,0,0,0,0,88,89,0,0,0,0,0,0,0,0,0,0,0,0,0,0,0,0,0,0,0,0,0,0,0,0,0,0,0,0,116,117,116,117,116,117,116,117,116,117,116,117,116,117,0,0,118,119,0,0,0,0,132,133,0,0,102,103,0,0,0,0,0,0,0,0,0,0,88,89,118,119,0,0,130,131,104,105,0,0,0,0,0,0,102,103,0,0,0,0,0,0,0,0,0,0,0,0,0,0,0,0,0,0,0,0,0,0,150,151,0,0,0,0,0,0,0,0,0,0,0,0,0,0,0,0,88,89,0,0,0,0,0,0,0,0,0,0,0,0,0,0,0,0,0,0,0,0,0,0,0,0,0,0,100,101,0,0,0,0,88,89,0,0,116,117,116,117,116,117,116,117,0,0,0,0,102,103,0,0,148,149,0,0,0,0,0,0,170,171
0,0,0,0,600,601,0,0,0,0,0,0,620,621,604,605,604,605,608,609,0,0,0,0,0,0,0,0,612,613,0,0,0,0,600,601,0,0,0,0,0,0,0,0,0,0,0,0,0,0,0,0,0,0,0,0,0,0,0,0,612,613,0,0,0,0,600,601,0,0,0,0,0,0,0,0,0,0,0,0,0,0,0,0,0,0,0,0,0,0,0,0,0,0,0,0,628,629,628,629,628,629,628,629,628,629,628,629,628,629,0,0,630,631,0,0,0,0,644,645,0,0,614,615,0,0,0,0,0,0,0,0,0,0,600,601,630,631,0,0,642,643,616,617,0,0,0,0,0,0,614,615,0,0,0,0,0,0,0,0,0,0,0,0,0,0,0,0,0,0,0,0,0,0,662,663,0,0,0,0,0,0,0,0,0,0,0,0,0,0,0,0,600,601,0,0,0,0,0,0,0,0,0,0,0,0,0,0,0,0,0,0,0,0,0,0,0,0,0,0,612,613,0,0,0,0,600,601,0,0,628,629,628,629,628,629,628,629,0,0,0,0,614,615,0,0,660,661,0,0,0,0,0,0,682,683
0,0,0,0,88,89,0,0,0,0,0,0,0,0,0,0,0,0,0,0,0,0,0,0,0,0,0,0,100,101,0,0,0,0,88,89,0,0,0,0,0,0,0,0,0,0,0,0,0,0,0,0,0,0,0,0,160,161,0,0,100,101,0,0,0,0,88,89,0,0,0,0,0,0,0,0,0,0,0,0,0,0,0,0,0,0,0,0,0,0,0,0,0,0,0,0,102,103,86,87,86,87,86,87,86,87,86,87,90,91,0,0,0,0,116,117,116,117,0,0,102,103,0,0,0,0,0,0,0,0,0,0,0,0,88,89,0,0,116,117,0,0,100,101,86,87,86,87,86,87,0,0,0,0,0,0,0,0,0,0,0,0,0,0,0,0,0,0,0,0,150,151,92,93,0,0,0,0,0,0,0,0,0,0,0,0,0,0,0,0,0,0,88,89,0,0,0,0,0,0,0,0,0,0,0,0,0,0,0,0,0,0,0,0,0,0,0,0,0,0,100,101,0,0,0,0,0,0,86,87,90,91,0,0,0,0,102,103,86,87,86,87,0,0,0,0,0,0,0,0,0,0,0,0,0,0
0,0,0,0,600,601,0,0,0,0,0,0,0,0,0,0,0,0,0,0,0,0,0,0,0,0,0,0,612,613,0,0,0,0,600,601,0,0,0,0,0,0,0,0,0,0,0,0,0,0,0,0,0,0,0,0,672,673,0,0,612,613,0,0,0,0,600,601,0,0,0,0,0,0,0,0,0,0,0,0,0,0,0,0,0,0,0,0,0,0,0,0,0,0,0,0,614,615,598,599,598,599,598,599,598,599,598,599,602,603,0,0,0,0,628,629,628,629,0,0,614,615,0,0,0,0,0,0,0,0,0,0,0,0,600,601,0,0,628,629,0,0,612,613,598,599,598,599,598,599,0,0,0,0,0,0,0,0,0,0,0,0,0,0,0,0,0,0,0,0,662,663,604,605,0,0,0,0,0,0,0,0,0,0,0,0,0,0,0,0,0,0,600,601,0,0,0,0,0,0,0,0,0,0,0,0,0,0,0,0,0,0,0,0,0,0,0,0,0,0,612,613,0,0,0,0,0,0,598,599,602,603,0,0,0,0,614,615,598,599,598,599,0,0,0,0,0,0,0,0,0,0,0,0,0,0
0,0,0,0,0,0,86,87,86,87,86,87,86,87,86,87,86,87,86,87,86,87,86,87,86,87,86,87,0,0,0,0,0,0,0,0,86,87,86,87,86,87,86,87,86,87,86,87,86,87,86,87,86,87,86,87,86,87,86,87,0,0,0,0,0,0,0,0,86,87,86,87,86,87,86,87,86,87,86,87,90,91,0,0,0,0,0,0,0,0,0,0,0,0,102,103,0,0,0,0,0,0,0,0,0,0,0,0,0,0,86,87,86,87,86,87,86,87,86,87,0,0,0,0,0,0,0,0,0,0,0,0,0,0,0,0,86,87,86,87,86,87,0,0,0,0,0,0,0,0,0,0,0,0,0,0,0,0,0,0,0,0,0,0,0,0,92,93,92,93,96,97,0,0,108,109,92,93,92,93,0,0,0,0,0,0,0,0,0,0,0,0,0,0,86,87,90,91,0,0,0,0,0,0,0,0,0,0,148,149,0,0,0,0,0,0,0,0,102,103,0,0,0,0,0,0,0,0,0,0,0,0,86,87,86,87,0,0,0,0,0,0,0,0,0,0,0,0,0,0,0,0,168,169,0,0
0,0,0,0,0,0,598,599,598,599,598,599,598,599,598,599,598,599,598,599,598,599,598,599,598,599,598,599,0,0,0,0,0,0,0,0,598,599,598,599,598,599,598,599,598,599,598,599,598,599,598,599,598,599,598,599,598,599,598,599,0,0,0,0,0,0,0,0,598,599,598,599,598,599,598,599,598,599,598,599,602,603,0,0,0,0,0,0,0,0,0,0,0,0,614,615,0,0,0,0,0,0,0,0,0,0,0,0,0,0,598,599,598,599,598,599,598,599,598,599,0,0,0,0,0,0,0,0,0,0,0,0,0,0,0,0,598,599,598,599,598,599,0,0,0,0,0,0,0,0,0,0,0,0,0,0,0,0,0,0,0,0,0,0,0,0,604,605,604,605,608,609,0,0,620,621,604,605,604,605,0,0,0,0,0,0,0,0,0,0,0,0,0,0,598,599,602,603,0,0,0,0,0,0,0,0,0,0,660,661,0,0,0,0,0,0,0,0,614,615,0,0,0,0,0,0,0,0,0,0,0,0,598,599,598,599,0,0,0,0,0,0,0,0,0,0,0,0,0,0,0,0,680,681,0,0
0,0,0,0,0,0,0,0,0,0,0,0,0,0,0,0,0,0,0,0,0,0,0,0,0,0,0,0,0,0,0,0,152,153,164,165,0,0,0,0,0,0,0,0,0,0,0,0,0,0,0,0,0,0,0,0,0,0,0,0,0,0,0,0,0,0,0,0,0,0,0,0,0,0,158,159,0,0,0,0,0,0,86,87,86,87,86,87,86,87,86,87,86,87,0,0,0,0,0,0,0,0,0,0,0,0,0,0,0,0,0,0,0,0,0,0,0,0,0,0,0,0,0,0,0,0,0,0,0,0,0,0,0,0,0,0,0,0,0,0,0,0,0,0,0,0,0,0,0,0,0,0,0,0,0,0,0,0,0,0,0,0,0,0,96,97,0,0,0,0,0,0,0,0,0,0,0,0,0,0,108,109,92,93,0,0,0,0,0,0,0,0,0,0,0,0,0,0,86,87,162,163,0,0,88,89,0,0,0,0,0,0,0,0,0,0,102,103,0,0,0,0,0,0,0,0,0,0,0,0,0,0,0,0,0,0,0,0,0,0,0,0,0,0,0,0,0,0,0,0,0,0,0,0,0,0
0,0,0,0,0,0,0,0,0,0,0,0,0,0,0,0,0,0,0,0,0,0,0,0,0,0,0,0,0,0,0,0,664,665,676,677,0,0,0,0,0,0,0,0,0,0,0,0,0,0,0,0,0,0,0,0,0,0,0,0,0,0,0,0,0,0,0,0,0,0,0,0,0,0,670,671,0,0,0,0,0,0,598,599,598,599,598,599,598,599,598,599,598,599,0,0,0,0,0,0,0,0,0,0,0,0,0,0,0,0,0,0,0,0,0,0,0,0,0,0,0,0,0,0,0,0,0,0,0,0,0,0,0,0,0,0,0,0,0,0,0,0,0,0,0,0,0,0,0,0,0,0,0,0,0,0,0,0,0,0,0,0,0,0,608,609,0,0,0,0,0,0,0,0,0,0,0,0,0,0,620,621,604,605,0,0,0,0,0,0,0,0,0,0,0,0,0,0,598,599,674,675,0,0,600,601,0,0,0,0,0,0,0,0,0,0,614,615,0,0,0,0,0,0,0,0,0,0,0,0,0,0,0,0,0,0,0,0,0,0,0,0,0,0,0,0,0,0,0,0,0,0,0,0,0,0
0,0,0,0,0,0,0,0,0,0,0,0,0,0,0,0,0,0,0,0,0,0,0,0,0,0,0,0,0,0,0,0,0,0,0,0,0,0,0,0,0,0,0,0,0,0,0,0,0,0,0,0,0,0,0,0,0,0,0,0,0,0,0,0,0,0,164,165,0,0,0,0,168,169,0,0,0,0,0,0,0,0,0,0,0,0,0,0,0,0,0,0,0,0,152,153,0,0,0,0,0,0,0,0,0,0,0,0,0,0,0,0,0,0,0,0,0,0,0,0,0,0,0,0,170,171,0,0,0,0,0,0,0,0,0,0,0,0,0,0,0,0,92,93,92,93,92,93,92,93,92,93,92,93,0,0,0,0,0,0,0,0,96,97,0,0,126,127,0,0,0,0,0,0,130,131,0,0,122,123,122,123,0,0,100,101,0,0,0,0,0,0,0,0,0,0,0,0,0,0,0,0,0,0,0,0,86,87,86,87,86,87,86,87,86,87,0,0,0,0,0,0,0,0,0,0,0,0,0,0,0,0,0,0,0,0,0,0,0,0,0,0,0,0,0,0,0,0,0,0,0,0,0,0,0,0
0,0,0,0,0,0,0,0,0,0,0,0,0,0,0,0,0,0,0,0,0,0,0,0,0,0,0,0,0,0,0,0,0,0,0,0,0,0,0,0,0,0,0,0,0,0,0,0,0,0,0,0,0,0,0,0,0,0,0,0,0,0,0,0,0,0,676,677,0,0,0,0,680,681,0,0,0,0,0,0,0,0,0,0,0,0,0,0,0,0,0,0,0,0,664,665,0,0,0,0,0,0,0,0,0,0,0,0,0,0,0,0,0,0,0,0,0,0,0,0,0,0,0,0,682,683,0,0,0,0,0,0,0,0,0,0,0,0,0,0,0,0,604,605,604,605,604,605,604,605,604,605,604,605,0,0,0,0,0,0,0,0,608,609,0,0,638,639,0,0,0,0,0,0,642,643,0,0,634,635,634,635,0,0,612,613,0,0,0,0,0,0,0,0,0,0,0,0,0,0,0,0,0,0,0,0,598,599,598,599,598,599,598,599,598,599,0,0,0,0,0,0,0,0,0,0,0,0,0,0,0,0,0,0,0,0,0,0,0,0,0,0,0,0,0,0,0,0,0,0,0,0,0,0,0,0
0,0,0,0,0,0,92,93,92,93,92,93,92,93,92,93,92,93,92,93,92,93,92,93,92,93,92,93,0,0,0,0,0,0,0,0,92,93,92,93,92,93,92,93,92,93,92,93,92,93,92,93,92,93,92,93,92,93,92,93,0,0,0,0,0,0,0,0,92,93,92,93,92,93,92,93,92,93,92,93,92,93,0,0,0,0,0,0,0,0,0,0,0,0,0,0,0,0,0,0,0,0,0,0,0,0,0,0,0,0,0,0,0,0,0,0,0,0,0,0,0,0,0,0,0,0,0,0,0,0,0,0,0,0,0,0,92,93,92,93,96,97,0,0,0,0,0,0,0,0,0,0,0,0,108,109,92,93,92,93,96,97,0,0,126,127,0,0,0,0,0,0,0,0,130,131,118,119,0,0,0,0,130,131,108,109,0,0,0,0,0,0,0,0,0,0,0,0,0,0,0,0,0,0,0,0,0,0,0,0,0,0,0,0,0,0,0,0,0,0,0,0,0,0,0,0,0,0,0,0,0,0,0,0,0,0,92,93,92,93,92,93,92,93,0,0,0,0,0,0,0,0,0,0,0,0
0,0,0,0,0,0,604,605,604,605,604,605,604,605,604,605,604,605,604,605,604,605,604,605,604,605,604,605,0,0,0,0,0,0,0,0,604,605,604,605,604,605,604,605,604,605,604,605,604,605,604,605,604,605,604,605,604,605,604,605,0,0,0,0,0,0,0,0,604,605,604,605,604,605,604,605,604,605,604,605,604,605,0,0,0,0,0,0,0,0,0,0,0,0,0,0,0,0,0,0,0,0,0,0,0,0,0,0,0,0,0,0,0,0,0,0,0,0,0,0,0,0,0,0,0,0,0,0,0,0,0,0,0,0,0,0,604,605,604,605,608,609,0,0,0,0,0,0,0,0,0,0,0,0,620,621,604,605,604,605,608,609,0,0,638,639,0,0,0,0,0,0,0,0,642,643,630,631,0,0,0,0,642,643,620,621,0,0,0,0,0,0,0,0,0,0,0,0,0,0,0,0,0,0,0,0,0,0,0,0,0,0,0,0,0,0,0,0,0,0,0,0,0,0,0,0,0,0,0,0,0,0,0,0,0,0,604,605,604,605,604,605,604,605,0,0,0,0,0,0,0,0,0,0,0,0
0,0,0,0,88,89,0,0,122,123,122,123,122,123,122,123,122,123,0,0,0,0,0,0,0,0,0,0,100,101,0,0,0,0,88,89,0,0,0,0,0,0,0,0,0,0,0,0,0,0,0,0,0,0,0,0,0,0,0,0,100,101,0,0,0,0,88,89,0,0,122,123,122,123,122,123,122,123,122,123,0,0,108,109,92,93,92,93,92,93,92,93,92,93,0,0,0,0,0,0,0,0,0,0,158,159,92,93,92,93,0,0,0,0,0,0,0,0,0,0,0,0,0,0,0,0,0,0,0,0,0,0,0,0,96,97,0,0,0,0,0,0,0,0,0,0,0,0,0,0,0,0,0,0,0,0,0,0,0,0,122,123,126,127,0,0,0,0,0,0,0,0,0,0,130,131,118,119,0,0,0,0,138,139,0,0,100,101,0,0,0,0,0,0,0,0,92,93,0,0,0,0,0,0,0,0,0,0,0,0,0,0,0,0,0,0,0,0,0,0,0,0,0,0,0,0,0,0,0,0,0,0,0,0,88,89,0,0,0,0,0,0,0,0,108,109,0,0,0,0,0,0,0,0,0,0
0,0,0,0,600,601,0,0,634,635,634,635,634,635,634,635,634,635,0,0,0,0,0,0,0,0,0,0,612,613,0,0,0,0,600,601,0,0,0,0,0,0,0,0,0,0,0,0,0,0,0,0,0,0,0,0,0,0,0,0,612,613,0,0,0,0,600,601,0,0,634,635,634,635,634,635,634,635,634,635,0,0,620,621,604,605,604,605,604,605,604,605,604,605,0,0,0,0,0,0,0,0,0,0,670,671,604,605,604,605,0,0,0,0,0,0,0,0,0,0,0,0,0,0,0,0,0,0,0,0,0,0,0,0,608,609,0,0,0,0,0,0,0,0,0,0,0,0,0,0,0,0,0,0,0,0,0,0,0,0,634,635,638,639,0,0,0,0,0,0,0,0,0,0,642,643,630,631,0,0,0,0,650,651,0,0,612,613,0,0,0,0,0,0,0,0,604,605,0,0,0,0,0,0,0,0,0,0,0,0,0,0,0,0,0,0,0,0,0,0,0,0,0,0,0,0,0,0,0,0,0,0,0,0,600,601,0,0,0,0,0,0,0,0,620,621,0,0,0,0,0,0,0,0,0,0
0,0,0,0,88,89,118,119,0,0,0,0,0,0,0,0,0,0,130,131,0,0,0,0,0,0,0,0,100,101,0,0,0,0,88,89,0,0,0,0,0,0,0,0,102,103,86,87,86,87,90,91,0,0,0,0,0,0,0,0,100,101,0,0,0,0,88,89,118,119,0,0,0,0,0,0,0,0,0,0,130,131,0,0,0,0,0,0,0,0,0,0,0,0,100,101,0,0,0,0,0,0,0,0,88,89,0,0,0,0,108,109,92,93,92,93,92,93,92,93,0,0,0,0,0,0,0,0,0,0,0,0,96,97,0,0,0,0,0,0,0,0,0,0,0,0,0,0,0,0,0,0,0,0,0,0,0,0,0,0,0,0,0,0,0,0,0,0,0,0,0,0,0,0,130,131,118,119,0,0,0,0,0,0,130,131,100,101,0,0,0,0,0,0,88,89,0,0,108,109,92,93,92,93,92,93,92,93,0,0,0,0,0,0,0,0,0,0,0,0,0,0,0,0,0,0,0,0,0,0,0,0,0,0,88,89,0,0,0,0,0,0,122,123,0,0,108,109,0,0,0,0,0,0,0,0
0,0,0,0,600,601,630,631,0,0,0,0,0,0,0,0,0,0,642,643,0,0,0,0,0,0,0,0,612,613,0,0,0,0,600,601,0,0,0,0,0,0,0,0,614,615,598,599,598,599,602,603,0,0,0,0,0,0,0,0,612,613,0,0,0,0,600,601,630,631,0,0,0,0,0,0,0,0,0,0,642,643,0,0,0,0,0,0,0,0,0,0,0,0,612,613,0,0,0,0,0,0,0,0,600,601,0,0,0,0,620,621,604,605,604,605,604,605,604,605,0,0,0,0,0,0,0,0,0,0,0,0,608,609,0,0,0,0,0,0,0,0,0,0,0,0,0,0,0,0,0,0,0,0,0,0,0,0,0,0,0,0,0,0,0,0,0,0,0,0,0,0,0,0,642,643,630,631,0,0,0,0,0,0,642,643,612,613,0,0,0,0,0,0,600,601,0,0,620,621,604,605,604,605,604,605,604,605,0,0,0,0,0,0,0,0,0,0,0,0,0,0,0,0,0,0,0,0,0,0,0,0,0,0,600,601,0,0,0,0,0,0,634,635,0,0,620,621,0,0,0,0,0,0,0,0
0,0,0,0,88,89,118,119,0,0,0,0,0,0,132,133,116,117,0,0,0,0,0,0,0,0,0,0,100,101,0,0,0,0,88,89,0,0,0,0,102,103,86,87,0,0,0,0,0,0,0,0,86,87,90,91,0,0,0,0,100,101,0,0,0,0,88,89,0,0,0,0,0,0,0,0,0,0,0,0,0,0,0,0,0,0,0,0,0,0,122,123,0,0,100,101,0,0,0,0,0,0,0,0,88,89,0,0,122,123,122,123,122,123,122,123,122,123,0,0,108,109,0,0,0,0,0,0,0,0,96,97,0,0,0,0,0,0,0,0,0,0,0,0,0,0,0,0,0,0,0,0,0,0,0,0,0,0,0,0,0,0,0,0,0,0,0,0,0,0,0,0,0,0,130,131,118,119,0,0,0,0,0,0,130,131,100,101,0,0,0,0,0,0,88,89,0,0,122,123,122,123,122,123,122,123,0,0,108,109,92,93,92,93,92,93,92,93,0,0,0,0,0,0,0,0,0,0,0,0,0,0,0,0,96,97,0,0,0,0,118,119,0,0,138,139,0,0,100,101,0,0,0,0,88,89
0,0,0,0,600,601,630,631,0,0,0,0,0,0,644,645,628,629,0,0,0,0,0,0,0,0,0,0,612,613,0,0,0,0,600,601,0,0,0,0,614,615,598,599,0,0,0,0,0,0,0,0,598,599,602,603,0,0,0,0,612,613,0,0,0,0,600,601,0,0,0,0,0,0,0,0,0,0,0,0,0,0,0,0,0,0,0,0,0,0,634,635,0,0,612,613,0,0,0,0,0,0,0,0,600,601,0,0,634,635,634,635,634,635,634,635,634,635,0,0,620,621,0,0,0,0,0,0,0,0,608,609,0,0,0,0,0,0,0,0,0,0,0,0,0,0,0,0,0,0,0,0,0,0,0,0,0,0,0,0,0,0,0,0,0,0,0,0,0,0,0,0,0,0,642,643,630,631,0,0,0,0,0,0,642,643,612,613,0,0,0,0,0,0,600,601,0,0,634,635,634,635,634,635,634,635,0,0,620,621,604,605,604,605,604,605,604,605,0,0,0,0,0,0,0,0,0,0,0,0,0,0,0,0,608,609,0,0,0,0,630,631,0,0,650,651,0,0,612,613,0,0,0,0,600,601
0,0,0,0,88,89,118,119,0,0,132,133,116,117,0,0,0,0,0,0,0,0,0,0,0,0,0,0,100,101,0,0,0,0,88,89,0,0,102,103,0,0,0,0,0,0,0,0,0,0,0,0,0,0,0,0,90,91,0,0,100,101,0,0,0,0,88,89,0,0,0,0,0,0,0,0,0,0,0,0,0,0,0,0,0,0,0,0,126,127,0,0,130,131,100,101,0,0,0,0,0,0,0,0,88,89,118,119,0,0,0,0,0,0,0,0,0,0,138,139,0,0,100,101,0,0,0,0,88,89,0,0,122,123,0,0,0,0,0,0,0,0,0,0,0,0,0,0,0,0,0,0,0,0,0,0,0,0,0,0,0,0,0,0,0,0,0,0,0,0,0,0,0,0,130,131,118,119,0,0,0,0,132,133,0,0,100,101,0,0,0,0,0,0,96,97,118,119,0,0,0,0,0,0,0,0,130,131,0,0,122,123,122,123,122,123,0,0,108,109,0,0,0,0,0,0,0,0,0,0,0,0,88,89,0,0,0,0,0,0,118,119,0,0,0,0,130,131,108,109,0,0,0,0,88,89
0,0,0,0,600,601,630,631,0,0,644,645,628,629,0,0,0,0,0,0,0,0,0,0,0,0,0,0,612,613,0,0,0,0,600,601,0,0,614,615,0,0,0,0,0,0,0,0,0,0,0,0,0,0,0,0,602,603,0,0,612,613,0,0,0,0,600,601,0,0,0,0,0,0,0,0,0,0,0,0,0,0,0,0,0,0,0,0,638,639,0,0,642,643,612,613,0,0,0,0,0,0,0,0,600,601,630,631,0,0,0,0,0,0,0,0,0,0,650,651,0,0,612,613,0,0,0,0,600,601,0,0,634,635,0,0,0,0,0,0,0,0,0,0,0,0,0,0,0,0,0,0,0,0,0,0,0,0,0,0,0,0,0,0,0,0,0,0,0,0,0,0,0,0,642,643,630,631,0,0,0,0,644,645,0,0,612,613,0,0,0,0,0,0,608,609,630,631,0,0,0,0,0,0,0,0,642,643,0,0,634,635,634,635,634,635,0,0,620,621,0,0,0,0,0,0,0,0,0,0,0,0,600,601,0,0,0,0,0,0,630,631,0,0,0,0,642,643,620,621,0,0,0,0,600,601
0,0,0,0,88,89,0,0,0,0,0,0,0,0,0,0,0,0,0,0,0,0,0,0,0,0,0,0,100,101,0,0,0,0,88,89,0,0,100,101,170,171,0,0,0,0,0,0,0,0,0,0,0,0,0,0,88,89,0,0,100,101,0,0,0,0,88,89,0,0,0,0,0,0,0,0,0,0,0,0,0,0,0,0,0,0,0,0,0,0,0,0,130,131,100,101,152,153,0,0,0,0,0,0,96,97,118,119,0,0,0,0,0,0,0,0,0,0,0,0,130,131,100,101,0,0,0,0,88,89,118,119,0,0,0,0,0,0,0,0,0,0,0,0,0,0,0,0,0,0,0,0,0,0,0,0,0,0,0,0,0,0,0,0,0,0,0,0,0,0,0,0,0,0,130,131,118,119,0,0,0,0,130,131,102,103,0,0,0,0,0,0,88,89,0,0,126,127,0,0,0,0,0,0,0,0,130,131,118,119,0,0,0,0,0,0,138,139,0,0,108,109,92,93,92,93,0,0,0,0,0,0,88,89,0,0,0,0,0,0,118,119,0,0,0,0,138,139,0,0,100,101,0,0,154,155
0,0,0,0,600,601,0,0,0,0,0,0,0,0,0,0,0,0,0,0,0,0,0,0,0,0,0,0,612,613,0,0,0,0,600,601,0,0,612,613,682,683,0,0,0,0,0,0,0,0,0,0,0,0,0,0,600,601,0,0,612,613,0,0,0,0,600,601,0,0,0,0,0,0,0,0,0,0,0,0,0,0,0,0,0,0,0,0,0,0,0,0,642,643,612,613,664,665,0,0,0,0,0,0,608,609,630,631,0,0,0,0,0,0,0,0,0,0,0,0,642,643,612,613,0,0,0,0,600,601,630,631,0,0,0,0,0,0,0,0,0,0,0,0,0,0,0,0,0,0,0,0,0,0,0,0,0,0,0,0,0,0,0,0,0,0,0,0,0,0,0,0,0,0,642,643,630,631,0,0,0,0,642,643,614,615,0,0,0,0,0,0,600,601,0,0,638,639,0,0,0,0,0,0,0,0,642,643,630,631,0,0,0,0,0,0,650,651,0,0,620,621,604,605,604,605,0,0,0,0,0,0,600,601,0,0,0,0,0,0,630,631,0,0,0,0,650,651,0,0,612,613,0,0,666,667
0,0,0,0,88,89,0,0,0,0,0,0,0,0,0,0,0,0,0,0,0,0,0,0,0,0,0,0,100,101,0,0,0,0,0,0,86,87,0,0,0,0,0,0,0,0,0,0,0,0,0,0,0,0,0,0,0,0,86,87,0,0,0,0,0,0,88,89,0,0,0,0,0,0,0,0,0,0,0,0,0,0,0,0,0,0,0,0,0,0,132,133,0,0,100,101,0,0,0,0,0,0,88,89,0,0,126,127,0,0,0,0,0,0,0,0,0,0,0,0,130,131,100,101,0,0,0,0,88,89,118,119,0,0,0,0,0,0,0,0,0,0,0,0,0,0,0,0,0,0,0,0,0,0,0,0,0,0,0,0,0,0,0,0,0,0,0,0,0,0,0,0,0,0,130,131,118,119,0,0,0,0,130,131,100,101,0,0,0,0,0,0,88,89,118,119,0,0,0,0,0,0,0,0,0,0,130,131,118,119,0,0,0,0,0,0,0,0,130,131,0,0,0,0,0,0,100,101,0,0,0,0,0,0,90,91,0,0,0,0,118,119,0,0,0,0,0,0,130,131,108,109,0,0,0,0
0,0,0,0,600,601,0,0,0,0,0,0,0,0,0,0,0,0,0,0,0,0,0,0,0,0,0,0,612,613,0,0,0,0,0,0,598,599,0,0,0,0,0,0,0,0,0,0,0,0,0,0,0,0,0,0,0,0,598,599,0,0,0,0,0,0,600,601,0,0,0,0,0,0,0,0,0,0,0,0,0,0,0,0,0,0,0,0,0,0,644,645,0,0,612,613,0,0,0,0,0,0,600,601,0,0,638,639,0,0,0,0,0,0,0,0,0,0,0,0,642,643,612,613,0,0,0,0,600,601,630,631,0,0,0,0,0,0,0,0,0,0,0,0,0,0,0,0,0,0,0,0,0,0,0,0,0,0,0,0,0,0,0,0,0,0,0,0,0,0,0,0,0,0,642,643,630,631,0,0,0,0,642,643,612,613,0,0,0,0,0,0,600,601,630,631,0,0,0,0,0,0,0,0,0,0,642,643,630,631,0,0,0,0,0,0,0,0,642,643,0,0,0,0,0,0,612,613,0,0,0,0,0,0,602,603,0,0,0,0,630,631,0,0,0,0,0,0,642,643,620,621,0,0,0,0
0,0,0,0,88,89,0,0,0,0,0,0,0,0,0,0,0,0,0,0,0,0,0,0,0,0,0,0,100,101,0,0,0,0,0,0,92,93,0,0,0,0,0,0,0,0,0,0,0,0,0,0,0,0,0,0,0,0,92,93,0,0,0,0,0,0,88,89,0,0,0,0,0,0,0,0,0,0,0,0,0,0,0,0,0,0,0,0,0,0,130,131,102,103,0,0,0,0,0,0,0,0,88,89,118,119,0,0,0,0,0,0,0,0,0,0,0,0,116,117,0,0,100,101,0,0,0,0,96,97,118,119,0,0,0,0,0,0,0,0,0,0,0,0,0,0,0,0,0,0,0,0,0,0,0,0,0,0,0,0,116,117,124,125,124,125,124,125,124,125,124,125,124,125,0,0,0,0,124,125,124,125,0,0,100,101,0,0,0,0,0,0,88,89,0,0,124,125,124,125,124,125,124,125,124,125,0,0,0,0,124,125,124,125,124,125,124,125,122,123,0,0,0,0,0,0,100,101,0,0,0,0,0,0,88,89,0,0,0,0,0,0,124,125,124,125,124,125,122,123,0,0,100,101,0,0
0,0,0,0,600,601,0,0,0,0,0,0,0,0,0,0,0,0,0,0,0,0,0,0,0,0,0,0,612,613,0,0,0,0,0,0,604,605,0,0,0,0,0,0,0,0,0,0,0,0,0,0,0,0,0,0,0,0,604,605,0,0,0,0,0,0,600,601,0,0,0,0,0,0,0,0,0,0,0,0,0,0,0,0,0,0,0,0,0,0,642,643,614,615,0,0,0,0,0,0,0,0,600,601,630,631,0,0,0,0,0,0,0,0,0,0,0,0,628,629,0,0,612,613,0,0,0,0,608,609,630,631,0,0,0,0,0,0,0,0,0,0,0,0,0,0,0,0,0,0,0,0,0,0,0,0,0,0,0,0,628,629,636,637,636,637,636,637,636,637,636,637,636,637,0,0,0,0,636,637,636,637,0,0,612,613,0,0,0,0,0,0,600,601,0,0,636,637,636,637,636,637,636,637,636,637,0,0,0,0,636,637,636,637,636,637,636,637,634,635,0,0,0,0,0,0,612,613,0,0,0,0,0,0,600,601,0,0,0,0,0,0,636,637,636,637,636,637,634,635,0,0,612,613,0,0
0,0,0,0,88,89,0,0,0,0,0,0,0,0,0,0,0,0,0,0,0,0,0,0,0,0,0,0,100,101,0,0,0,0,88,89,0,0,100,101,0,0,0,0,0,0,0,0,0,0,168,169,0,0,0,0,88,89,0,0,100,101,0,0,0,0,88,89,0,0,0,0,0,0,0,0,0,0,0,0,0,0,0,0,0,0,0,0,0,0,130,131,100,101,0,0,0,0,0,0,0,0,88,89,118,119,0,0,0,0,0,0,0,0,0,0,0,0,0,0,102,103,0,0,0,0,88,89,0,0,126,127,0,0,0,0,0,0,0,0,0,0,0,0,0,0,0,0,0,0,0,0,0,0,0,0,0,0,0,0,118,119,0,0,0,0,0,0,0,0,0,0,0,0,130,131,118,119,0,0,0,0,130,131,100,101,0,0,0,0,0,0,88,89,118,119,0,0,0,0,0,0,0,0,0,0,130,131,118,119,0,0,0,0,0,0,0,0,0,0,130,131,0,0,0,0,100,101,0,0,0,0,0,0,88,89,0,0,0,0,118,119,0,0,0,0,0,0,0,0,130,131,100,101,0,0
0,0,0,0,600,601,0,0,0,0,0,0,0,0,0,0,0,0,0,0,0,0,0,0,0,0,0,0,612,613,0,0,0,0,600,601,0,0,612,613,0,0,0,0,0,0,0,0,0,0,680,681,0,0,0,0,600,601,0,0,612,613,0,0,0,0,600,601,0,0,0,0,0,0,0,0,0,0,0,0,0,0,0,0,0,0,0,0,0,0,642,643,612,613,0,0,0,0,0,0,0,0,600,601,630,631,0,0,0,0,0,0,0,0,0,0,0,0,0,0,614,615,0,0,0,0,600,601,0,0,638,639,0,0,0,0,0,0,0,0,0,0,0,0,0,0,0,0,0,0,0,0,0,0,0,0,0,0,0,0,630,631,0,0,0,0,0,0,0,0,0,0,0,0,642,643,630,631,0,0,0,0,642,643,612,613,0,0,0,0,0,0,600,601,630,631,0,0,0,0,0,0,0,0,0,0,642,643,630,631,0,0,0,0,0,0,0,0,0,0,642,643,0,0,0,0,612,613,0,0,0,0,0,0,600,601,0,0,0,0,630,631,0,0,0,0,0,0,0,0,642,643,612,613,0,0
0,0,0,0,88,89,0,0,0,0,0,0,0,0,0,0,0,0,0,0,0,0,0,0,0,0,0,0,100,101,0,0,0,0,88,89,0,0,108,109,0,0,0,0,0,0,0,0,0,0,0,0,0,0,0,0,96,97,0,0,100,101,0,0,0,0,88,89,0,0,0,0,0,0,0,0,0,0,0,0,0,0,0,0,0,0,0,0,0,0,130,131,100,101,0,0,0,0,0,0,0,0,88,89,118,119,0,0,0,0,0,0,0,0,0,0,0,0,0,0,100,101,0,0,0,0,88,89,118,119,0,0,0,0,0,0,0,0,0,0,0,0,0,0,0,0,0,0,0,0,0,0,102,103,86,87,86,87,90,91,0,0,120,121,0,0,0,0,0,0,0,0,0,0,130,131,118,119,0,0,0,0,130,131,100,101,0,0,162,163,0,0,88,89,118,119,0,0,0,0,0,0,0,0,0,0,130,131,118,119,0,0,132,133,116,117,116,117,116,117,0,0,102,103,86,87,0,0,0,0,0,0,0,0,96,97,0,0,0,0,118,119,0,0,0,0,0,0,0,0,130,131,108,109,0,0
0,0,0,0,600,601,0,0,0,0,0,0,0,0,0,0,0,0,0,0,0,0,0,0,0,0,0,0,612,613,0,0,0,0,600,601,0,0,620,621,0,0,0,0,0,0,0,0,0,0,0,0,0,0,0,0,608,609,0,0,612,613,0,0,0,0,600,601,0,0,0,0,0,0,0,0,0,0,0,0,0,0,0,0,0,0,0,0,0,0,642,643,612,613,0,0,0,0,0,0,0,0,600,601,630,631,0,0,0,0,0,0,0,0,0,0,0,0,0,0,612,613,0,0,0,0,600,601,630,631,0,0,0,0,0,0,0,0,0,0,0,0,0,0,0,0,0,0,0,0,0,0,614,615,598,599,598,599,602,603,0,0,632,633,0,0,0,0,0,0,0,0,0,0,642,643,630,631,0,0,0,0,642,643,612,613,0,0,674,675,0,0,600,601,630,631,0,0,0,0,0,0,0,0,0,0,642,643,630,631,0,0,644,645,628,629,628,629,628,629,0,0,614,615,598,599,0,0,0,0,0,0,0,0,608,609,0,0,0,0,630,631,0,0,0,0,0,0,0,0,642,643,620,621,0,0
0,0,0,0,88,89,0,0,0,0,0,0,0,0,0,0,0,0,0,0,0,0,0,0,0,0,0,0,100,101,0,0,0,0,88,89,0,0,0,0,108,109,92,93,0,0,0,0,0,0,0,0,92,93,96,97,0,0,0,0,100,101,0,0,0,0,88,89,0,0,0,0,0,0,0,0,0,0,0,0,0,0,0,0,0,0,0,0,116,117,0,0,100,101,148,149,0,0,166,167,0,0,88,89,152,153,0,0,0,0,0,0,0,0,0,0,0,0,0,0,100,101,0,0,0,0,88,89,118,119,0,0,0,0,0,0,0,0,0,0,0,0,0,0,0,0,0,0,0,0,102,103,0,0,0,0,0,0,0,0,90,91,0,0,120,121,0,0,0,0,0,0,0,0,130,131,118,119,0,0,0,0,130,131,100,101,0,0,0,0,0,0,88,89,0,0,120,121,0,0,0,0,0,0,132,133,0,0,0,0,116,117,0,0,102,103,86,87,86,87,86,87,0,0,0,0,0,0,0,0,0,0,96,97,0,0,122,123,0,0,118,119,0,0,0,0,0,0,0,0,138,139,0,0,100,101
0,0,0,0,600,601,0,0,0,0,0,0,0,0,0,0,0,0,0,0,0,0,0,0,0,0,0,0,612,613,0,0,0,0,600,601,0,0,0,0,620,621,604,605,0,0,0,0,0,0,0,0,604,605,608,609,0,0,0,0,612,613,0,0,0,0,600,601,0,0,0,0,0,0,0,0,0,0,0,0,0,0,0,0,0,0,0,0,628,629,0,0,612,613,660,661,0,0,678,679,0,0,600,601,664,665,0,0,0,0,0,0,0,0,0,0,0,0,0,0,612,613,0,0,0,0,600,601,630,631,0,0,0,0,0,0,0,0,0,0,0,0,0,0,0,0,0,0,0,0,614,615,0,0,0,0,0,0,0,0,602,603,0,0,632,633,0,0,0,0,0,0,0,0,642,643,630,631,0,0,0,0,642,643,612,613,0,0,0,0,0,0,600,601,0,0,632,633,0,0,0,0,0,0,644,645,0,0,0,0,628,629,0,0,614,615,598,599,598,599,598,599,0,0,0,0,0,0,0,0,0,0,608,609,0,0,634,635,0,0,630,631,0,0,0,0,0,0,0,0,650,651,0,0,612,613
0,0,0,0,88,89,0,0,0,0,0,0,0,0,0,0,0,0,0,0,0,0,0,0,0,0,0,0,100,101,0,0,0,0,88,89,0,0,0,0,0,0,0,0,108,109,92,93,92,93,96,97,0,0,0,0,0,0,0,0,100,101,0,0,0,0,88,89,0,0,0,0,0,0,0,0,0,0,0,0,0,0,0,0,0,0,0,0,0,0,102,103,0,0,0,0,0,0,0,0,0,0,88,89,154,155,0,0,0,0,0,0,0,0,0,0,0,0,0,0,100,101,0,0,0,0,88,89,118,119,0,0,0,0,0,0,0,0,0,0,0,0,0,0,0,0,0,0,102,103,0,0,0,0,0,0,0,0,0,0,0,0,90,91,0,0,116,117,116,117,116,117,116,117,0,0,0,0,116,117,116,117,0,0,100,101,0,0,0,0,0,0,0,0,90,91,0,0,116,117,116,117,116,117,0,0,102,103,86,87,86,87,86,87,0,0,0,0,0,0,0,0,0,0,0,0,0,0,0,0,88,89,0,0,118,119,0,0,130,131,118,119,0,0,0,0,0,0,0,0,0,0,130,131,100,101
0,0,0,0,600,601,0,0,0,0,0,0,0,0,0,0,0,0,0,0,0,0,0,0,0,0,0,0,612,613,0,0,0,0,600,601,0,0,0,0,0,0,0,0,620,621,604,605,604,605,608,609,0,0,0,0,0,0,0,0,612,613,0,0,0,0,600,601,0,0,0,0,0,0,0,0,0,0,0,0,0,0,0,0,0,0,0,0,0,0,614,615,0,0,0,0,0,0,0,0,0,0,600,601,666,667,0,0,0,0,0,0,0,0,0,0,0,0,0,0,612,613,0,0,0,0,600,601,630,631,0,0,0,0,0,0,0,0,0,0,0,0,0,0,0,0,0,0,614,615,0,0,0,0,0,0,0,0,0,0,0,0,602,603,0,0,628,629,628,629,628,629,628,629,0,0,0,0,628,629,628,629,0,0,612,613,0,0,0,0,0,0,0,0,602,603,0,0,628,629,628,629,628,629,0,0,614,615,598,599,598,599,598,599,0,0,0,0,0,0,0,0,0,0,0,0,0,0,0,0,600,601,0,0,630,631,0,0,642,643,630,631,0,0,0,0,0,0,0,0,0,0,642,643,612,613
0,0,0,0,88,89,0,0,0,0,0,0,0,0,0,0,0,0,0,0,0,0,0,0,0,0,0,0,100,101,0,0,0,0,88,89,0,0,0,0,0,0,0,0,0,0,0,0,0,0,0,0,0,0,0,0,154,155,102,103,0,0,0,0,0,0,0,0,90,91,0,0,102,103,86,87,86,87,86,87,86,87,86,87,86,87,86,87,86,87,0,0,0,0,0,0,0,0,0,0,0,0,88,89,118,119,0,0,0,0,0,0,0,0,0,0,0,0,0,0,100,101,0,0,0,0,88,89,0,0,116,117,116,117,0,0,0,0,0,0,0,0,0,0,0,0,102,103,0,0,0,0,0,0,0,0,0,0,0,0,170,171,0,0,86,87,86,87,86,87,86,87,86,87,86,87,86,87,86,87,86,87,86,87,0,0,146,147,148,149,0,0,0,0,0,0,86,87,86,87,86,87,86,87,86,87,0,0,0,0,0,0,0,0,0,0,0,0,0,0,0,0,0,0,0,0,0,0,0,0,88,89,0,0,160,161,116,117,0,0,118,119,0,0,0,0,0,0,132,133,116,117,0,0,100,101
0,0,0,0,600,601,0,0,0,0,0,0,0,0,0,0,0,0,0,0,0,0,0,0,0,0,0,0,612,613,0,0,0,0,600,601,0,0,0,0,0,0,0,0,0,0,0,0,0,0,0,0,0,0,0,0,666,667,614,615,0,0,0,0,0,0,0,0,602,603,0,0,614,615,598,599,598,599,598,599,598,599,598,599,598,599,598,599,598,599,0,0,0,0,0,0,0,0,0,0,0,0,600,601,630,631,0,0,0,0,0,0,0,0,0,0,0,0,0,0,612,613,0,0,0,0,600,601,0,0,628,629,628,629,0,0,0,0,0,0,0,0,0,0,0,0,614,615,0,0,0,0,0,0,0,0,0,0,0,0,682,683,0,0,598,599,598,599,598,599,598,599,598,599,598,599,598,599,598,599,598,599,598,599,0,0,658,659,660,661,0,0,0,0,0,0,598,599,598,599,598,599,598,599,598,599,0,0,0,0,0,0,0,0,0,0,0,0,0,0,0,0,0,0,0,0,0,0,0,0,600,601,0,0,672,673,628,629,0,0,630,631,0,0,0,0,0,0,644,645,628,629,0,0,612,613
0,0,0,0,0,0,86,87,86,87,86,87,86,87,86,87,86,87,86,87,86,87,86,87,86,87,86,87,0,0,0,0,0,0,158,159,86,87,86,87,86,87,86,87,86,87,86,87,86,87,86,87,86,87,86,87,86,87,0,0,0,0,0,0,0,0,0,0,0,0,86,87,0,0,0,0,0,0,0,0,0,0,0,0,0,0,0,0,0,0,0,0,0,0,0,0,0,0,0,0,0,0,88,89,0,0,116,117,0,0,0,0,0,0,0,0,0,0,0,0,100,101,0,0,0,0,88,89,0,0,0,0,102,103,86,87,86,87,86,87,86,87,86,87,86,87,0,0,0,0,0,0,0,0,0,0,0,0,0,0,0,0,0,0,0,0,0,0,0,0,146,147,0,0,0,0,0,0,0,0,0,0,0,0,0,0,0,0,0,0,0,0,0,0,0,0,0,0,0,0,0,0,0,0,0,0,0,0,0,0,0,0,0,0,0,0,0,0,0,0,0,0,0,0,0,0,0,0,0,0,0,0,86,87,86,87,90,91,0,0,0,0,116,117,116,117,116,117,0,0,102,103,86,87,0,0
0,0,0,0,0,0,598,599,598,599,598,599,598,599,598,599,598,599,598,599,598,599,598,599,598,599,598,599,0,0,0,0,0,0,670,671,598,599,598,599,598,599,598,599,598,599,598,599,598,599,598,599,598,599,598,599,598,599,0,0,0,0,0,0,0,0,0,0,0,0,598,599,0,0,0,0,0,0,0,0,0,0,0,0,0,0,0,0,0,0,0,0,0,0,0,0,0,0,0,0,0,0,600,601,0,0,628,629,0,0,0,0,0,0,0,0,0,0,0,0,612,613,0,0,0,0,600,601,0,0,0,0,614,615,598,599,598,599,598,599,598,599,598,599,598,599,0,0,0,0,0,0,0,0,0,0,0,0,0,0,0,0,0,0,0,0,0,0,0,0,658,659,0,0,0,0,0,0,0,0,0,0,0,0,0,0,0,0,0,0,0,0,0,0,0,0,0,0,0,0,0,0,0,0,0,0,0,0,0,0,0,0,0,0,0,0,0,0,0,0,0,0,0,0,0,0,0,0,0,0,0,0,598,599,598,599,602,603,0,0,0,0,628,629,628,629,628,629,0,0,614,615,598,599,0,0
0,0,0,0,0,0,0,0,0,0,0,0,0,0,0,0,0,0,0,0,0,0,0,0,0,0,0,0,0,0,0,0,0,0,0,0,0,0,0,0,0,0,0,0,0,0,0,0,0,0,0,0,0,0,0,0,0,0,0,0,0,0,0,0,0,0,0,0,0,0,0,0,0,0,0,0,0,0,0,0,0,0,0,0,0,0,0,0,0,0,92,93,92,93,0,0,148,149,0,0,0,0,0,0,90,91,0,0,0,0,0,0,0,0,0,0,0,0,0,0,100,101,0,0,0,0,0,0,86,87,86,87,0,0,0,0,0,0,0,0,0,0,0,0,0,0,0,0,0,0,0,0,0,0,0,0,0,0,0,0,0,0,0,0,0,0,0,0,0,0,0,0,0,0,146,147,0,0,0,0,0,0,0,0,0,0,0,0,0,0,146,147,0,0,0,0,0,0,0,0,0,0,0,0,0,0,0,0,0,0,0,0,166,167,0,0,0,0,0,0,0,0,0,0,0,0,0,0,0,0,164,165,0,0,0,0,146,147,86,87,86,87,86,87,86,87,86,87,86,87,0,0,0,0,0,0
0,0,0,0,0,0,0,0,0,0,0,0,0,0,0,0,0,0,0,0,0,0,0,0,0,0,0,0,0,0,0,0,0,0,0,0,0,0,0,0,0,0,0,0,0,0,0,0,0,0,0,0,0,0,0,0,0,0,0,0,0,0,0,0,0,0,0,0,0,0,0,0,0,0,0,0,0,0,0,0,0,0,0,0,0,0,0,0,0,0,604,605,604,605,0,0,660,661,0,0,0,0,0,0,602,603,0,0,0,0,0,0,0,0,0,0,0,0,0,0,612,613,0,0,0,0,0,0,598,599,598,599,0,0,0,0,0,0,0,0,0,0,0,0,0,0,0,0,0,0,0,0,0,0,0,0,0,0,0,0,0,0,0,0,0,0,0,0,0,0,0,0,0,0,658,659,0,0,0,0,0,0,0,0,0,0,0,0,0,0,658,659,0,0,0,0,0,0,0,0,0,0,0,0,0,0,0,0,0,0,0,0,678,679,0,0,0,0,0,0,0,0,0,0,0,0,0,0,0,0,676,677,0,0,0,0,658,659,598,599,598,599,598,599,598,599,598,599,598,599,0,0,0,0,0,0
0,0,0,0,0,0,0,0,0,0,0,0,0,0,0,0,0,0,0,0,0,0,0,0,0,0,0,0,0,0,0,0,0,0,0,0,0,0,0,0,0,0,0,0,0,0,0,0,0,0,0,0,0,0,0,0,0,0,0,0,0,0,0,0,0,0,0,0,0,0,0,0,92,93,92,93,92,93,92,93,92,93,92,93,92,93,92,93,96,97,0,0,0,0,108,109,92,93,0,0,0,0,0,0,88,89,0,0,0,0,0,0,118,119,0,0,0,0,130,131,100,101,0,0,0,0,0,0,0,0,0,0,0,0,0,0,0,0,0,0,0,0,0,0,0,0,0,0,0,0,0,0,0,0,0,0,0,0,0,0,0,0,0,0,92,93,92,93,92,93,92,93,92,93,92,93,92,93,92,93,0,0,0,0,0,0,0,0,0,0,0,0,0,0,0,0,0,0,0,0,0,0,0,0,0,0,0,0,0,0,0,0,0,0,92,93,92,93,92,93,0,0,0,0,0,0,0,0,0,0,0,0,0,0,0,0,0,0,0,0,0,0,0,0,0,0,0,0,0,0,0,0,0,0,0,0
0,0,0,0,0,0,0,0,0,0,0,0,0,0,0,0,0,0,0,0,0,0,0,0,0,0,0,0,0,0,0,0,0,0,0,0,0,0,0,0,0,0,0,0,0,0,0,0,0,0,0,0,0,0,0,0,0,0,0,0,0,0,0,0,0,0,0,0,0,0,0,0,604,605,604,605,604,605,604,605,604,605,604,605,604,605,604,605,608,609,0,0,0,0,620,621,604,605,0,0,0,0,0,0,600,601,0,0,0,0,0,0,630,631,0,0,0,0,642,643,612,613,0,0,0,0,0,0,0,0,0,0,0,0,0,0,0,0,0,0,0,0,0,0,0,0,0,0,0,0,0,0,0,0,0,0,0,0,0,0,0,0,0,0,604,605,604,605,604,605,604,605,604,605,604,605,604,605,604,605,0,0,0,0,0,0,0,0,0,0,0,0,0,0,0,0,0,0,0,0,0,0,0,0,0,0,0,0,0,0,0,0,0,0,604,605,604,605,604,605,0,0,0,0,0,0,0,0,0,0,0,0,0,0,0,0,0,0,0,0,0,0,0,0,0,0,0,0,0,0,0,0,0,0,0,0
164,165,0,0,0,0,92,93,92,93,92,93,92,93,92,93,92,93,92,93,92,93,92,93,92,93,92,93,0,0,0,0,0,0,0,0,92,93,92,93,92,93,92,93,92,93,92,93,92,93,92,93,92,93,92,93,92,93,0,0,0,0,0,0,0,0,0,0,0,0,96,97,0,0,0,0,0,0,0,0,0,0,0,0,0,0,0,0,0,0,0,0,0,0,0,0,0,0,100,101,0,0,0,0,0,0,90,91,0,0,0,0,118,119,0,0,132,133,0,0,100,101,0,0,0,0,0,0,0,0,0,0,92,93,92,93,92,93,92,93,92,93,92,93,92,93,92,93,92,93,0,0,0,0,0,0,0,0,0,0,0,0,96,97,0,0,0,0,0,0,0,0,0,0,0,0,0,0,0,0,108,109,0,0,0,0,0,0,0,0,0,0,0,0,0,0,0,0,166,167,0,0,148,149,0,0,92,93,92,93,92,93,96,97,0,0,122,123,0,0,100,101,0,0,0,0,0,0,0,0,0,0,0,0,0,0,0,0,0,0,0,0,0,0,0,0,0,0,0,0,0,0,0,0,0,0
676,677,0,0,0,0,604,605,604,605,604,605,604,605,604,605,604,605,604,605,604,605,604,605,604,605,604,605,0,0,0,0,0,0,0,0,604,605,604,605,604,605,604,605,604,605,604,605,604,605,604,605,604,605,604,605,604,605,0,0,0,0,0,0,0,0,0,0,0,0,608,609,0,0,0,0,0,0,0,0,0,0,0,0,0,0,0,0,0,0,0,0,0,0,0,0,0,0,612,613,0,0,0,0,0,0,602,603,0,0,0,0,630,631,0,0,644,645,0,0,612,613,0,0,0,0,0,0,0,0,0,0,604,605,604,605,604,605,604,605,604,605,604,605,604,605,604,605,604,605,0,0,0,0,0,0,0,0,0,0,0,0,608,609,0,0,0,0,0,0,0,0,0,0,0,0,0,0,0,0,620,621,0,0,0,0,0,0,0,0,0,0,0,0,0,0,0,0,678,679,0,0,660,661,0,0,604,605,604,605,604,605,608,609,0,0,634,635,0,0,612,613,0,0,0,0,0,0,0,0,0,0,0,0,0,0,0,0,0,0,0,0,0,0,0,0,0,0,0,0,0,0,0,0,0,0
0,0,0,0,88,89,0,0,0,0,0,0,0,0,0,0,0,0,0,0,0,0,0,0,0,0,0,0,100,101,0,0,0,0,88,89,0,0,0,0,0,0,0,0,0,0,0,0,0,0,0,0,0,0,0,0,0,0,108,109,0,0,0,0,0,0,0,0,96,97,0,0,0,0,0,0,0,0,0,0,0,0,0,0,0,0,0,0,0,0,0,0,0,0,0,0,0,0,100,101,0,0,0,0,0,0,88,89,0,0,0,0,0,0,116,117,0,0,102,103,0,0,0,0,92,93,92,93,92,93,96,97,0,0,0,0,0,0,0,0,0,0,0,0,0,0,0,0,0,0,108,109,0,0,0,0,0,0,0,0,88,89,0,0,0,0,0,0,0,0,0,0,0,0,0,0,0,0,162,163,0,0,108,109,0,0,0,0,0,0,0,0,0,0,0,0,92,93,92,93,92,93,92,93,96,97,0,0,0,0,122,123,122,123,126,127,0,0,130,131,100,101,0,0,0,0,0,0,0,0,0,0,92,93,92,93,92,93,0,0,0,0,0,0,0,0,0,0,0,0,92,93,92,93,92,93
0,0,0,0,600,601,0,0,0,0,0,0,0,0,0,0,0,0,0,0,0,0,0,0,0,0,0,0,612,613,0,0,0,0,600,601,0,0,0,0,0,0,0,0,0,0,0,0,0,0,0,0,0,0,0,0,0,0,620,621,0,0,0,0,0,0,0,0,608,609,0,0,0,0,0,0,0,0,0,0,0,0,0,0,0,0,0,0,0,0,0,0,0,0,0,0,0,0,612,613,0,0,0,0,0,0,600,601,0,0,0,0,0,0,628,629,0,0,614,615,0,0,0,0,604,605,604,605,604,605,608,609,0,0,0,0,0,0,0,0,0,0,0,0,0,0,0,0,0,0,620,621,0,0,0,0,0,0,0,0,600,601,0,0,0,0,0,0,0,0,0,0,0,0,0,0,0,0,674,675,0,0,620,621,0,0,0,0,0,0,0,0,0,0,0,0,604,605,604,605,604,605,604,605,608,609,0,0,0,0,634,635,634,635,638,639,0,0,642,643,612,613,0,0,0,0,0,0,0,0,0,0,604,605,604,605,604,605,0,0,0,0,0,0,0,0,0,0,0,0,604,605,604,605,604,605
0,0,0,0,88,89,152,153,0,0,0,0,0,0,0,0,0,0,0,0,0,0,0,0,0,0,0,0,100,101,0,0,0,0,88,89,0,0,0,0,0,0,0,0,0,0,0,0,0,0,0,0,0,0,0,0,0,0,0,0,100,101,164,165,0,0,88,89,0,0,0,0,0,0,0,0,0,0,102,103,90,91,0,0,0,0,0,0,0,0,0,0,0,0,0,0,0,0,100,101,0,0,0,0,0,0,88,89,0,0,0,0,0,0,0,0,102,103,0,0,0,0,88,89,0,0,122,123,0,0,0,0,0,0,0,0,0,0,0,0,0,0,0,0,0,0,0,0,122,123,0,0,108,109,0,0,0,0,0,0,88,89,0,0,0,0,0,0,0,0,0,0,102,103,86,87,86,87,90,91,0,0,0,0,100,101,0,0,0,0,0,0,0,0,96,97,0,0,122,123,122,123,122,123,122,123,0,0,118,119,0,0,0,0,0,0,0,0,130,131,100,101,0,0,0,0,0,0,0,0,88,89,0,0,122,123,0,0,108,109,92,93,92,93,92,93,92,93,96,97,0,0,0,0,0,0
0,0,0,0,600,601,664,665,0,0,0,0,0,0,0,0,0,0,0,0,0,0,0,0,0,0,0,0,612,613,0,0,0,0,600,601,0,0,0,0,0,0,0,0,0,0,0,0,0,0,0,0,0,0,0,0,0,0,0,0,612,613,676,677,0,0,600,601,0,0,0,0,0,0,0,0,0,0,614,615,602,603,0,0,0,0,0,0,0,0,0,0,0,0,0,0,0,0,612,613,0,0,0,0,0,0,600,601,0,0,0,0,0,0,0,0,614,615,0,0,0,0,600,601,0,0,634,635,0,0,0,0,0,0,0,0,0,0,0,0,0,0,0,0,0,0,0,0,634,635,0,0,620,621,0,0,0,0,0,0,600,601,0,0,0,0,0,0,0,0,0,0,614,615,598,599,598,599,602,603,0,0,0,0,612,613,0,0,0,0,0,0,0,0,608,609,0,0,634,635,634,635,634,635,634,635,0,0,630,631,0,0,0,0,0,0,0,0,642,643,612,613,0,0,0,0,0,0,0,0,600,601,0,0,634,635,0,0,620,621,604,605,604,605,604,605,604,605,608,609,0,0,0,0,0,0
0,0,0,0,88,89,0,0,0,0,0,0,0,0,0,0,0,0,0,0,0,0,0,0,0,0,0,0,100,101,0,0,0,0,88,89,0,0,0,0,0,0,0,0,0,0,0,0,0,0,0,0,0,0,0,0,0,0,0,0,100,101,0,0,0,0,88,89,0,0,0,0,0,0,102,103,86,87,0,0,0,0,86,87,90,91,0,0,0,0,0,0,0,0,0,0,0,0,100,101,0,0,0,0,0,0,88,89,0,0,0,0,0,0,0,0,100,101,0,0,0,0,96,97,118,119,0,0,0,0,0,0,0,0,0,0,0,0,0,0,0,0,0,0,0,0,0,0,0,0,138,139,160,161,100,101,0,0,0,0,88,89,0,0,0,0,0,0,102,103,86,87,0,0,0,0,0,0,0,0,86,87,86,87,0,0,0,0,0,0,0,0,96,97,0,0,126,127,0,0,0,0,0,0,0,0,130,131,118,119,0,0,0,0,0,0,132,133,0,0,100,101,0,0,0,0,0,0,0,0,96,97,118,119,0,0,130,131,0,0,0,0,0,0,0,0,0,0,0,0,0,0,0,0,0,0
0,0,0,0,600,601,0,0,0,0,0,0,0,0,0,0,0,0,0,0,0,0,0,0,0,0,0,0,612,613,0,0,0,0,600,601,0,0,0,0,0,0,0,0,0,0,0,0,0,0,0,0,0,0,0,0,0,0,0,0,612,613,0,0,0,0,600,601,0,0,0,0,0,0,614,615,598,599,0,0,0,0,598,599,602,603,0,0,0,0,0,0,0,0,0,0,0,0,612,613,0,0,0,0,0,0,600,601,0,0,0,0,0,0,0,0,612,613,0,0,0,0,608,609,630,631,0,0,0,0,0,0,0,0,0,0,0,0,0,0,0,0,0,0,0,0,0,0,0,0,650,651,672,673,612,613,0,0,0,0,600,601,0,0,0,0,0,0,614,615,598,599,0,0,0,0,0,0,0,0,598,599,598,599,0,0,0,0,0,0,0,0,608,609,0,0,638,639,0,0,0,0,0,0,0,0,642,643,630,631,0,0,0,0,0,0,644,645,0,0,612,613,0,0,0,0,0,0,0,0,608,609,630,631,0,0,642,643,0,0,0,0,0,0,0,0,0,0,0,0,0,0,0,0,0,0
0,0,0,0,88,89,0,0,0,0,0,0,0,0,0,0,0,0,0,0,0,0,0,0,0,0,0,0,100,101,0,0,0,0,88,89,0,0,122,123,0,0,0,0,0,0,0,0,0,0,0,0,0,0,0,0,0,0,0,0,100,101,146,147,0,0,88,89,162,163,0,0,102,103,0,0,0,0,0,0,0,0,0,0,0,0,90,91,0,0,0,0,0,0,0,0,0,0,100,101,0,0,0,0,0,0,88,89,0,0,0,0,0,0,110,111,0,0,0,0,88,89,0,0,118,119,0,0,0,0,0,0,0,0,0,0,0,0,0,0,0,0,0,0,0,0,0,0,0,0,0,0,130,131,100,101,0,0,0,0,88,89,0,0,0,0,102,103,0,0,0,0,0,0,0,0,0,0,0,0,0,0,0,0,0,0,0,0,0,0,88,89,0,0,118,119,0,0,0,0,0,0,0,0,0,0,130,131,118,119,0,0,0,0,0,0,130,131,102,103,0,0,0,0,0,0,0,0,88,89,0,0,118,119,0,0,130,131,0,0,0,0,0,0,0,0,0,0,0,0,0,0,0,0,0,0
0,0,0,0,600,601,0,0,0,0,0,0,0,0,0,0,0,0,0,0,0,0,0,0,0,0,0,0,612,613,0,0,0,0,600,601,0,0,634,635,0,0,0,0,0,0,0,0,0,0,0,0,0,0,0,0,0,0,0,0,612,613,658,659,0,0,600,601,674,675,0,0,614,615,0,0,0,0,0,0,0,0,0,0,0,0,602,603,0,0,0,0,0,0,0,0,0,0,612,613,0,0,0,0,0,0,600,601,0,0,0,0,0,0,622,623,0,0,0,0,600,601,0,0,630,631,0,0,0,0,0,0,0,0,0,0,0,0,0,0,0,0,0,0,0,0,0,0,0,0,0,0,642,643,612,613,0,0,0,0,600,601,0,0,0,0,614,615,0,0,0,0,0,0,0,0,0,0,0,0,0,0,0,0,0,0,0,0,0,0,600,601,0,0,630,631,0,0,0,0,0,0,0,0,0,0,642,643,630,631,0,0,0,0,0,0,642,643,614,615,0,0,0,0,0,0,0,0,600,601,0,0,630,631,0,0,642,643,0,0,0,0,0,0,0,0,0,0,0,0,0,0,0,0,0,0
0,0,0,0,96,97,0,0,0,0,0,0,0,0,0,0,0,0,0,0,0,0,0,0,0,0,0,0,100,101,0,0,0,0,88,89,118,119,0,0,0,0,0,0,0,0,0,0,0,0,0,0,0,0,0,0,0,0,154,155,100,101,0,0,0,0,88,89,0,0,102,103,0,0,0,0,0,0,0,0,0,0,0,0,0,0,0,0,90,91,0,0,0,0,0,0,0,0,100,101,0,0,0,0,0,0,88,89,0,0,0,0,0,0,0,0,100,101,0,0,0,0,90,91,118,119,0,0,0,0,0,0,0,0,0,0,0,0,0,0,0,0,0,0,0,0,0,0,0,0,0,0,130,131,100,101,0,0,0,0,88,89,0,0,0,0,100,101,0,0,0,0,0,0,0,0,0,0,0,0,0,0,0,0,0,0,0,0,0,0,88,89,0,0,118,119,0,0,0,0,0,0,0,0,0,0,130,131,118,119,0,0,0,0,0,0,130,131,100,101,0,0,0,0,0,0,0,0,88,89,0,0,0,0,0,0,0,0,0,0,0,0,0,0,0,0,0,0,0,0,0,0,0,0,0,0
0,0,0,0,608,609,0,0,0,0,0,0,0,0,0,0,0,0,0,0,0,0,0,0,0,0,0,0,612,613,0,0,0,0,600,601,630,631,0,0,0,0,0,0,0,0,0,0,0,0,0,0,0,0,0,0,0,0,666,667,612,613,0,0,0,0,600,601,0,0,614,615,0,0,0,0,0,0,0,0,0,0,0,0,0,0,0,0,602,603,0,0,0,0,0,0,0,0,612,613,0,0,0,0,0,0,600,601,0,0,0,0,0,0,0,0,612,613,0,0,0,0,602,603,630,631,0,0,0,0,0,0,0,0,0,0,0,0,0,0,0,0,0,0,0,0,0,0,0,0,0,0,642,643,612,613,0,0,0,0,600,601,0,0,0,0,612,613,0,0,0,0,0,0,0,0,0,0,0,0,0,0,0,0,0,0,0,0,0,0,600,601,0,0,630,631,0,0,0,0,0,0,0,0,0,0,642,643,630,631,0,0,0,0,0,0,642,643,612,613,0,0,0,0,0,0,0,0,600,601,0,0,0,0,0,0,0,0,0,0,0,0,0,0,0,0,0,0,0,0,0,0,0,0,0,0
0,0,88,89,0,0,0,0,0,0,0,0,0,0,0,0,0,0,0,0,0,0,0,0,0,0,0,0,100,101,0,0,0,0,88,89,118,119,0,0,0,0,0,0,0,0,0,0,0,0,0,0,0,0,0,0,0,0,0,0,100,101,0,0,0,0,88,89,0,0,100,101,0,0,0,0,0,0,0,0,0,0,0,0,0,0,0,0,88,89,0,0,0,0,0,0,0,0,100,101,0,0,0,0,0,0,96,97,0,0,0,0,0,0,0,0,100,101,0,0,0,0,88,89,0,0,116,117,0,0,0,0,0,0,0,0,0,0,0,0,0,0,0,0,0,0,0,0,0,0,0,0,130,131,100,101,0,0,0,0,88,89,0,0,102,103,0,0,0,0,0,0,0,0,0,0,0,0,0,0,0,0,148,149,0,0,0,0,0,0,0,0,90,91,118,119,0,0,0,0,0,0,0,0,0,0,130,131,118,119,0,0,0,0,0,0,130,131,100,101,0,0,0,0,0,0,0,0,88,89,0,0,0,0,0,0,0,0,0,0,0,0,0,0,0,0,0,0,0,0,0,0,0,0,0,0
0,0,600,601,0,0,0,0,0,0,0,0,0,0,0,0,0,0,0,0,0,0,0,0,0,0,0,0,612,613,0,0,0,0,600,601,630,631,0,0,0,0,0,0,0,0,0,0,0,0,0,0,0,0,0,0,0,0,0,0,612,613,0,0,0,0,600,601,0,0,612,613,0,0,0,0,0,0,0,0,0,0,0,0,0,0,0,0,600,601,0,0,0,0,0,0,0,0,612,613,0,0,0,0,0,0,608,609,0,0,0,0,0,0,0,0,612,613,0,0,0,0,600,601,0,0,628,629,0,0,0,0,0,0,0,0,0,0,0,0,0,0,0,0,0,0,0,0,0,0,0,0,642,643,612,613,0,0,0,0,600,601,0,0,614,615,0,0,0,0,0,0,0,0,0,0,0,0,0,0,0,0,660,661,0,0,0,0,0,0,0,0,602,603,630,631,0,0,0,0,0,0,0,0,0,0,642,643,630,631,0,0,0,0,0,0,642,643,612,613,0,0,0,0,0,0,0,0,600,601,0,0,0,0,0,0,0,0,0,0,0,0,0,0,0,0,0,0,0,0,0,0,0,0,0,0
0,0,88,89,0,0,0,0,0,0,0,0,0,0,0,0,0,0,0,0,0,0,0,0,0,0,0,0,100,101,0,0,0,0,88,89,118,119,0,0,0,0,0,0,0,0,0,0,0,0,0,0,0,0,0,0,0,0,0,0,100,101,0,0,0,0,88,89,0,0,100,101,0,0,0,0,0,0,0,0,0,0,0,0,0,0,0,0,88,89,0,0,0,0,0,0,102,103,152,153,0,0,0,0,88,89,0,0,122,123,0,0,0,0,0,0,108,109,0,0,0,0,88,89,152,153,0,0,0,0,0,0,0,0,0,0,0,0,0,0,0,0,0,0,0,0,0,0,0,0,0,0,130,131,100,101,0,0,0,0,88,89,0,0,108,109,0,0,0,0,0,0,0,0,0,0,0,0,0,0,0,0,0,0,0,0,92,93,0,0,0,0,88,89,0,0,116,117,124,125,124,125,124,125,124,125,0,0,0,0,124,125,124,125,124,125,0,0,100,101,0,0,0,0,0,0,0,0,88,89,0,0,0,0,0,0,0,0,0,0,0,0,0,0,0,0,0,0,0,0,0,0,0,0,0,0
0,0,600,601,0,0,0,0,0,0,0,0,0,0,0,0,0,0,0,0,0,0,0,0,0,0,0,0,612,613,0,0,0,0,600,601,630,631,0,0,0,0,0,0,0,0,0,0,0,0,0,0,0,0,0,0,0,0,0,0,612,613,0,0,0,0,600,601,0,0,612,613,0,0,0,0,0,0,0,0,0,0,0,0,0,0,0,0,600,601,0,0,0,0,0,0,614,615,664,665,0,0,0,0,600,601,0,0,634,635,0,0,0,0,0,0,620,621,0,0,0,0,600,601,664,665,0,0,0,0,0,0,0,0,0,0,0,0,0,0,0,0,0,0,0,0,0,0,0,0,0,0,642,643,612,613,0,0,0,0,600,601,0,0,620,621,0,0,0,0,0,0,0,0,0,0,0,0,0,0,0,0,0,0,0,0,604,605,0,0,0,0,600,601,0,0,628,629,636,637,636,637,636,637,636,637,0,0,0,0,636,637,636,637,636,637,0,0,612,613,0,0,0,0,0,0,0,0,600,601,0,0,0,0,0,0,0,0,0,0,0,0,0,0,0,0,0,0,0,0,0,0,0,0,0,0
0,0,88,89,0,0,0,0,0,0,0,0,0,0,0,0,0,0,0,0,0,0,122,123,122,123,0,0,100,101,0,0,0,0,88,89,118,119,0,0,0,0,0,0,0,0,0,0,0,0,0,0,0,0,0,0,0,0,0,0,100,101,150,151,0,0,88,89,0,0,108,109,0,0,0,0,0,0,0,0,0,0,0,0,0,0,0,0,96,97,0,0,0,0,0,0,100,101,0,0,0,0,0,0,96,97,118,119,0,0,130,131,0,0,122,123,0,0,100,101,0,0,0,0,90,91,0,0,0,0,0,0,0,0,0,0,0,0,0,0,0,0,0,0,0,0,0,0,0,0,0,0,130,131,100,101,0,0,0,0,88,89,0,0,0,0,100,101,0,0,0,0,0,0,0,0,0,0,0,0,0,0,0,0,88,89,0,0,100,101,0,0,0,0,90,91,118,119,0,0,0,0,0,0,0,0,130,131,118,119,0,0,0,0,0,0,130,131,100,101,0,0,0,0,0,0,0,0,88,89,0,0,0,0,0,0,0,0,0,0,0,0,0,0,0,0,0,0,0,0,0,0,0,0,0,0
0,0,600,601,0,0,0,0,0,0,0,0,0,0,0,0,0,0,0,0,0,0,634,635,634,635,0,0,612,613,0,0,0,0,600,601,630,631,0,0,0,0,0,0,0,0,0,0,0,0,0,0,0,0,0,0,0,0,0,0,612,613,662,663,0,0,600,601,0,0,620,621,0,0,0,0,0,0,0,0,0,0,0,0,0,0,0,0,608,609,0,0,0,0,0,0,612,613,0,0,0,0,0,0,608,609,630,631,0,0,642,643,0,0,634,635,0,0,612,613,0,0,0,0,602,603,0,0,0,0,0,0,0,0,0,0,0,0,0,0,0,0,0,0,0,0,0,0,0,0,0,0,642,643,612,613,0,0,0,0,600,601,0,0,0,0,612,613,0,0,0,0,0,0,0,0,0,0,0,0,0,0,0,0,600,601,0,0,612,613,0,0,0,0,602,603,630,631,0,0,0,0,0,0,0,0,642,643,630,631,0,0,0,0,0,0,642,643,612,613,0,0,0,0,0,0,0,0,600,601,0,0,0,0,0,0,0,0,0,0,0,0,0,0,0,0,0,0,0,0,0,0,0,0,0,0
0,0,88,89,0,0,0,0,0,0,0,0,0,0,0,0,0,0,0,0,0,0,0,0,0,0,130,131,100,101,0,0,0,0,88,89,118,119,0,0,0,0,0,0,0,0,0,0,0,0,0,0,0,0,0,0,0,0,0,0,100,101,0,0,0,0,88,89,0,0,0,0,108,109,0,0,0,0,0,0,0,0,0,0,0,0,96,97,0,0,0,0,0,0,102,103,0,0,0,0,0,0,88,89,0,0,126,127,0,0,130,131,118,119,0,0,130,131,108,109,0,0,0,0,88,89,0,0,0,0,0,0,0,0,0,0,0,0,0,0,0,0,0,0,0,0,0,0,0,0,0,0,130,131,100,101,0,0,0,0,88,89,0,0,0,0,108,109,0,0,0,0,0,0,0,0,0,0,0,0,0,0,0,0,96,97,0,0,108,109,0,0,0,0,88,89,0,0,120,121,0,0,0,0,0,0,130,131,118,119,0,0,0,0,0,0,130,131,100,101,0,0,0,0,0,0,0,0,88,89,0,0,0,0,0,0,0,0,0,0,0,0,0,0,0,0,0,0,0,0,0,0,0,0,0,0
0,0,600,601,0,0,0,0,0,0,0,0,0,0,0,0,0,0,0,0,0,0,0,0,0,0,642,643,612,613,0,0,0,0,600,601,630,631,0,0,0,0,0,0,0,0,0,0,0,0,0,0,0,0,0,0,0,0,0,0,612,613,0,0,0,0,600,601,0,0,0,0,620,621,0,0,0,0,0,0,0,0,0,0,0,0,608,609,0,0,0,0,0,0,614,615,0,0,0,0,0,0,600,601,0,0,638,639,0,0,642,643,630,631,0,0,642,643,620,621,0,0,0,0,600,601,0,0,0,0,0,0,0,0,0,0,0,0,0,0,0,0,0,0,0,0,0,0,0,0,0,0,642,643,612,613,0,0,0,0,600,601,0,0,0,0,620,621,0,0,0,0,0,0,0,0,0,0,0,0,0,0,0,0,608,609,0,0,620,621,0,0,0,0,600,601,0,0,632,633,0,0,0,0,0,0,642,643,630,631,0,0,0,0,0,0,642,643,612,613,0,0,0,0,0,0,0,0,600,601,0,0,0,0,0,0,0,0,0,0,0,0,0,0,0,0,0,0,0,0,0,0,0,0,0,0
0,0,88,89,0,0,0,0,0,0,0,0,0,0,0,0,0,0,0,0,0,0,0,0,0,0,130,131,100,101,0,0,0,0,88,89,118,119,0,0,0,0,0,0,0,0,0,0,0,0,0,0,0,0,0,0,0,0,0,0,100,101,0,0,0,0,88,89,0,0,0,0,0,0,108,109,92,93,0,0,0,0,92,93,96,97,0,0,0,0,0,0,102,103,0,0,0,0,0,0,0,0,88,89,118,119,0,0,0,0,130,131,118,119,0,0,130,131,0,0,100,101,0,0,0,0,86,87,86,87,86,87,90,91,0,0,0,0,0,0,0,0,0,0,0,0,0,0,116,117,116,117,0,0,108,109,0,0,0,0,88,89,0,0,0,0,0,0,108,109,92,93,0,0,0,0,0,0,0,0,0,0,88,89,0,0,0,0,0,0,100,101,0,0,0,0,90,91,0,0,116,117,120,121,0,0,130,131,118,119,0,0,0,0,0,0,130,131,100,101,0,0,0,0,160,161,0,0,88,89,0,0,0,0,0,0,0,0,0,0,0,0,0,0,0,0,0,0,0,0,0,0,0,0,0,0
0,0,600,601,0,0,0,0,0,0,0,0,0,0,0,0,0,0,0,0,0,0,0,0,0,0,642,643,612,613,0,0,0,0,600,601,630,631,0,0,0,0,0,0,0,0,0,0,0,0,0,0,0,0,0,0,0,0,0,0,612,613,0,0,0,0,600,601,0,0,0,0,0,0,620,621,604,605,0,0,0,0,604,605,608,609,0,0,0,0,0,0,614,615,0,0,0,0,0,0,0,0,600,601,630,631,0,0,0,0,642,643,630,631,0,0,642,643,0,0,612,613,0,0,0,0,598,599,598,599,598,599,602,603,0,0,0,0,0,0,0,0,0,0,0,0,0,0,628,629,628,629,0,0,620,621,0,0,0,0,600,601,0,0,0,0,0,0,620,621,604,605,0,0,0,0,0,0,0,0,0,0,600,601,0,0,0,0,0,0,612,613,0,0,0,0,602,603,0,0,628,629,632,633,0,0,642,643,630,631,0,0,0,0,0,0,642,643,612,613,0,0,0,0,672,673,0,0,600,601,0,0,0,0,0,0,0,0,0,0,0,0,0,0,0,0,0,0,0,0,0,0,0,0,0,0
0,0,88,89,0,0,0,0,0,0,0,0,0,0,0,0,0,0,0,0,0,0,0,0,132,133,0,0,100,101,0,0,0,0,88,89,0,0,116,117,0,0,0,0,0,0,0,0,0,0,0,0,0,0,0,0,0,0,0,0,100,101,0,0,0,0,88,89,0,0,0,0,0,0,0,0,0,0,100,101,88,89,0,0,0,0,0,0,0,0,102,103,152,153,0,0,0,0,0,0,0,0,88,89,118,119,0,0,0,0,130,131,118,119,0,0,130,131,0,0,100,101,0,0,0,0,0,0,0,0,0,0,0,0,86,87,86,87,86,87,86,87,86,87,86,87,86,87,86,87,90,91,0,0,0,0,100,101,0,0,0,0,90,91,0,0,0,0,0,0,0,0,100,101,0,0,0,0,0,0,0,0,0,0,86,87,86,87,86,87,0,0,0,0,0,0,0,0,86,87,90,91,118,119,0,0,130,131,0,0,116,117,116,117,116,117,0,0,100,101,0,0,0,0,0,0,0,0,88,89,0,0,0,0,0,0,0,0,0,0,0,0,0,0,0,0,0,0,0,0,0,0,0,0,0,0
0,0,600,601,0,0,0,0,0,0,0,0,0,0,0,0,0,0,0,0,0,0,0,0,644,645,0,0,612,613,0,0,0,0,600,601,0,0,628,629,0,0,0,0,0,0,0,0,0,0,0,0,0,0,0,0,0,0,0,0,612,613,0,0,0,0,600,601,0,0,0,0,0,0,0,0,0,0,612,613,600,601,0,0,0,0,0,0,0,0,614,615,664,665,0,0,0,0,0,0,0,0,600,601,630,631,0,0,0,0,642,643,630,631,0,0,642,643,0,0,612,613,0,0,0,0,0,0,0,0,0,0,0,0,598,599,598,599,598,599,598,599,598,599,598,599,598,599,598,599,602,603,0,0,0,0,612,613,0,0,0,0,602,603,0,0,0,0,0,0,0,0,612,613,0,0,0,0,0,0,0,0,0,0,598,599,598,599,598,599,0,0,0,0,0,0,0,0,598,599,602,603,630,631,0,0,642,643,0,0,628,629,628,629,628,629,0,0,612,613,0,0,0,0,0,0,0,0,600,601,0,0,0,0,0,0,0,0,0,0,0,0,0,0,0,0,0,0,0,0,0,0,0,0,0,0
0,0,0,0,90,91,0,0,0,0,0,0,0,0,0,0,0,0,0,0,0,0,116,117,0,0,102,103,0,0,0,0,0,0,0,0,90,91,0,0,0,0,0,0,0,0,0,0,0,0,0,0,0,0,0,0,102,103,86,87,0,0,0,0,0,0,0,0,86,87,86,87,86,87,86,87,86,87,0,0,0,0,86,87,86,87,86,87,86,87,0,0,0,0,0,0,150,151,0,0,0,0,88,89,0,0,120,121,0,0,130,131,0,0,116,117,0,0,102,103,0,0,0,0,0,0,0,0,0,0,0,0,0,0,0,0,0,0,0,0,0,0,0,0,0,0,0,0,0,0,0,0,86,87,86,87,0,0,0,0,0,0,0,0,86,87,86,87,86,87,86,87,0,0,0,0,0,0,0,0,0,0,0,0,0,0,0,0,0,0,0,0,0,0,0,0,0,0,0,0,88,89,0,0,116,117,0,0,0,0,0,0,102,103,86,87,86,87,0,0,0,0,0,0,0,0,0,0,88,89,0,0,0,0,0,0,0,0,0,0,0,0,102,103,86,87,86,87,86,87,86,87,86,87,86,87
0,0,0,0,602,603,0,0,0,0,0,0,0,0,0,0,0,0,0,0,0,0,628,629,0,0,614,615,0,0,0,0,0,0,0,0,602,603,0,0,0,0,0,0,0,0,0,0,0,0,0,0,0,0,0,0,614,615,598,599,0,0,0,0,0,0,0,0,598,599,598,599,598,599,598,599,598,599,0,0,0,0,598,599,598,599,598,599,598,599,0,0,0,0,0,0,662,663,0,0,0,0,600,601,0,0,632,633,0,0,642,643,0,0,628,629,0,0,614,615,0,0,0,0,0,0,0,0,0,0,0,0,0,0,0,0,0,0,0,0,0,0,0,0,0,0,0,0,0,0,0,0,598,599,598,599,0,0,0,0,0,0,0,0,598,599,598,599,598,599,598,599,0,0,0,0,0,0,0,0,0,0,0,0,0,0,0,0,0,0,0,0,0,0,0,0,0,0,0,0,600,601,0,0,628,629,0,0,0,0,0,0,614,615,598,599,598,599,0,0,0,0,0,0,0,0,0,0,600,601,0,0,0,0,0,0,0,0,0,0,0,0,614,615,598,599,598,599,598,599,598,599,598,599,598,599
0,0,0,0,0,0,86,87,86,87,86,87,90,91,0,0,0,0,0,0,0,0,0,0,102,103,0,0,0,0,0,0,0,0,0,0,0,0,86,87,86,87,86,87,86,87,86,87,86,87,86,87,86,87,86,87,0,0,0,0,0,0,0,0,0,0,0,0,0,0,0,0,0,0,0,0,0,0,0,0,0,0,0,0,0,0,0,0,0,0,0,0,0,0,0,0,0,0,0,0,0,0,0,0,90,91,0,0,116,117,0,0,0,0,102,103,86,87,0,0,0,0,0,0,0,0,0,0,0,0,0,0,0,0,0,0,0,0,0,0,0,0,0,0,0,0,0,0,0,0,0,0,0,0,0,0,0,0,0,0,0,0,0,0,0,0,0,0,0,0,0,0,158,159,0,0,0,0,0,0,0,0,0,0,0,0,0,0,0,0,0,0,0,0,0,0,0,0,0,0,0,0,86,87,86,87,86,87,86,87,86,87,0,0,0,0,0,0,0,0,0,0,0,0,0,0,0,0,0,0,86,87,86,87,86,87,86,87,86,87,86,87,0,0,0,0,0,0,0,0,0,0,0,0,0,0
0,0,0,0,0,0,598,599,598,599,598,599,602,603,0,0,0,0,0,0,0,0,0,0,614,615,0,0,0,0,0,0,0,0,0,0,0,0,598,599,598,599,598,599,598,599,598,599,598,599,598,599,598,599,598,599,0,0,0,0,0,0,0,0,0,0,0,0,0,0,0,0,0,0,0,0,0,0,0,0,0,0,0,0,0,0,0,0,0,0,0,0,0,0,0,0,0,0,0,0,0,0,0,0,602,603,0,0,628,629,0,0,0,0,614,615,598,599,0,0,0,0,0,0,0,0,0,0,0,0,0,0,0,0,0,0,0,0,0,0,0,0,0,0,0,0,0,0,0,0,0,0,0,0,0,0,0,0,0,0,0,0,0,0,0,0,0,0,0,0,0,0,670,671,0,0,0,0,0,0,0,0,0,0,0,0,0,0,0,0,0,0,0,0,0,0,0,0,0,0,0,0,598,599,598,599,598,599,598,599,598,599,0,0,0,0,0,0,0,0,0,0,0,0,0,0,0,0,0,0,598,599,598,599,598,599,598,599,598,599,598,599,0,0,0,0,0,0,0,0,0,0,0,0,0,0
0,0,0,0,0,0,0,0,0,0,0,0,0,0,86,87,86,87,86,87,86,87,86,87,0,0,0,0,0,0,0,0,0,0,0,0,0,0,0,0,0,0,0,0,0,0,0,0,0,0,0,0,0,0,0,0,0,0,0,0,0,0,0,0,0,0,0,0,0,0,0,0,0,0,0,0,0,0,0,0,0,0,0,0,0,0,0,0,0,0,0,0,0,0,0,0,0,0,0,0,0,0,0,0,88,89,0,0,0,0,102,103,86,87,0,0,0,0,0,0,0,0,170,171,0,0,0,0,0,0,0,0,0,0,0,0,0,0,0,0,0,0,0,0,0,0,162,163,0,0,0,0,0,0,0,0,0,0,0,0,0,0,0,0,0,0,0,0,0,0,0,0,0,0,0,0,0,0,0,0,0,0,0,0,0,0,0,0,0,0,0,0,0,0,0,0,0,0,0,0,0,0,0,0,0,0,0,0,0,0,0,0,0,0,0,0,0,0,0,0,0,0,0,0,0,0,0,0,0,0,0,0,0,0,0,0,0,0,0,0,0,0,0,0,0,0,0,0,0,0,0,0,164,165,0,0
0,0,0,0,0,0,0,0,0,0,0,0,0,0,598,599,598,599,598,599,598,599,598,599,0,0,0,0,0,0,0,0,0,0,0,0,0,0,0,0,0,0,0,0,0,0,0,0,0,0,0,0,0,0,0,0,0,0,0,0,0,0,0,0,0,0,0,0,0,0,0,0,0,0,0,0,0,0,0,0,0,0,0,0,0,0,0,0,0,0,0,0,0,0,0,0,0,0,0,0,0,0,0,0,600,601,0,0,0,0,614,615,598,599,0,0,0,0,0,0,0,0,682,683,0,0,0,0,0,0,0,0,0,0,0,0,0,0,0,0,0,0,0,0,0,0,674,675,0,0,0,0,0,0,0,0,0,0,0,0,0,0,0,0,0,0,0,0,0,0,0,0,0,0,0,0,0,0,0,0,0,0,0,0,0,0,0,0,0,0,0,0,0,0,0,0,0,0,0,0,0,0,0,0,0,0,0,0,0,0,0,0,0,0,0,0,0,0,0,0,0,0,0,0,0,0,0,0,0,0,0,0,0,0,0,0,0,0,0,0,0,0,0,0,0,0,0,0,0,0,0,0,676,677,0,0
0,0,0,0,0,0,0,0,0,0,0,0,0,0,0,0,0,0,0,0,0,0,0,0,0,0,0,0,0,0,0,0,0,0,0,0,0,0,0,0,0,0,0,0,0,0,0,0,0,0,0,0,0,0,0,0,0,0,0,0,0,0,0,0,0,0,0,0,0,0,0,0,156,157,0,0,0,0,0,0,158,159,0,0,0,0,0,0,0,0,0,0,0,0,0,0,0,0,0,0,0,0,0,0,0,0,86,87,86,87,0,0,0,0,0,0,0,0,92,93,92,93,0,0,0,0,0,0,0,0,92,93,92,93,0,0,0,0,0,0,0,0,0,0,0,0,0,0,0,0,0,0,0,0,0,0,0,0,0,0,0,0,0,0,0,0,0,0,0,0,0,0,164,165,162,163,0,0,146,147,0,0,0,0,0,0,0,0,0,0,0,0,0,0,0,0,0,0,0,0,0,0,0,0,0,0,0,0,0,0,0,0,0,0,0,0,0,0,0,0,0,0,0,0,166,167,0,0,0,0,0,0,0,0,0,0,0,0,0,0,0,0,0,0,0,0,0,0,0,0,0,0,0,0,0,0
0,0,0,0,0,0,0,0,0,0,0,0,0,0,0,0,0,0,0,0,0,0,0,0,0,0,0,0,0,0,0,0,0,0,0,0,0,0,0,0,0,0,0,0,0,0,0,0,0,0,0,0,0,0,0,0,0,0,0,0,0,0,0,0,0,0,0,0,0,0,0,0,668,669,0,0,0,0,0,0,670,671,0,0,0,0,0,0,0,0,0,0,0,0,0,0,0,0,0,0,0,0,0,0,0,0,598,599,598,599,0,0,0,0,0,0,0,0,604,605,604,605,0,0,0,0,0,0,0,0,604,605,604,605,0,0,0,0,0,0,0,0,0,0,0,0,0,0,0,0,0,0,0,0,0,0,0,0,0,0,0,0,0,0,0,0,0,0,0,0,0,0,676,677,674,675,0,0,658,659,0,0,0,0,0,0,0,0,0,0,0,0,0,0,0,0,0,0,0,0,0,0,0,0,0,0,0,0,0,0,0,0,0,0,0,0,0,0,0,0,0,0,0,0,678,679,0,0,0,0,0,0,0,0,0,0,0,0,0,0,0,0,0,0,0,0,0,0,0,0,0,0,0,0,0,0
0,0,0,0,0,0,0,0,0,0,0,0,0,0,0,0,0,0,0,0,0,0,0,0,0,0,0,0,0,0,0,0,0,0,0,0,0,0,0,0,0,0,168,169,0,0,0,0,0,0,0,0,0,0,0,0,0,0,0,0,0,0,0,0,0,0,0,0,0,0,0,0,0,0,0,0,0,0,0,0,0,0,0,0,0,0,0,0,0,0,0,0,0,0,0,0,0,0,0,0,0,0,0,0,0,0,0,0,0,0,164,165,0,0,92,93,96,97,0,0,0,0,100,101,0,0,0,0,88,89,0,0,0,0,108,109,92,93,92,93,92,93,92,93,92,93,92,93,92,93,92,93,0,0,0,0,0,0,0,0,0,0,0,0,0,0,0,0,0,0,0,0,0,0,0,0,0,0,92,93,92,93,92,93,92,93,92,93,0,0,0,0,0,0,0,0,150,151,0,0,0,0,0,0,0,0,0,0,0,0,0,0,0,0,0,0,0,0,0,0,0,0,0,0,0,0,0,0,0,0,0,0,0,0,0,0,0,0,0,0,0,0,0,0,0,0,0,0,0,0,0,0,0,0,0,0
0,0,0,0,0,0,0,0,0,0,0,0,0,0,0,0,0,0,0,0,0,0,0,0,0,0,0,0,0,0,0,0,0,0,0,0,0,0,0,0,0,0,680,681,0,0,0,0,0,0,0,0,0,0,0,0,0,0,0,0,0,0,0,0,0,0,0,0,0,0,0,0,0,0,0,0,0,0,0,0,0,0,0,0,0,0,0,0,0,0,0,0,0,0,0,0,0,0,0,0,0,0,0,0,0,0,0,0,0,0,676,677,0,0,604,605,608,609,0,0,0,0,612,613,0,0,0,0,600,601,0,0,0,0,620,621,604,605,604,605,604,605,604,605,604,605,604,605,604,605,604,605,0,0,0,0,0,0,0,0,0,0,0,0,0,0,0,0,0,0,0,0,0,0,0,0,0,0,604,605,604,605,604,605,604,605,604,605,0,0,0,0,0,0,0,0,662,663,0,0,0,0,0,0,0,0,0,0,0,0,0,0,0,0,0,0,0,0,0,0,0,0,0,0,0,0,0,0,0,0,0,0,0,0,0,0,0,0,0,0,0,0,0,0,0,0,0,0,0,0,0,0,0,0,0,0
0,0,0,0,0,0,0,0,0,0,0,0,0,0,0,0,0,0,0,0,0,0,0,0,0,0,0,0,0,0,0,0,162,163,0,0,0,0,0,0,0,0,0,0,0,0,158,159,0,0,0,0,0,0,0,0,92,93,92,93,0,0,0,0,0,0,0,0,92,93,92,93,92,93,92,93,92,93,92,93,92,93,0,0,92,93,92,93,92,93,0,0,0,0,0,0,0,0,0,0,0,0,0,0,0,0,0,0,0,0,0,0,96,97,0,0,0,0,0,0,0,0,100,101,0,0,0,0,88,89,0,0,0,0,0,0,0,0,0,0,0,0,0,0,0,0,0,0,0,0,0,0,108,109,92,93,0,0,0,0,0,0,0,0,92,93,92,93,92,93,92,93,92,93,92,93,96,97,0,0,0,0,0,0,0,0,0,0,100,101,0,0,0,0,0,0,0,0,0,0,92,93,0,0,0,0,0,0,0,0,0,0,92,93,92,93,92,93,92,93,92,93,92,93,0,0,0,0,0,0,0,0,0,0,0,0,0,0,0,0,162,163,92,93,92,93,92,93,92,93,92,93,0,0,0,0
0,0,0,0,0,0,0,0,0,0,0,0,0,0,0,0,0,0,0,0,0,0,0,0,0,0,0,0,0,0,0,0,674,675,0,0,0,0,0,0,0,0,0,0,0,0,670,671,0,0,0,0,0,0,0,0,604,605,604,605,0,0,0,0,0,0,0,0,604,605,604,605,604,605,604,605,604,605,604,605,604,605,0,0,604,605,604,605,604,605,0,0,0,0,0,0,0,0,0,0,0,0,0,0,0,0,0,0,0,0,0,0,608,609,0,0,0,0,0,0,0,0,612,613,0,0,0,0,600,601,0,0,0,0,0,0,0,0,0,0,0,0,0,0,0,0,0,0,0,0,0,0,620,621,604,605,0,0,0,0,0,0,0,0,604,605,604,605,604,605,604,605,604,605,604,605,608,609,0,0,0,0,0,0,0,0,0,0,612,613,0,0,0,0,0,0,0,0,0,0,604,605,0,0,0,0,0,0,0,0,0,0,604,605,604,605,604,605,604,605,604,605,604,605,0,0,0,0,0,0,0,0,0,0,0,0,0,0,0,0,674,675,604,605,604,605,604,605,604,605,604,605,0,0,0,0
0,0,0,0,0,0,0,0,92,93,92,93,92,93,92,93,0,0,0,0,0,0,0,0,0,0,0,0,0,0,0,0,0,0,0,0,0,0,0,0,0,0,92,93,92,93,0,0,92,93,92,93,92,93,96,97,0,0,0,0,108,109,0,0,0,0,88,89,0,0,0,0,122,123,122,123,122,123,154,155,0,0,104,105,0,0,152,153,0,0,108,109,0,0,0,0,0,0,146,147,0,0,0,0,92,93,92,93,92,93,88,89,0,0,154,155,0,0,0,0,0,0,100,101,0,0,0,0,88,89,0,0,0,0,0,0,0,0,0,0,0,0,0,0,0,0,0,0,0,0,0,0,0,0,0,0,100,101,0,0,0,0,88,89,0,0,0,0,0,0,0,0,0,0,0,0,0,0,0,0,0,0,0,0,0,0,0,0,100,101,0,0,160,161,0,0,0,0,88,89,0,0,108,109,92,93,92,93,92,93,96,97,0,0,0,0,0,0,0,0,0,0,0,0,100,101,0,0,0,0,92,93,92,93,92,93,92,93,0,0,96,97,0,0,122,123,122,123,122,123,0,0,100,101,0,0
0,0,0,0,0,0,0,0,604,605,604,605,604,605,604,605,0,0,0,0,0,0,0,0,0,0,0,0,0,0,0,0,0,0,0,0,0,0,0,0,0,0,604,605,604,605,0,0,604,605,604,605,604,605,608,609,0,0,0,0,620,621,0,0,0,0,600,601,0,0,0,0,634,635,634,635,634,635,666,667,0,0,616,617,0,0,664,665,0,0,620,621,0,0,0,0,0,0,658,659,0,0,0,0,604,605,604,605,604,605,600,601,0,0,666,667,0,0,0,0,0,0,612,613,0,0,0,0,600,601,0,0,0,0,0,0,0,0,0,0,0,0,0,0,0,0,0,0,0,0,0,0,0,0,0,0,612,613,0,0,0,0,600,601,0,0,0,0,0,0,0,0,0,0,0,0,0,0,0,0,0,0,0,0,0,0,0,0,612,613,0,0,672,673,0,0,0,0,600,601,0,0,620,621,604,605,604,605,604,605,608,609,0,0,0,0,0,0,0,0,0,0,0,0,612,613,0,0,0,0,604,605,604,605,604,605,604,605,0,0,608,609,0,0,634,635,634,635,634,635,0,0,612,613,0,0
0,0,0,0,0,0,88,89,152,153,122,123,122,123,0,0,108,109,92,93,92,93,92,93,0,0,0,0,0,0,0,0,0,0,0,0,0,0,154,155,88,89,0,0,0,0,104,105,0,0,0,0,0,0,0,0,0,0,0,0,0,0,100,101,0,0,0,0,90,91,118,119,0,0,0,0,0,0,0,0,130,131,104,105,118,119,0,0,138,139,0,0,100,101,0,0,0,0,0,0,0,0,88,89,0,0,0,0,0,0,104,105,0,0,0,0,0,0,0,0,0,0,100,101,0,0,0,0,88,89,0,0,0,0,0,0,0,0,0,0,0,0,0,0,0,0,0,0,0,0,0,0,0,0,0,0,100,101,0,0,0,0,88,89,0,0,0,0,0,0,0,0,0,0,0,0,0,0,0,0,0,0,0,0,0,0,0,0,100,101,0,0,0,0,0,0,0,0,88,89,0,0,0,0,0,0,0,0,0,0,0,0,0,0,0,0,0,0,0,0,0,0,102,103,0,0,0,0,88,89,0,0,122,123,122,123,0,0,104,105,0,0,118,119,0,0,0,0,0,0,130,131,100,101,0,0
0,0,0,0,0,0,600,601,664,665,634,635,634,635,0,0,620,621,604,605,604,605,604,605,0,0,0,0,0,0,0,0,0,0,0,0,0,0,666,667,600,601,0,0,0,0,616,617,0,0,0,0,0,0,0,0,0,0,0,0,0,0,612,613,0,0,0,0,602,603,630,631,0,0,0,0,0,0,0,0,642,643,616,617,630,631,0,0,650,651,0,0,612,613,0,0,0,0,0,0,0,0,600,601,0,0,0,0,0,0,616,617,0,0,0,0,0,0,0,0,0,0,612,613,0,0,0,0,600,601,0,0,0,0,0,0,0,0,0,0,0,0,0,0,0,0,0,0,0,0,0,0,0,0,0,0,612,613,0,0,0,0,600,601,0,0,0,0,0,0,0,0,0,0,0,0,0,0,0,0,0,0,0,0,0,0,0,0,612,613,0,0,0,0,0,0,0,0,600,601,0,0,0,0,0,0,0,0,0,0,0,0,0,0,0,0,0,0,0,0,0,0,614,615,0,0,0,0,600,601,0,0,634,635,634,635,0,0,616,617,0,0,630,631,0,0,0,0,0,0,642,643,612,613,0,0
0,0,0,0,0,0,88,89,118,119,0,0,0,0,130,131,0,0,122,123,122,123,0,0,108,109,0,0,0,0,0,0,0,0,0,0,0,0,0,0,88,89,0,0,0,0,104,105,0,0,122,123,0,0,0,0,0,0,0,0,0,0,100,101,0,0,0,0,88,89,118,119,0,0,0,0,0,0,0,0,130,131,104,105,118,119,0,0,0,0,130,131,100,101,0,0,0,0,0,0,0,0,88,89,0,0,0,0,0,0,104,105,0,0,0,0,0,0,0,0,0,0,100,101,0,0,150,151,96,97,0,0,0,0,0,0,0,0,0,0,0,0,0,0,0,0,0,0,0,0,0,0,0,0,0,0,100,101,0,0,0,0,88,89,0,0,0,0,0,0,0,0,0,0,0,0,0,0,0,0,0,0,0,0,0,0,0,0,100,101,0,0,0,0,0,0,0,0,0,0,94,95,94,95,94,95,94,95,94,95,94,95,94,95,94,95,94,95,94,95,94,95,0,0,0,0,0,0,88,89,162,163,0,0,0,0,130,131,104,105,0,0,0,0,0,0,0,0,0,0,0,0,100,101,0,0
0,0,0,0,0,0,600,601,630,631,0,0,0,0,642,643,0,0,634,635,634,635,0,0,620,621,0,0,0,0,0,0,0,0,0,0,0,0,0,0,600,601,0,0,0,0,616,617,0,0,634,635,0,0,0,0,0,0,0,0,0,0,612,613,0,0,0,0,600,601,630,631,0,0,0,0,0,0,0,0,642,643,616,617,630,631,0,0,0,0,642,643,612,613,0,0,0,0,0,0,0,0,600,601,0,0,0,0,0,0,616,617,0,0,0,0,0,0,0,0,0,0,612,613,0,0,662,663,608,609,0,0,0,0,0,0,0,0,0,0,0,0,0,0,0,0,0,0,0,0,0,0,0,0,0,0,612,613,0,0,0,0,600,601,0,0,0,0,0,0,0,0,0,0,0,0,0,0,0,0,0,0,0,0,0,0,0,0,612,613,0,0,0,0,0,0,0,0,0,0,606,607,606,607,606,607,606,607,606,607,606,607,606,607,606,607,606,607,606,607,606,607,0,0,0,0,0,0,600,601,674,675,0,0,0,0,642,643,616,617,0,0,0,0,0,0,0,0,0,0,0,0,612,613,0,0
0,0,0,0,0,0,88,89,118,119,0,0,0,0,130,131,118,119,0,0,0,0,130,131,0,0,108,109,92,93,0,0,0,0,0,0,0,0,0,0,88,89,0,0,0,0,104,105,118,119,0,0,130,131,0,0,0,0,0,0,0,0,100,101,0,0,0,0,88,89,118,119,0,0,0,0,0,0,0,0,130,131,104,105,162,163,0,0,0,0,130,131,100,101,0,0,0,0,0,0,0,0,88,89,0,0,0,0,0,0,104,105,0,0,0,0,0,0,0,0,0,0,100,101,0,0,88,89,0,0,0,0,0,0,0,0,0,0,0,0,0,0,0,0,0,0,0,0,0,0,0,0,0,0,0,0,100,101,0,0,0,0,96,97,0,0,0,0,0,0,0,0,0,0,0,0,0,0,0,0,0,0,0,0,0,0,0,0,100,101,0,0,0,0,0,0,0,0,88,89,0,0,122,123,122,123,122,123,122,123,122,123,122,123,122,123,122,123,122,123,0,0,100,101,0,0,0,0,88,89,118,119,0,0,0,0,130,131,104,105,0,0,0,0,0,0,0,0,0,0,0,0,100,101,0,0
0,0,0,0,0,0,600,601,630,631,0,0,0,0,642,643,630,631,0,0,0,0,642,643,0,0,620,621,604,605,0,0,0,0,0,0,0,0,0,0,600,601,0,0,0,0,616,617,630,631,0,0,642,643,0,0,0,0,0,0,0,0,612,613,0,0,0,0,600,601,630,631,0,0,0,0,0,0,0,0,642,643,616,617,674,675,0,0,0,0,642,643,612,613,0,0,0,0,0,0,0,0,600,601,0,0,0,0,0,0,616,617,0,0,0,0,0,0,0,0,0,0,612,613,0,0,600,601,0,0,0,0,0,0,0,0,0,0,0,0,0,0,0,0,0,0,0,0,0,0,0,0,0,0,0,0,612,613,0,0,0,0,608,609,0,0,0,0,0,0,0,0,0,0,0,0,0,0,0,0,0,0,0,0,0,0,0,0,612,613,0,0,0,0,0,0,0,0,600,601,0,0,634,635,634,635,634,635,634,635,634,635,634,635,634,635,634,635,634,635,0,0,612,613,0,0,0,0,600,601,630,631,0,0,0,0,642,643,616,617,0,0,0,0,0,0,0,0,0,0,0,0,612,613,0,0
0,0,0,0,0,0,88,89,0,0,116,117,116,117,0,0,0,0,116,117,116,117,0,0,0,0,0,0,0,0,100,101,0,0,0,0,0,0,0,0,88,89,0,0,0,0,104,105,0,0,116,117,0,0,0,0,0,0,0,0,0,0,100,101,0,0,0,0,88,89,118,119,0,0,0,0,0,0,0,0,130,131,104,105,118,119,0,0,0,0,130,131,100,101,0,0,0,0,0,0,0,0,88,89,0,0,0,0,0,0,104,105,0,0,0,0,0,0,0,0,102,103,0,0,0,0,88,89,0,0,0,0,0,0,0,0,0,0,0,0,0,0,0,0,0,0,0,0,0,0,0,0,0,0,0,0,100,101,0,0,88,89,0,0,0,0,0,0,0,0,0,0,0,0,0,0,0,0,0,0,0,0,0,0,0,0,0,0,100,101,0,0,170,171,0,0,0,0,96,97,118,119,0,0,0,0,0,0,0,0,0,0,0,0,0,0,0,0,0,0,130,131,100,101,0,0,0,0,88,89,118,119,0,0,0,0,130,131,104,105,0,0,0,0,0,0,0,0,0,0,0,0,100,101,0,0
0,0,0,0,0,0,600,601,0,0,628,629,628,629,0,0,0,0,628,629,628,629,0,0,0,0,0,0,0,0,612,613,0,0,0,0,0,0,0,0,600,601,0,0,0,0,616,617,0,0,628,629,0,0,0,0,0,0,0,0,0,0,612,613,0,0,0,0,600,601,630,631,0,0,0,0,0,0,0,0,642,643,616,617,630,631,0,0,0,0,642,643,612,613,0,0,0,0,0,0,0,0,600,601,0,0,0,0,0,0,616,617,0,0,0,0,0,0,0,0,614,615,0,0,0,0,600,601,0,0,0,0,0,0,0,0,0,0,0,0,0,0,0,0,0,0,0,0,0,0,0,0,0,0,0,0,612,613,0,0,600,601,0,0,0,0,0,0,0,0,0,0,0,0,0,0,0,0,0,0,0,0,0,0,0,0,0,0,612,613,0,0,682,683,0,0,0,0,608,609,630,631,0,0,0,0,0,0,0,0,0,0,0,0,0,0,0,0,0,0,642,643,612,613,0,0,0,0,600,601,630,631,0,0,0,0,642,643,616,617,0,0,0,0,0,0,0,0,0,0,0,0,612,613,0,0
0,0,0,0,0,0,96,97,0,0,122,123,122,123,0,0,0,0,122,123,122,123,122,123,122,123,0,0,0,0,100,101,0,0,0,0,0,0,0,0,96,97,0,0,0,0,104,105,0,0,0,0,0,0,0,0,0,0,0,0,0,0,100,101,0,0,0,0,88,89,118,119,0,0,0,0,0,0,0,0,0,0,104,105,118,119,0,0,0,0,130,131,100,101,0,0,0,0,0,0,0,0,88,89,0,0,0,0,0,0,104,105,0,0,0,0,0,0,0,0,100,101,0,0,0,0,88,89,0,0,0,0,0,0,0,0,0,0,0,0,0,0,0,0,0,0,0,0,0,0,0,0,0,0,102,103,0,0,0,0,88,89,0,0,0,0,0,0,0,0,0,0,0,0,0,0,0,0,0,0,0,0,0,0,0,0,0,0,100,101,0,0,0,0,0,0,88,89,0,0,126,127,0,0,0,0,0,0,0,0,0,0,0,0,0,0,0,0,0,0,130,131,100,101,0,0,0,0,88,89,118,119,0,0,0,0,130,131,104,105,0,0,0,0,0,0,0,0,0,0,0,0,100,101,0,0
0,0,0,0,0,0,608,609,0,0,634,635,634,635,0,0,0,0,634,635,634,635,634,635,634,635,0,0,0,0,612,613,0,0,0,0,0,0,0,0,608,609,0,0,0,0,616,617,0,0,0,0,0,0,0,0,0,0,0,0,0,0,612,613,0,0,0,0,600,601,630,631,0,0,0,0,0,0,0,0,0,0,616,617,630,631,0,0,0,0,642,643,612,613,0,0,0,0,0,0,0,0,600,601,0,0,0,0,0,0,616,617,0,0,0,0,0,0,0,0,612,613,0,0,0,0,600,601,0,0,0,0,0,0,0,0,0,0,0,0,0,0,0,0,0,0,0,0,0,0,0,0,0,0,614,615,0,0,0,0,600,601,0,0,0,0,0,0,0,0,0,0,0,0,0,0,0,0,0,0,0,0,0,0,0,0,0,0,612,613,0,0,0,0,0,0,600,601,0,0,638,639,0,0,0,0,0,0,0,0,0,0,0,0,0,0,0,0,0,0,642,643,612,613,0,0,0,0,600,601,630,631,0,0,0,0,642,643,616,617,0,0,0,0,0,0,0,0,0,0,0,0,612,613,0,0
0,0,0,0,88,89,0,0,126,127,0,0,0,0,130,131,118,119,0,0,0,0,0,0,0,0,130,131,102,103,0,0,0,0,0,0,0,0,88,89,0,0,0,0,0,0,104,105,0,0,0,0,0,0,0,0,0,0,0,0,0,0,100,101,0,0,0,0,88,89,118,119,0,0,0,0,0,0,0,0,0,0,104,105,118,119,0,0,0,0,130,131,100,101,0,0,0,0,0,0,0,0,88,89,0,0,0,0,0,0,104,105,0,0,0,0,0,0,0,0,100,101,0,0,0,0,0,0,94,95,94,95,94,95,94,95,94,95,94,95,94,95,94,95,94,95,94,95,94,95,94,95,94,95,0,0,0,0,0,0,88,89,0,0,0,0,0,0,0,0,0,0,0,0,0,0,0,0,0,0,0,0,0,0,0,0,102,103,0,0,0,0,0,0,0,0,88,89,118,119,0,0,0,0,0,0,0,0,0,0,0,0,0,0,0,0,0,0,0,0,130,131,100,101,0,0,0,0,88,89,160,161,0,0,0,0,130,131,104,105,0,0,0,0,0,0,0,0,0,0,0,0,100,101,0,0
0,0,0,0,600,601,0,0,638,639,0,0,0,0,642,643,630,631,0,0,0,0,0,0,0,0,642,643,614,615,0,0,0,0,0,0,0,0,600,601,0,0,0,0,0,0,616,617,0,0,0,0,0,0,0,0,0,0,0,0,0,0,612,613,0,0,0,0,600,601,630,631,0,0,0,0,0,0,0,0,0,0,616,617,630,631,0,0,0,0,642,643,612,613,0,0,0,0,0,0,0,0,600,601,0,0,0,0,0,0,616,617,0,0,0,0,0,0,0,0,612,613,0,0,0,0,0,0,606,607,606,607,606,607,606,607,606,607,606,607,606,607,606,607,606,607,606,607,606,607,606,607,606,607,0,0,0,0,0,0,600,601,0,0,0,0,0,0,0,0,0,0,0,0,0,0,0,0,0,0,0,0,0,0,0,0,614,615,0,0,0,0,0,0,0,0,600,601,630,631,0,0,0,0,0,0,0,0,0,0,0,0,0,0,0,0,0,0,0,0,642,643,612,613,0,0,0,0,600,601,672,673,0,0,0,0,642,643,616,617,0,0,0,0,0,0,0,0,0,0,0,0,612,613,0,0
0,0,0,0,88,89,118,119,0,0,0,0,0,0,130,131,118,119,0,0,0,0,0,0,0,0,130,131,100,101,0,0,0,0,0,0,0,0,88,89,0,0,0,0,0,0,104,105,0,0,0,0,152,153,0,0,0,0,0,0,154,155,100,101,0,0,0,0,88,89,118,119,0,0,0,0,0,0,0,0,0,0,104,105,118,119,0,0,0,0,130,131,100,101,0,0,0,0,0,0,0,0,88,89,0,0,0,0,0,0,104,105,0,0,0,0,0,0,0,0,100,101,0,0,0,0,88,89,0,0,0,0,0,0,0,0,0,0,0,0,122,123,122,123,0,0,0,0,0,0,0,0,0,0,100,101,0,0,0,0,88,89,0,0,0,0,0,0,0,0,0,0,0,0,0,0,0,0,0,0,0,0,0,0,0,0,100,101,0,0,0,0,0,0,0,0,88,89,118,119,0,0,0,0,0,0,0,0,0,0,0,0,0,0,0,0,0,0,132,133,0,0,100,101,0,0,0,0,96,97,118,119,0,0,0,0,130,131,104,105,0,0,0,0,0,0,0,0,0,0,0,0,100,101,0,0
0,0,0,0,600,601,630,631,0,0,0,0,0,0,642,643,630,631,0,0,0,0,0,0,0,0,642,643,612,613,0,0,0,0,0,0,0,0,600,601,0,0,0,0,0,0,616,617,0,0,0,0,664,665,0,0,0,0,0,0,666,667,612,613,0,0,0,0,600,601,630,631,0,0,0,0,0,0,0,0,0,0,616,617,630,631,0,0,0,0,642,643,612,613,0,0,0,0,0,0,0,0,600,601,0,0,0,0,0,0,616,617,0,0,0,0,0,0,0,0,612,613,0,0,0,0,600,601,0,0,0,0,0,0,0,0,0,0,0,0,634,635,634,635,0,0,0,0,0,0,0,0,0,0,612,613,0,0,0,0,600,601,0,0,0,0,0,0,0,0,0,0,0,0,0,0,0,0,0,0,0,0,0,0,0,0,612,613,0,0,0,0,0,0,0,0,600,601,630,631,0,0,0,0,0,0,0,0,0,0,0,0,0,0,0,0,0,0,644,645,0,0,612,613,0,0,0,0,608,609,630,631,0,0,0,0,642,643,616,617,0,0,0,0,0,0,0,0,0,0,0,0,612,613,0,0
0,0,0,0,88,89,118,119,0,0,0,0,0,0,130,131,118,119,0,0,0,0,0,0,132,133,0,0,100,101,0,0,0,0,0,0,0,0,0,0,86,87,86,87,86,87,0,0,86,87,90,91,0,0,0,0,0,0,0,0,0,0,100,101,0,0,0,0,88,89,118,119,0,0,0,0,0,0,0,0,0,0,104,105,118,119,0,0,0,0,130,131,100,101,0,0,0,0,0,0,158,159,88,89,0,0,0,0,0,0,104,105,0,0,0,0,0,0,102,103,0,0,0,0,0,0,0,0,90,91,0,0,152,153,0,0,0,0,118,119,0,0,0,0,130,131,0,0,0,0,0,0,0,0,100,101,0,0,0,0,88,89,0,0,0,0,0,0,0,0,0,0,0,0,0,0,0,0,0,0,0,0,0,0,0,0,100,101,0,0,0,0,0,0,0,0,88,89,118,119,0,0,0,0,0,0,0,0,0,0,0,0,0,0,0,0,0,0,130,131,102,103,0,0,0,0,88,89,0,0,0,0,120,121,0,0,130,131,104,105,0,0,0,0,0,0,0,0,0,0,0,0,100,101,0,0
0,0,0,0,600,601,630,631,0,0,0,0,0,0,642,643,630,631,0,0,0,0,0,0,644,645,0,0,612,613,0,0,0,0,0,0,0,0,0,0,598,599,598,599,598,599,0,0,598,599,602,603,0,0,0,0,0,0,0,0,0,0,612,613,0,0,0,0,600,601,630,631,0,0,0,0,0,0,0,0,0,0,616,617,630,631,0,0,0,0,642,643,612,613,0,0,0,0,0,0,670,671,600,601,0,0,0,0,0,0,616,617,0,0,0,0,0,0,614,615,0,0,0,0,0,0,0,0,602,603,0,0,664,665,0,0,0,0,630,631,0,0,0,0,642,643,0,0,0,0,0,0,0,0,612,613,0,0,0,0,600,601,0,0,0,0,0,0,0,0,0,0,0,0,0,0,0,0,0,0,0,0,0,0,0,0,612,613,0,0,0,0,0,0,0,0,600,601,630,631,0,0,0,0,0,0,0,0,0,0,0,0,0,0,0,0,0,0,642,643,614,615,0,0,0,0,600,601,0,0,0,0,632,633,0,0,642,643,616,617,0,0,0,0,0,0,0,0,0,0,0,0,612,613,0,0
0,0,0,0,88,89,118,119,0,0,0,0,0,0,130,131,118,119,0,0,0,0,0,0,130,131,102,103,0,0,0,0,0,0,0,0,0,0,0,0,0,0,0,0,0,0,0,0,0,0,0,0,86,87,86,87,90,91,0,0,0,0,108,109,0,0,0,0,88,89,0,0,116,117,0,0,0,0,0,0,0,0,104,105,118,119,0,0,0,0,130,131,108,109,0,0,0,0,0,0,0,0,88,89,0,0,0,0,0,0,104,105,0,0,0,0,102,103,0,0,0,0,0,0,0,0,0,0,0,0,90,91,0,0,0,0,0,0,0,0,116,117,116,117,0,0,0,0,0,0,0,0,0,0,100,101,0,0,0,0,88,89,0,0,0,0,0,0,0,0,0,0,0,0,0,0,0,0,0,0,0,0,0,0,0,0,100,101,0,0,0,0,0,0,0,0,88,89,118,119,0,0,0,0,0,0,0,0,0,0,0,0,0,0,0,0,132,133,0,0,100,101,0,0,0,0,0,0,86,87,90,91,0,0,116,117,0,0,104,105,0,0,0,0,0,0,0,0,0,0,0,0,100,101,0,0
0,0,0,0,600,601,630,631,0,0,0,0,0,0,642,643,630,631,0,0,0,0,0,0,642,643,614,615,0,0,0,0,0,0,0,0,0,0,0,0,0,0,0,0,0,0,0,0,0,0,0,0,598,599,598,599,602,603,0,0,0,0,620,621,0,0,0,0,600,601,0,0,628,629,0,0,0,0,0,0,0,0,616,617,630,631,0,0,0,0,642,643,620,621,0,0,0,0,0,0,0,0,600,601,0,0,0,0,0,0,616,617,0,0,0,0,614,615,0,0,0,0,0,0,0,0,0,0,0,0,602,603,0,0,0,0,0,0,0,0,628,629,628,629,0,0,0,0,0,0,0,0,0,0,612,613,0,0,0,0,600,601,0,0,0,0,0,0,0,0,0,0,0,0,0,0,0,0,0,0,0,0,0,0,0,0,612,613,0,0,0,0,0,0,0,0,600,601,630,631,0,0,0,0,0,0,0,0,0,0,0,0,0,0,0,0,644,645,0,0,612,613,0,0,0,0,0,0,598,599,602,603,0,0,628,629,0,0,616,617,0,0,0,0,0,0,0,0,0,0,0,0,612,613,0,0
0,0,0,0,88,89,118,119,0,0,0,0,0,0,130,131,118,119,0,0,0,0,132,133,0,0,100,101,0,0,0,0,0,0,0,0,0,0,0,0,0,0,0,0,0,0,0,0,0,0,0,0,0,0,0,0,0,0,86,87,90,91,0,0,100,101,0,0,0,0,90,91,0,0,0,0,0,0,0,0,0,0,104,105,118,119,0,0,0,0,130,131,0,0,100,101,0,0,0,0,0,0,0,0,90,91,0,0,0,0,104,105,0,0,102,103,0,0,0,0,0,0,0,0,0,0,0,0,0,0,0,0,86,87,86,87,86,87,86,87,86,87,86,87,86,87,86,87,86,87,86,87,86,87,0,0,0,0,0,0,0,0,90,91,0,0,0,0,0,0,0,0,0,0,0,0,0,0,0,0,0,0,0,0,154,155,100,101,0,0,0,0,0,0,0,0,88,89,0,0,116,117,116,117,116,117,120,121,0,0,132,133,116,117,116,117,0,0,102,103,0,0,0,0,0,0,0,0,0,0,0,0,86,87,86,87,86,87,0,0,86,87,86,87,86,87,90,91,0,0,102,103,0,0,0,0
0,0,0,0,600,601,630,631,0,0,0,0,0,0,642,643,630,631,0,0,0,0,644,645,0,0,612,613,0,0,0,0,0,0,0,0,0,0,0,0,0,0,0,0,0,0,0,0,0,0,0,0,0,0,0,0,0,0,598,599,602,603,0,0,612,613,0,0,0,0,602,603,0,0,0,0,0,0,0,0,0,0,616,617,630,631,0,0,0,0,642,643,0,0,612,613,0,0,0,0,0,0,0,0,602,603,0,0,0,0,616,617,0,0,614,615,0,0,0,0,0,0,0,0,0,0,0,0,0,0,0,0,598,599,598,599,598,599,598,599,598,599,598,599,598,599,598,599,598,599,598,599,598,599,0,0,0,0,0,0,0,0,602,603,0,0,0,0,0,0,0,0,0,0,0,0,0,0,0,0,0,0,0,0,666,667,612,613,0,0,0,0,0,0,0,0,600,601,0,0,628,629,628,629,628,629,632,633,0,0,644,645,628,629,628,629,0,0,614,615,0,0,0,0,0,0,0,0,0,0,0,0,598,599,598,599,598,599,0,0,598,599,598,599,598,599,602,603,0,0,614,615,0,0,0,0
0,0,0,0,88,89,118,119,0,0,0,0,0,0,130,131,0,0,116,117,116,117,0,0,102,103,0,0,0,0,0,0,0,0,0,0,0,0,0,0,0,0,0,0,0,0,0,0,0,0,0,0,0,0,0,0,0,0,0,0,0,0,86,87,0,0,0,0,0,0,88,89,152,153,0,0,0,0,0,0,0,0,104,105,118,119,0,0,0,0,130,131,0,0,100,101,0,0,0,0,0,0,0,0,88,89,0,0,0,0,104,105,0,0,100,101,0,0,0,0,0,0,0,0,0,0,0,0,0,0,0,0,0,0,0,0,0,0,0,0,0,0,0,0,0,0,0,0,0,0,0,0,0,0,0,0,0,0,0,0,0,0,0,0,86,87,86,87,86,87,86,87,86,87,86,87,90,91,0,0,0,0,0,0,0,0,100,101,0,0,0,0,0,0,0,0,0,0,86,87,86,87,86,87,90,91,0,0,116,117,0,0,102,103,86,87,86,87,0,0,0,0,0,0,0,0,0,0,0,0,0,0,0,0,0,0,0,0,0,0,0,0,0,0,0,0,0,0,86,87,0,0,0,0,0,0
0,0,0,0,600,601,630,631,0,0,0,0,0,0,642,643,0,0,628,629,628,629,0,0,614,615,0,0,0,0,0,0,0,0,0,0,0,0,0,0,0,0,0,0,0,0,0,0,0,0,0,0,0,0,0,0,0,0,0,0,0,0,598,599,0,0,0,0,0,0,600,601,664,665,0,0,0,0,0,0,0,0,616,617,630,631,0,0,0,0,642,643,0,0,612,613,0,0,0,0,0,0,0,0,600,601,0,0,0,0,616,617,0,0,612,613,0,0,0,0,0,0,0,0,0,0,0,0,0,0,0,0,0,0,0,0,0,0,0,0,0,0,0,0,0,0,0,0,0,0,0,0,0,0,0,0,0,0,0,0,0,0,0,0,598,599,598,599,598,599,598,599,598,599,598,599,602,603,0,0,0,0,0,0,0,0,612,613,0,0,0,0,0,0,0,0,0,0,598,599,598,599,598,599,602,603,0,0,628,629,0,0,614,615,598,599,598,599,0,0,0,0,0,0,0,0,0,0,0,0,0,0,0,0,0,0,0,0,0,0,0,0,0,0,0,0,0,0,598,599,0,0,0,0,0,0
0,0,0,0,88,89,118,119,0,0,0,0,0,0,130,131,0,0,0,0,102,103,86,87,0,0,0,0,0,0,0,0,0,0,0,0,0,0,0,0,92,93,92,93,92,93,92,93,92,93,92,93,0,0,160,161,0,0,0,0,0,0,0,0,0,0,0,0,0,0,88,89,0,0,118,119,0,0,0,0,130,131,112,113,0,0,116,117,116,117,0,0,102,103,0,0,0,0,0,0,0,0,0,0,88,89,0,0,0,0,100,101,86,87,0,0,0,0,0,0,0,0,0,0,0,0,0,0,0,0,164,165,0,0,0,0,0,0,0,0,0,0,0,0,0,0,0,0,0,0,0,0,0,0,0,0,0,0,0,0,0,0,0,0,0,0,0,0,0,0,0,0,0,0,0,0,0,0,86,87,86,87,86,87,86,87,0,0,0,0,0,0,0,0,0,0,0,0,0,0,0,0,0,0,0,0,86,87,86,87,86,87,0,0,0,0,0,0,0,0,0,0,0,0,0,0,0,0,92,93,92,93,148,149,0,0,0,0,0,0,0,0,0,0,0,0,0,0,0,0,0,0,0,0,0,0
0,0,0,0,600,601,630,631,0,0,0,0,0,0,642,643,0,0,0,0,614,615,598,599,0,0,0,0,0,0,0,0,0,0,0,0,0,0,0,0,604,605,604,605,604,605,604,605,604,605,604,605,0,0,672,673,0,0,0,0,0,0,0,0,0,0,0,0,0,0,600,601,0,0,630,631,0,0,0,0,642,643,624,625,0,0,628,629,628,629,0,0,614,615,0,0,0,0,0,0,0,0,0,0,600,601,0,0,0,0,612,613,598,599,0,0,0,0,0,0,0,0,0,0,0,0,0,0,0,0,676,677,0,0,0,0,0,0,0,0,0,0,0,0,0,0,0,0,0,0,0,0,0,0,0,0,0,0,0,0,0,0,0,0,0,0,0,0,0,0,0,0,0,0,0,0,0,0,598,599,598,599,598,599,598,599,0,0,0,0,0,0,0,0,0,0,0,0,0,0,0,0,0,0,0,0,598,599,598,599,598,599,0,0,0,0,0,0,0,0,0,0,0,0,0,0,0,0,604,605,604,605,660,661,0,0,0,0,0,0,0,0,0,0,0,0,0,0,0,0,0,0,0,0,0,0
0,0,0,0,88,89,0,0,0,0,0,0,0,0,0,0,102,103,86,87,0,0,0,0,0,0,0,0,0,0,0,0,0,0,0,0,0,0,96,97,0,0,0,0,0,0,0,0,0,0,0,0,108,109,92,93,92,93,0,0,0,0,0,0,0,0,0,0,0,0,0,0,90,91,0,0,0,0,0,0,0,0,0,0,0,0,102,103,86,87,86,87,0,0,0,0,0,0,0,0,0,0,0,0,0,0,86,87,86,87,0,0,0,0,0,0,0,0,0,0,0,0,0,0,0,0,0,0,0,0,0,0,92,93,92,93,92,93,92,93,92,93,92,93,92,93,92,93,92,93,0,0,0,0,0,0,0,0,0,0,0,0,92,93,0,0,0,0,0,0,0,0,0,0,0,0,0,0,0,0,0,0,0,0,0,0,0,0,0,0,0,0,0,0,0,0,0,0,0,0,0,0,0,0,0,0,0,0,0,0,0,0,0,0,0,0,0,0,0,0,0,0,0,0,92,93,96,97,0,0,0,0,108,109,92,93,92,93,92,93,92,93,92,93,92,93,92,93,0,0,0,0,0,0,0,0
0,0,0,0,600,601,0,0,0,0,0,0,0,0,0,0,614,615,598,599,0,0,0,0,0,0,0,0,0,0,0,0,0,0,0,0,0,0,608,609,0,0,0,0,0,0,0,0,0,0,0,0,620,621,604,605,604,605,0,0,0,0,0,0,0,0,0,0,0,0,0,0,602,603,0,0,0,0,0,0,0,0,0,0,0,0,614,615,598,599,598,599,0,0,0,0,0,0,0,0,0,0,0,0,0,0,598,599,598,599,0,0,0,0,0,0,0,0,0,0,0,0,0,0,0,0,0,0,0,0,0,0,604,605,604,605,604,605,604,605,604,605,604,605,604,605,604,605,604,605,0,0,0,0,0,0,0,0,0,0,0,0,604,605,0,0,0,0,0,0,0,0,0,0,0,0,0,0,0,0,0,0,0,0,0,0,0,0,0,0,0,0,0,0,0,0,0,0,0,0,0,0,0,0,0,0,0,0,0,0,0,0,0,0,0,0,0,0,0,0,0,0,0,0,604,605,608,609,0,0,0,0,620,621,604,605,604,605,604,605,604,605,604,605,604,605,604,605,0,0,0,0,0,0,0,0
0,0,0,0,0,0,86,87,86,87,86,87,86,87,86,87,0,0,168,169,0,0,0,0,0,0,0,0,0,0,0,0,0,0,0,0,96,97,0,0,0,0,0,0,0,0,0,0,0,0,0,0,0,0,0,0,0,0,108,109,92,93,154,155,0,0,0,0,0,0,0,0,0,0,86,87,86,87,86,87,86,87,86,87,86,87,0,0,0,0,0,0,0,0,0,0,0,0,152,153,0,0,0,0,0,0,0,0,0,0,0,0,0,0,0,0,0,0,0,0,0,0,0,0,0,0,0,0,0,0,96,97,0,0,122,123,122,123,122,123,122,123,122,123,122,123,0,0,0,0,100,101,0,0,0,0,0,0,0,0,88,89,0,0,108,109,92,93,92,93,92,93,92,93,92,93,92,93,0,0,0,0,0,0,0,0,0,0,0,0,0,0,0,0,0,0,0,0,0,0,0,0,0,0,0,0,0,0,0,0,0,0,0,0,0,0,0,0,0,0,0,0,88,89,0,0,0,0,0,0,0,0,0,0,0,0,0,0,0,0,0,0,0,0,0,0,0,0,108,109,0,0,0,0,0,0
0,0,0,0,0,0,598,599,598,599,598,599,598,599,598,599,0,0,680,681,0,0,0,0,0,0,0,0,0,0,0,0,0,0,0,0,608,609,0,0,0,0,0,0,0,0,0,0,0,0,0,0,0,0,0,0,0,0,620,621,604,605,666,667,0,0,0,0,0,0,0,0,0,0,598,599,598,599,598,599,598,599,598,599,598,599,0,0,0,0,0,0,0,0,0,0,0,0,664,665,0,0,0,0,0,0,0,0,0,0,0,0,0,0,0,0,0,0,0,0,0,0,0,0,0,0,0,0,0,0,608,609,0,0,634,635,634,635,634,635,634,635,634,635,634,635,0,0,0,0,612,613,0,0,0,0,0,0,0,0,600,601,0,0,620,621,604,605,604,605,604,605,604,605,604,605,604,605,0,0,0,0,0,0,0,0,0,0,0,0,0,0,0,0,0,0,0,0,0,0,0,0,0,0,0,0,0,0,0,0,0,0,0,0,0,0,0,0,0,0,0,0,600,601,0,0,0,0,0,0,0,0,0,0,0,0,0,0,0,0,0,0,0,0,0,0,0,0,620,621,0,0,0,0,0,0
0,0,0,0,0,0,0,0,0,0,0,0,0,0,0,0,0,0,0,0,0,0,0,0,92,93,92,93,0,0,0,0,0,0,118,119,0,0,0,0,0,0,0,0,0,0,0,0,0,0,0,0,0,0,0,0,0,0,0,0,0,0,100,101,0,0,0,0,0,0,0,0,0,0,0,0,0,0,0,0,0,0,0,0,0,0,0,0,0,0,0,0,0,0,162,163,0,0,0,0,0,0,0,0,164,165,0,0,0,0,0,0,0,0,0,0,92,93,92,93,0,0,0,0,0,0,0,0,88,89,0,0,142,143,0,0,0,0,0,0,0,0,0,0,0,0,130,131,0,0,100,101,0,0,0,0,0,0,0,0,96,97,0,0,122,123,122,123,122,123,122,123,122,123,0,0,0,0,108,109,92,93,92,93,0,0,0,0,0,0,0,0,0,0,0,0,0,0,0,0,0,0,0,0,0,0,0,0,0,0,0,0,0,0,164,165,0,0,0,0,0,0,88,89,0,0,0,0,0,0,0,0,0,0,0,0,0,0,0,0,0,0,0,0,0,0,0,0,0,0,108,109,0,0,0,0
0,0,0,0,0,0,0,0,0,0,0,0,0,0,0,0,0,0,0,0,0,0,0,0,604,605,604,605,0,0,0,0,0,0,630,631,0,0,0,0,0,0,0,0,0,0,0,0,0,0,0,0,0,0,0,0,0,0,0,0,0,0,612,613,0,0,0,0,0,0,0,0,0,0,0,0,0,0,0,0,0,0,0,0,0,0,0,0,0,0,0,0,0,0,674,675,0,0,0,0,0,0,0,0,676,677,0,0,0,0,0,0,0,0,0,0,604,605,604,605,0,0,0,0,0,0,0,0,600,601,0,0,654,655,0,0,0,0,0,0,0,0,0,0,0,0,642,643,0,0,612,613,0,0,0,0,0,0,0,0,608,609,0,0,634,635,634,635,634,635,634,635,634,635,0,0,0,0,620,621,604,605,604,605,0,0,0,0,0,0,0,0,0,0,0,0,0,0,0,0,0,0,0,0,0,0,0,0,0,0,0,0,0,0,676,677,0,0,0,0,0,0,600,601,0,0,0,0,0,0,0,0,0,0,0,0,0,0,0,0,0,0,0,0,0,0,0,0,0,0,620,621,0,0,0,0
0,0,0,0,0,0,0,0,0,0,0,0,0,0,0,0,0,0,0,0,92,93,96,97,0,0,0,0,130,131,170,171,0,0,126,127,0,0,0,0,0,0,0,0,0,0,0,0,0,0,0,0,0,0,0,0,0,0,0,0,0,0,130,131,0,0,0,0,92,93,0,0,166,167,0,0,0,0,0,0,0,0,0,0,0,0,0,0,0,0,0,0,0,0,0,0,0,0,0,0,0,0,0,0,0,0,0,0,0,0,0,0,92,93,96,97,0,0,0,0,108,109,92,93,0,0,0,0,118,119,0,0,0,0,0,0,0,0,0,0,0,0,0,0,0,0,130,131,102,103,0,0,154,155,0,0,0,0,88,89,0,0,126,127,0,0,0,0,0,0,0,0,0,0,130,131,0,0,122,123,122,123,0,0,108,109,0,0,0,0,0,0,0,0,92,93,92,93,92,93,92,93,92,93,92,93,92,93,0,0,0,0,92,93,92,93,0,0,0,0,0,0,88,89,0,0,0,0,0,0,0,0,0,0,0,0,0,0,102,103,90,91,0,0,0,0,0,0,0,0,0,0,108,109,0,0
0,0,0,0,0,0,0,0,0,0,0,0,0,0,0,0,0,0,0,0,604,605,608,609,0,0,0,0,642,643,682,683,0,0,638,639,0,0,0,0,0,0,0,0,0,0,0,0,0,0,0,0,0,0,0,0,0,0,0,0,0,0,642,643,0,0,0,0,604,605,0,0,678,679,0,0,0,0,0,0,0,0,0,0,0,0,0,0,0,0,0,0,0,0,0,0,0,0,0,0,0,0,0,0,0,0,0,0,0,0,0,0,604,605,608,609,0,0,0,0,620,621,604,605,0,0,0,0,630,631,0,0,0,0,0,0,0,0,0,0,0,0,0,0,0,0,642,643,614,615,0,0,666,667,0,0,0,0,600,601,0,0,638,639,0,0,0,0,0,0,0,0,0,0,642,643,0,0,634,635,634,635,0,0,620,621,0,0,0,0,0,0,0,0,604,605,604,605,604,605,604,605,604,605,604,605,604,605,0,0,0,0,604,605,604,605,0,0,0,0,0,0,600,601,0,0,0,0,0,0,0,0,0,0,0,0,0,0,614,615,602,603,0,0,0,0,0,0,0,0,0,0,620,621,0,0
0,0,92,93,0,0,0,0,0,0,0,0,0,0,0,0,92,93,96,97,0,0,0,0,0,0,140,141,0,0,0,0,118,119,0,0,0,0,0,0,0,0,0,0,0,0,0,0,0,0,0,0,0,0,0,0,0,0,0,0,150,151,0,0,0,0,118,119,0,0,108,109,0,0,0,0,0,0,0,0,0,0,0,0,0,0,0,0,0,0,0,0,92,93,92,93,0,0,0,0,0,0,0,0,92,93,92,93,92,93,96,97,0,0,0,0,0,0,0,0,0,0,0,0,138,139,0,0,118,119,0,0,0,0,0,0,0,0,0,0,0,0,0,0,0,0,130,131,100,101,0,0,0,0,0,0,0,0,88,89,118,119,0,0,0,0,0,0,0,0,0,0,0,0,130,131,118,119,0,0,0,0,138,139,0,0,108,109,92,93,92,93,96,97,0,0,122,123,122,123,122,123,122,123,122,123,0,0,108,109,96,97,0,0,0,0,100,101,0,0,166,167,88,89,0,0,0,0,0,0,162,163,0,0,102,103,86,87,0,0,0,0,86,87,90,91,0,0,0,0,0,0,0,0,100,101
0,0,604,605,0,0,0,0,0,0,0,0,0,0,0,0,604,605,608,609,0,0,0,0,0,0,652,653,0,0,0,0,630,631,0,0,0,0,0,0,0,0,0,0,0,0,0,0,0,0,0,0,0,0,0,0,0,0,0,0,662,663,0,0,0,0,630,631,0,0,620,621,0,0,0,0,0,0,0,0,0,0,0,0,0,0,0,0,0,0,0,0,604,605,604,605,0,0,0,0,0,0,0,0,604,605,604,605,604,605,608,609,0,0,0,0,0,0,0,0,0,0,0,0,650,651,0,0,630,631,0,0,0,0,0,0,0,0,0,0,0,0,0,0,0,0,642,643,612,613,0,0,0,0,0,0,0,0,600,601,630,631,0,0,0,0,0,0,0,0,0,0,0,0,642,643,630,631,0,0,0,0,650,651,0,0,620,621,604,605,604,605,608,609,0,0,634,635,634,635,634,635,634,635,634,635,0,0,620,621,608,609,0,0,0,0,612,613,0,0,678,679,600,601,0,0,0,0,0,0,674,675,0,0,614,615,598,599,0,0,0,0,598,599,602,603,0,0,0,0,0,0,0,0,612,613
118,119,0,0,108,109,92,93,92,93,92,93,92,93,96,97,0,0,0,0,0,0,0,0,0,0,0,0,130,131,0,0,0,0,120,121,0,0,0,0,0,0,0,0,0,0,0,0,0,0,0,0,0,0,0,0,0,0,0,0,130,131,0,0,0,0,118,119,0,0,0,0,108,109,0,0,0,0,0,0,0,0,0,0,0,0,92,93,92,93,96,97,0,0,0,0,0,0,0,0,0,0,118,119,0,0,0,0,0,0,0,0,0,0,0,0,0,0,0,0,0,0,0,0,0,0,130,131,0,0,120,121,0,0,0,0,0,0,0,0,0,0,0,0,0,0,0,0,100,101,0,0,0,0,0,0,0,0,88,89,118,119,0,0,0,0,0,0,0,0,0,0,0,0,130,131,118,119,0,0,0,0,0,0,138,139,122,123,122,123,122,123,122,123,126,127,0,0,0,0,0,0,0,0,0,0,130,131,0,0,122,123,122,123,0,0,100,101,0,0,0,0,88,89,0,0,0,0,0,0,0,0,102,103,0,0,0,0,0,0,0,0,0,0,0,0,90,91,0,0,0,0,0,0,100,101
630,631,0,0,620,621,604,605,604,605,604,605,604,605,608,609,0,0,0,0,0,0,0,0,0,0,0,0,642,643,0,0,0,0,632,633,0,0,0,0,0,0,0,0,0,0,0,0,0,0,0,0,0,0,0,0,0,0,0,0,642,643,0,0,0,0,630,631,0,0,0,0,620,621,0,0,0,0,0,0,0,0,0,0,0,0,604,605,604,605,608,609,0,0,0,0,0,0,0,0,0,0,630,631,0,0,0,0,0,0,0,0,0,0,0,0,0,0,0,0,0,0,0,0,0,0,642,643,0,0,632,633,0,0,0,0,0,0,0,0,0,0,0,0,0,0,0,0,612,613,0,0,0,0,0,0,0,0,600,601,630,631,0,0,0,0,0,0,0,0,0,0,0,0,642,643,630,631,0,0,0,0,0,0,650,651,634,635,634,635,634,635,634,635,638,639,0,0,0,0,0,0,0,0,0,0,642,643,0,0,634,635,634,635,0,0,612,613,0,0,0,0,600,601,0,0,0,0,0,0,0,0,614,615,0,0,0,0,0,0,0,0,0,0,0,0,602,603,0,0,0,0,0,0,612,613
118,119,0,0,0,0,0,0,0,0,0,0,0,0,0,0,0,0,0,0,0,0,0,0,0,0,0,0,130,131,0,0,0,0,118,119,0,0,0,0,0,0,0,0,0,0,0,0,0,0,0,0,0,0,0,0,0,0,0,0,130,131,0,0,0,0,118,119,0,0,0,0,0,0,108,109,92,93,92,93,92,93,92,93,96,97,0,0,0,0,0,0,0,0,0,0,0,0,0,0,0,0,118,119,0,0,0,0,0,0,0,0,0,0,0,0,0,0,0,0,0,0,0,0,0,0,130,131,0,0,118,119,0,0,0,0,0,0,0,0,0,0,0,0,0,0,0,0,100,101,166,167,0,0,0,0,0,0,88,89,118,119,0,0,0,0,0,0,0,0,0,0,0,0,130,131,118,119,0,0,0,0,0,0,0,0,0,0,0,0,0,0,0,0,0,0,0,0,0,0,0,0,0,0,0,0,130,131,118,119,0,0,0,0,130,131,100,101,0,0,0,0,88,89,0,0,0,0,0,0,102,103,0,0,0,0,0,0,0,0,0,0,0,0,0,0,0,0,90,91,0,0,0,0,100,101
630,631,0,0,0,0,0,0,0,0,0,0,0,0,0,0,0,0,0,0,0,0,0,0,0,0,0,0,642,643,0,0,0,0,630,631,0,0,0,0,0,0,0,0,0,0,0,0,0,0,0,0,0,0,0,0,0,0,0,0,642,643,0,0,0,0,630,631,0,0,0,0,0,0,620,621,604,605,604,605,604,605,604,605,608,609,0,0,0,0,0,0,0,0,0,0,0,0,0,0,0,0,630,631,0,0,0,0,0,0,0,0,0,0,0,0,0,0,0,0,0,0,0,0,0,0,642,643,0,0,630,631,0,0,0,0,0,0,0,0,0,0,0,0,0,0,0,0,612,613,678,679,0,0,0,0,0,0,600,601,630,631,0,0,0,0,0,0,0,0,0,0,0,0,642,643,630,631,0,0,0,0,0,0,0,0,0,0,0,0,0,0,0,0,0,0,0,0,0,0,0,0,0,0,0,0,642,643,630,631,0,0,0,0,642,643,612,613,0,0,0,0,600,601,0,0,0,0,0,0,614,615,0,0,0,0,0,0,0,0,0,0,0,0,0,0,0,0,602,603,0,0,0,0,612,613
118,119,0,0,0,0,0,0,0,0,0,0,0,0,0,0,0,0,0,0,0,0,0,0,0,0,0,0,130,131,0,0,0,0,118,119,0,0,0,0,0,0,0,0,0,0,0,0,0,0,0,0,0,0,0,0,0,0,0,0,130,131,0,0,0,0,118,119,0,0,0,0,0,0,0,0,0,0,0,0,0,0,0,0,0,0,0,0,0,0,0,0,0,0,0,0,0,0,0,0,0,0,118,119,0,0,0,0,0,0,0,0,0,0,0,0,0,0,0,0,0,0,0,0,0,0,130,131,0,0,126,127,0,0,0,0,0,0,0,0,0,0,0,0,0,0,0,0,100,101,0,0,0,0,0,0,0,0,88,89,118,119,0,0,0,0,0,0,0,0,0,0,0,0,130,131,118,119,0,0,0,0,0,0,0,0,0,0,0,0,0,0,0,0,0,0,0,0,0,0,0,0,0,0,0,0,130,131,118,119,0,0,0,0,130,131,100,101,0,0,0,0,88,89,0,0,0,0,0,0,100,101,0,0,0,0,0,0,0,0,0,0,0,0,0,0,0,0,88,89,0,0,0,0,100,101
630,631,0,0,0,0,0,0,0,0,0,0,0,0,0,0,0,0,0,0,0,0,0,0,0,0,0,0,642,643,0,0,0,0,630,631,0,0,0,0,0,0,0,0,0,0,0,0,0,0,0,0,0,0,0,0,0,0,0,0,642,643,0,0,0,0,630,631,0,0,0,0,0,0,0,0,0,0,0,0,0,0,0,0,0,0,0,0,0,0,0,0,0,0,0,0,0,0,0,0,0,0,630,631,0,0,0,0,0,0,0,0,0,0,0,0,0,0,0,0,0,0,0,0,0,0,642,643,0,0,638,639,0,0,0,0,0,0,0,0,0,0,0,0,0,0,0,0,612,613,0,0,0,0,0,0,0,0,600,601,630,631,0,0,0,0,0,0,0,0,0,0,0,0,642,643,630,631,0,0,0,0,0,0,0,0,0,0,0,0,0,0,0,0,0,0,0,0,0,0,0,0,0,0,0,0,642,643,630,631,0,0,0,0,642,643,612,613,0,0,0,0,600,601,0,0,0,0,0,0,612,613,0,0,0,0,0,0,0,0,0,0,0,0,0,0,0,0,600,601,0,0,0,0,612,613
118,119,0,0,0,0,0,0,0,0,0,0,0,0,0,0,0,0,0,0,0,0,0,0,0,0,0,0,130,131,0,0,0,0,118,119,0,0,0,0,0,0,0,0,0,0,0,0,0,0,0,0,0,0,0,0,0,0,0,0,148,149,0,0,0,0,118,119,0,0,0,0,0,0,0,0,0,0,0,0,0,0,0,0,0,0,0,0,0,0,0,0,0,0,0,0,148,149,0,0,0,0,118,119,0,0,0,0,0,0,0,0,0,0,0,0,0,0,0,0,0,0,0,0,132,133,0,0,118,119,0,0,0,0,0,0,0,0,0,0,0,0,0,0,0,0,0,0,100,101,0,0,0,0,0,0,0,0,88,89,0,0,116,117,124,125,124,125,124,125,124,125,124,125,0,0,0,0,124,125,124,125,124,125,124,125,124,125,124,125,124,125,124,125,124,125,124,125,124,125,124,125,124,125,124,125,0,0,0,0,124,125,124,125,0,0,100,101,0,0,0,0,88,89,0,0,0,0,0,0,100,101,0,0,0,0,0,0,0,0,146,147,0,0,0,0,0,0,88,89,0,0,0,0,100,101
630,631,0,0,0,0,0,0,0,0,0,0,0,0,0,0,0,0,0,0,0,0,0,0,0,0,0,0,642,643,0,0,0,0,630,631,0,0,0,0,0,0,0,0,0,0,0,0,0,0,0,0,0,0,0,0,0,0,0,0,660,661,0,0,0,0,630,631,0,0,0,0,0,0,0,0,0,0,0,0,0,0,0,0,0,0,0,0,0,0,0,0,0,0,0,0,660,661,0,0,0,0,630,631,0,0,0,0,0,0,0,0,0,0,0,0,0,0,0,0,0,0,0,0,644,645,0,0,630,631,0,0,0,0,0,0,0,0,0,0,0,0,0,0,0,0,0,0,612,613,0,0,0,0,0,0,0,0,600,601,0,0,628,629,636,637,636,637,636,637,636,637,636,637,0,0,0,0,636,637,636,637,636,637,636,637,636,637,636,637,636,637,636,637,636,637,636,637,636,637,636,637,636,637,636,637,0,0,0,0,636,637,636,637,0,0,612,613,0,0,0,0,600,601,0,0,0,0,0,0,612,613,0,0,0,0,0,0,0,0,658,659,0,0,0,0,0,0,600,601,0,0,0,0,612,613
118,119,0,0,0,0,0,0,0,0,0,0,0,0,0,0,0,0,0,0,0,0,0,0,0,0,0,0,154,155,0,0,0,0,118,119,0,0,0,0,0,0,0,0,0,0,0,0,0,0,0,0,0,0,0,0,0,0,0,0,0,0,130,131,0,0,118,119,0,0,0,0,0,0,0,0,0,0,0,0,0,0,0,0,0,0,0,0,0,0,0,0,0,0,0,0,0,0,0,0,0,0,118,119,0,0,0,0,0,0,0,0,0,0,0,0,0,0,0,0,0,0,0,0,130,131,0,0,118,119,0,0,0,0,0,0,0,0,0,0,0,0,0,0,0,0,0,0,108,109,0,0,0,0,0,0,0,0,88,89,0,0,118,119,0,0,0,0,0,0,0,0,0,0,130,131,118,119,0,0,0,0,0,0,0,0,0,0,0,0,0,0,0,0,0,0,0,0,0,0,0,0,0,0,0,0,130,131,118,119,0,0,0,0,130,131,100,101,0,0,0,0,88,89,0,0,0,0,0,0,108,109,0,0,0,0,0,0,0,0,0,0,0,0,0,0,0,0,96,97,0,0,0,0,108,109
630,631,0,0,0,0,0,0,0,0,0,0,0,0,0,0,0,0,0,0,0,0,0,0,0,0,0,0,666,667,0,0,0,0,630,631,0,0,0,0,0,0,0,0,0,0,0,0,0,0,0,0,0,0,0,0,0,0,0,0,0,0,642,643,0,0,630,631,0,0,0,0,0,0,0,0,0,0,0,0,0,0,0,0,0,0,0,0,0,0,0,0,0,0,0,0,0,0,0,0,0,0,630,631,0,0,0,0,0,0,0,0,0,0,0,0,0,0,0,0,0,0,0,0,642,643,0,0,630,631,0,0,0,0,0,0,0,0,0,0,0,0,0,0,0,0,0,0,620,621,0,0,0,0,0,0,0,0,600,601,0,0,630,631,0,0,0,0,0,0,0,0,0,0,642,643,630,631,0,0,0,0,0,0,0,0,0,0,0,0,0,0,0,0,0,0,0,0,0,0,0,0,0,0,0,0,642,643,630,631,0,0,0,0,642,643,612,613,0,0,0,0,600,601,0,0,0,0,0,0,620,621,0,0,0,0,0,0,0,0,0,0,0,0,0,0,0,0,608,609,0,0,0,0,620,621
118,119,0,0,0,0,0,0,0,0,0,0,0,0,0,0,0,0,0,0,0,0,0,0,0,0,0,0,130,131,0,0,0,0,126,127,0,0,0,0,0,0,0,0,0,0,0,0,0,0,0,0,0,0,0,0,0,0,0,0,0,0,130,131,0,0,0,0,120,121,0,0,0,0,0,0,0,0,0,0,0,0,0,0,0,0,0,0,0,0,0,0,0,0,0,0,0,0,0,0,0,0,118,119,0,0,0,0,0,0,0,0,0,0,0,0,0,0,0,0,0,0,0,0,130,131,0,0,118,119,0,0,0,0,0,0,0,0,0,0,0,0,0,0,0,0,122,123,0,0,100,101,0,0,0,0,0,0,0,0,90,91,118,119,0,0,0,0,0,0,0,0,0,0,130,131,118,119,0,0,0,0,0,0,0,0,0,0,0,0,0,0,0,0,0,0,0,0,0,0,0,0,0,0,0,0,130,131,118,119,0,0,0,0,130,131,100,101,0,0,0,0,88,89,0,0,0,0,0,0,0,0,108,109,0,0,0,0,0,0,0,0,0,0,0,0,96,97,0,0,0,0,0,0,0,0
630,631,0,0,0,0,0,0,0,0,0,0,0,0,0,0,0,0,0,0,0,0,0,0,0,0,0,0,642,643,0,0,0,0,638,639,0,0,0,0,0,0,0,0,0,0,0,0,0,0,0,0,0,0,0,0,0,0,0,0,0,0,642,643,0,0,0,0,632,633,0,0,0,0,0,0,0,0,0,0,0,0,0,0,0,0,0,0,0,0,0,0,0,0,0,0,0,0,0,0,0,0,630,631,0,0,0,0,0,0,0,0,0,0,0,0,0,0,0,0,0,0,0,0,642,643,0,0,630,631,0,0,0,0,0,0,0,0,0,0,0,0,0,0,0,0,634,635,0,0,612,613,0,0,0,0,0,0,0,0,602,603,630,631,0,0,0,0,0,0,0,0,0,0,642,643,630,631,0,0,0,0,0,0,0,0,0,0,0,0,0,0,0,0,0,0,0,0,0,0,0,0,0,0,0,0,642,643,630,631,0,0,0,0,642,643,612,613,0,0,0,0,600,601,0,0,0,0,0,0,0,0,620,621,0,0,0,0,0,0,0,0,0,0,0,0,608,609,0,0,0,0,0,0,0,0
0,0,116,117,116,117,116,117,116,117,116,117,120,121,0,0,0,0,0,0,0,0,0,0,0,0,132,133,0,0,0,0,118,119,0,0,0,0,0,0,0,0,0,0,0,0,0,0,0,0,0,0,0,0,0,0,0,0,0,0,0,0,130,131,0,0,0,0,118,119,0,0,0,0,0,0,0,0,0,0,0,0,0,0,0,0,0,0,0,0,0,0,0,0,0,0,0,0,0,0,0,0,118,119,0,0,0,0,0,0,0,0,0,0,0,0,0,0,0,0,0,0,0,0,130,131,0,0,118,119,0,0,0,0,0,0,0,0,0,0,0,0,0,0,0,0,0,0,130,131,100,101,0,0,0,0,0,0,0,0,88,89,118,119,0,0,0,0,0,0,0,0,0,0,130,131,118,119,0,0,0,0,0,0,0,0,0,0,0,0,0,0,0,0,0,0,0,0,0,0,0,0,0,0,0,0,130,131,118,119,0,0,0,0,130,131,100,101,0,0,0,0,88,89,0,0,0,0,0,0,0,0,0,0,108,109,92,93,0,0,0,0,92,93,96,97,0,0,0,0,0,0,0,0,0,0
0,0,628,629,628,629,628,629,628,629,628,629,632,633,0,0,0,0,0,0,0,0,0,0,0,0,644,645,0,0,0,0,630,631,0,0,0,0,0,0,0,0,0,0,0,0,0,0,0,0,0,0,0,0,0,0,0,0,0,0,0,0,642,643,0,0,0,0,630,631,0,0,0,0,0,0,0,0,0,0,0,0,0,0,0,0,0,0,0,0,0,0,0,0,0,0,0,0,0,0,0,0,630,631,0,0,0,0,0,0,0,0,0,0,0,0,0,0,0,0,0,0,0,0,642,643,0,0,630,631,0,0,0,0,0,0,0,0,0,0,0,0,0,0,0,0,0,0,642,643,612,613,0,0,0,0,0,0,0,0,600,601,630,631,0,0,0,0,0,0,0,0,0,0,642,643,630,631,0,0,0,0,0,0,0,0,0,0,0,0,0,0,0,0,0,0,0,0,0,0,0,0,0,0,0,0,642,643,630,631,0,0,0,0,642,643,612,613,0,0,0,0,600,601,0,0,0,0,0,0,0,0,0,0,620,621,604,605,0,0,0,0,604,605,608,609,0,0,0,0,0,0,0,0,0,0
0,0,0,0,0,0,0,0,0,0,0,0,0,0,116,117,120,121,0,0,0,0,0,0,0,0,130,131,0,0,0,0,118,119,0,0,0,0,0,0,0,0,0,0,0,0,0,0,0,0,0,0,0,0,0,0,0,0,0,0,0,0,130,131,0,0,0,0,118,119,0,0,0,0,0,0,0,0,0,0,0,0,0,0,0,0,0,0,0,0,0,0,0,0,0,0,0,0,170,171,0,0,118,119,0,0,0,0,0,0,0,0,0,0,0,0,0,0,0,0,0,0,0,0,130,131,0,0,118,119,0,0,0,0,0,0,0,0,0,0,0,0,0,0,0,0,0,0,130,131,100,101,0,0,0,0,0,0,0,0,88,89,0,0,120,121,0,0,0,0,0,0,0,0,130,131,118,119,0,0,0,0,0,0,0,0,0,0,0,0,0,0,0,0,0,0,0,0,0,0,0,0,0,0,0,0,130,131,118,119,0,0,0,0,130,131,100,101,0,0,0,0,88,89,0,0,0,0,0,0,0,0,0,0,0,0,0,0,108,109,96,97,0,0,0,0,0,0,0,0,0,0,0,0,102,103
0,0,0,0,0,0,0,0,0,0,0,0,0,0,628,629,632,633,0,0,0,0,0,0,0,0,642,643,0,0,0,0,630,631,0,0,0,0,0,0,0,0,0,0,0,0,0,0,0,0,0,0,0,0,0,0,0,0,0,0,0,0,642,643,0,0,0,0,630,631,0,0,0,0,0,0,0,0,0,0,0,0,0,0,0,0,0,0,0,0,0,0,0,0,0,0,0,0,682,683,0,0,630,631,0,0,0,0,0,0,0,0,0,0,0,0,0,0,0,0,0,0,0,0,642,643,0,0,630,631,0,0,0,0,0,0,0,0,0,0,0,0,0,0,0,0,0,0,642,643,612,613,0,0,0,0,0,0,0,0,600,601,0,0,632,633,0,0,0,0,0,0,0,0,642,643,630,631,0,0,0,0,0,0,0,0,0,0,0,0,0,0,0,0,0,0,0,0,0,0,0,0,0,0,0,0,642,643,630,631,0,0,0,0,642,643,612,613,0,0,0,0,600,601,0,0,0,0,0,0,0,0,0,0,0,0,0,0,620,621,608,609,0,0,0,0,0,0,0,0,0,0,0,0,614,615
0,0,122,123,122,123,122,123,122,123,122,123,122,123,0,0,0,0,116,117,116,117,116,117,116,117,0,0,0,0,0,0,126,127,0,0,0,0,0,0,0,0,0,0,0,0,0,0,0,0,0,0,0,0,0,0,0,0,0,0,0,0,130,131,0,0,0,0,118,119,0,0,0,0,0,0,0,0,0,0,0,0,0,0,0,0,0,0,0,0,0,0,0,0,132,133,0,0,0,0,0,0,0,0,116,117,116,117,152,153,116,117,116,117,120,121,0,0,0,0,0,0,0,0,130,131,0,0,118,119,0,0,0,0,0,0,0,0,0,0,0,0,0,0,0,0,116,117,0,0,100,101,0,0,0,0,0,0,0,0,0,0,90,91,0,0,116,117,120,121,0,0,0,0,130,131,118,119,0,0,0,0,0,0,0,0,132,133,116,117,116,117,120,121,0,0,0,0,0,0,0,0,0,0,0,0,130,131,118,119,0,0,0,0,130,131,100,101,0,0,0,0,88,89,0,0,0,0,0,0,0,0,0,0,0,0,0,0,0,0,0,0,154,155,0,0,0,0,0,0,0,0,0,0,100,101
0,0,634,635,634,635,634,635,634,635,634,635,634,635,0,0,0,0,628,629,628,629,628,629,628,629,0,0,0,0,0,0,638,639,0,0,0,0,0,0,0,0,0,0,0,0,0,0,0,0,0,0,0,0,0,0,0,0,0,0,0,0,642,643,0,0,0,0,630,631,0,0,0,0,0,0,0,0,0,0,0,0,0,0,0,0,0,0,0,0,0,0,0,0,644,645,0,0,0,0,0,0,0,0,628,629,628,629,664,665,628,629,628,629,632,633,0,0,0,0,0,0,0,0,642,643,0,0,630,631,0,0,0,0,0,0,0,0,0,0,0,0,0,0,0,0,628,629,0,0,612,613,0,0,0,0,0,0,0,0,0,0,602,603,0,0,628,629,632,633,0,0,0,0,642,643,630,631,0,0,0,0,0,0,0,0,644,645,628,629,628,629,632,633,0,0,0,0,0,0,0,0,0,0,0,0,642,643,630,631,0,0,0,0,642,643,612,613,0,0,0,0,600,601,0,0,0,0,0,0,0,0,0,0,0,0,0,0,0,0,0,0,666,667,0,0,0,0,0,0,0,0,0,0,612,613
126,127,0,0,0,0,0,0,0,0,0,0,0,0,138,139,122,123,0,0,0,0,0,0,0,0,0,0,0,0,0,0,0,0,0,0,0,0,0,0,0,0,0,0,0,0,0,0,0,0,0,0,0,0,0,0,0,0,0,0,0,0,130,131,0,0,0,0,118,119,0,0,0,0,0,0,0,0,0,0,0,0,0,0,0,0,0,0,0,0,0,0,0,0,130,131,0,0,0,0,0,0,0,0,0,0,0,0,0,0,0,0,152,153,0,0,116,117,120,121,0,0,0,0,130,131,0,0,118,119,0,0,132,133,0,0,0,0,0,0,0,0,102,103,86,87,86,87,86,87,0,0,0,0,0,0,0,0,148,149,0,0,0,0,86,87,90,91,0,0,120,121,0,0,130,131,118,119,0,0,0,0,132,133,116,117,0,0,102,103,90,91,0,0,116,117,120,121,0,0,0,0,0,0,0,0,130,131,118,119,0,0,0,0,130,131,100,101,0,0,0,0,88,89,0,0,0,0,0,0,0,0,0,0,0,0,0,0,0,0,0,0,0,0,0,0,0,0,0,0,102,103,86,87,0,0
638,639,0,0,0,0,0,0,0,0,0,0,0,0,650,651,634,635,0,0,0,0,0,0,0,0,0,0,0,0,0,0,0,0,0,0,0,0,0,0,0,0,0,0,0,0,0,0,0,0,0,0,0,0,0,0,0,0,0,0,0,0,642,643,0,0,0,0,630,631,0,0,0,0,0,0,0,0,0,0,0,0,0,0,0,0,0,0,0,0,0,0,0,0,642,643,0,0,0,0,0,0,0,0,0,0,0,0,0,0,0,0,664,665,0,0,628,629,632,633,0,0,0,0,642,643,0,0,630,631,0,0,644,645,0,0,0,0,0,0,0,0,614,615,598,599,598,599,598,599,0,0,0,0,0,0,0,0,660,661,0,0,0,0,598,599,602,603,0,0,632,633,0,0,642,643,630,631,0,0,0,0,644,645,628,629,0,0,614,615,602,603,0,0,628,629,632,633,0,0,0,0,0,0,0,0,642,643,630,631,0,0,0,0,642,643,612,613,0,0,0,0,600,601,0,0,0,0,0,0,0,0,0,0,0,0,0,0,0,0,0,0,0,0,0,0,0,0,0,0,614,615,598,599,0,0
0,0,0,0,0,0,0,0,0,0,0,0,0,0,0,0,0,0,130,131,0,0,0,0,0,0,0,0,0,0,0,0,0,0,0,0,0,0,0,0,0,0,0,0,0,0,0,0,0,0,0,0,0,0,0,0,0,0,0,0,0,0,130,131,0,0,0,0,118,119,0,0,0,0,0,0,0,0,0,0,0,0,0,0,0,0,0,0,0,0,0,0,0,0,130,131,0,0,0,0,0,0,0,0,0,0,0,0,0,0,154,155,0,0,0,0,0,0,0,0,116,117,116,117,158,159,0,0,0,0,86,87,86,87,86,87,86,87,86,87,86,87,0,0,0,0,0,0,0,0,0,0,0,0,0,0,0,0,0,0,0,0,0,0,0,0,0,0,90,91,0,0,116,117,0,0,118,119,0,0,0,0,130,131,102,103,86,87,0,0,0,0,86,87,90,91,118,119,0,0,0,0,0,0,0,0,130,131,118,119,0,0,0,0,130,131,100,101,0,0,0,0,88,89,0,0,0,0,0,0,0,0,0,0,0,0,0,0,0,0,0,0,0,0,0,0,102,103,86,87,0,0,0,0,0,0
0,0,0,0,0,0,0,0,0,0,0,0,0,0,0,0,0,0,642,643,0,0,0,0,0,0,0,0,0,0,0,0,0,0,0,0,0,0,0,0,0,0,0,0,0,0,0,0,0,0,0,0,0,0,0,0,0,0,0,0,0,0,642,643,0,0,0,0,630,631,0,0,0,0,0,0,0,0,0,0,0,0,0,0,0,0,0,0,0,0,0,0,0,0,642,643,0,0,0,0,0,0,0,0,0,0,0,0,0,0,666,667,0,0,0,0,0,0,0,0,628,629,628,629,670,671,0,0,0,0,598,599,598,599,598,599,598,599,598,599,598,599,0,0,0,0,0,0,0,0,0,0,0,0,0,0,0,0,0,0,0,0,0,0,0,0,0,0,602,603,0,0,628,629,0,0,630,631,0,0,0,0,642,643,614,615,598,599,0,0,0,0,598,599,602,603,630,631,0,0,0,0,0,0,0,0,642,643,630,631,0,0,0,0,642,643,612,613,0,0,0,0,600,601,0,0,0,0,0,0,0,0,0,0,0,0,0,0,0,0,0,0,0,0,0,0,614,615,598,599,0,0,0,0,0,0
0,0,0,0,0,0,0,0,0,0,0,0,0,0,0,0,0,0,0,0,0,0,0,0,130,131,0,0,118,119,0,0,0,0,0,0,0,0,0,0,0,0,0,0,0,0,0,0,0,0,0,0,0,0,0,0,0,0,0,0,0,0,130,131,0,0,0,0,118,119,0,0,0,0,0,0,0,0,0,0,0,0,0,0,0,0,0,0,0,0,0,0,0,0,130,131,0,0,0,0,118,119,0,0,0,0,0,0,0,0,0,0,0,0,0,0,138,139,122,123,0,0,0,0,0,0,0,0,0,0,0,0,0,0,0,0,0,0,0,0,0,0,0,0,0,0,0,0,0,0,0,0,0,0,0,0,0,0,0,0,0,0,0,0,0,0,0,0,0,0,86,87,90,91,0,0,0,0,0,0,0,0,0,0,100,101,0,0,0,0,0,0,0,0,88,89,0,0,0,0,0,0,0,0,0,0,0,0,0,0,0,0,0,0,0,0,100,101,0,0,0,0,0,0,86,87,90,91,0,0,0,0,0,0,0,0,0,0,0,0,102,103,86,87,86,87,0,0,0,0,0,0,0,0,0,0
0,0,0,0,0,0,0,0,0,0,0,0,0,0,0,0,0,0,0,0,0,0,0,0,642,643,0,0,630,631,0,0,0,0,0,0,0,0,0,0,0,0,0,0,0,0,0,0,0,0,0,0,0,0,0,0,0,0,0,0,0,0,642,643,0,0,0,0,630,631,0,0,0,0,0,0,0,0,0,0,0,0,0,0,0,0,0,0,0,0,0,0,0,0,642,643,0,0,0,0,630,631,0,0,0,0,0,0,0,0,0,0,0,0,0,0,650,651,634,635,0,0,0,0,0,0,0,0,0,0,0,0,0,0,0,0,0,0,0,0,0,0,0,0,0,0,0,0,0,0,0,0,0,0,0,0,0,0,0,0,0,0,0,0,0,0,0,0,0,0,598,599,602,603,0,0,0,0,0,0,0,0,0,0,612,613,0,0,0,0,0,0,0,0,600,601,0,0,0,0,0,0,0,0,0,0,0,0,0,0,0,0,0,0,0,0,612,613,0,0,0,0,0,0,598,599,602,603,0,0,0,0,0,0,0,0,0,0,0,0,614,615,598,599,598,599,0,0,0,0,0,0,0,0,0,0
0,0,0,0,0,0,0,0,0,0,0,0,0,0,0,0,0,0,0,0,0,0,0,0,138,139,0,0,118,119,0,0,0,0,0,0,0,0,0,0,0,0,0,0,0,0,0,0,0,0,0,0,0,0,0,0,0,0,0,0,0,0,130,131,0,0,0,0,118,119,0,0,0,0,0,0,0,0,0,0,0,0,0,0,0,0,0,0,0,0,0,0,0,0,130,131,0,0,0,0,118,119,0,0,0,0,0,0,0,0,0,0,0,0,0,0,0,0,0,0,138,139,0,0,0,0,0,0,0,0,0,0,0,0,0,0,0,0,0,0,0,0,0,0,0,0,0,0,0,0,146,147,0,0,0,0,0,0,0,0,0,0,0,0,0,0,0,0,0,0,0,0,0,0,86,87,90,91,0,0,0,0,102,103,0,0,0,0,0,0,0,0,0,0,0,0,86,87,90,91,0,0,0,0,0,0,0,0,0,0,0,0,0,0,102,103,0,0,0,0,0,0,0,0,0,0,0,0,86,87,86,87,86,87,86,87,86,87,86,87,0,0,0,0,0,0,0,0,0,0,92,93,0,0,0,0
0,0,0,0,0,0,0,0,0,0,0,0,0,0,0,0,0,0,0,0,0,0,0,0,650,651,0,0,630,631,0,0,0,0,0,0,0,0,0,0,0,0,0,0,0,0,0,0,0,0,0,0,0,0,0,0,0,0,0,0,0,0,642,643,0,0,0,0,630,631,0,0,0,0,0,0,0,0,0,0,0,0,0,0,0,0,0,0,0,0,0,0,0,0,642,643,0,0,0,0,630,631,0,0,0,0,0,0,0,0,0,0,0,0,0,0,0,0,0,0,650,651,0,0,0,0,0,0,0,0,0,0,0,0,0,0,0,0,0,0,0,0,0,0,0,0,0,0,0,0,658,659,0,0,0,0,0,0,0,0,0,0,0,0,0,0,0,0,0,0,0,0,0,0,598,599,602,603,0,0,0,0,614,615,0,0,0,0,0,0,0,0,0,0,0,0,598,599,602,603,0,0,0,0,0,0,0,0,0,0,0,0,0,0,614,615,0,0,0,0,0,0,0,0,0,0,0,0,598,599,598,599,598,599,598,599,598,599,598,599,0,0,0,0,0,0,0,0,0,0,604,605,0,0,0,0
0,0,0,0,0,0,0,0,0,0,0,0,0,0,0,0,0,0,0,0,0,0,0,0,0,0,130,131,0,0,116,117,0,0,0,0,0,0,0,0,0,0,0,0,0,0,0,0,0,0,0,0,0,0,0,0,0,0,0,0,0,0,130,131,0,0,0,0,118,119,0,0,0,0,0,0,0,0,0,0,0,0,0,0,0,0,0,0,0,0,0,0,0,0,130,131,0,0,0,0,118,119,0,0,0,0,0,0,0,0,0,0,0,0,0,0,0,0,0,0,0,0,100,101,0,0,0,0,0,0,0,0,0,0,0,0,0,0,0,0,0,0,0,0,0,0,0,0,0,0,92,93,92,93,92,93,92,93,92,93,92,93,0,0,0,0,0,0,0,0,0,0,0,0,0,0,0,0,86,87,86,87,0,0,0,0,0,0,0,0,0,0,0,0,0,0,0,0,0,0,86,87,90,91,0,0,0,0,0,0,102,103,86,87,150,151,0,0,0,0,0,0,0,0,0,0,0,0,0,0,0,0,0,0,0,0,0,0,0,0,0,0,0,0,0,0,92,93,96,97,0,0,100,101,0,0
0,0,0,0,0,0,0,0,0,0,0,0,0,0,0,0,0,0,0,0,0,0,0,0,0,0,642,643,0,0,628,629,0,0,0,0,0,0,0,0,0,0,0,0,0,0,0,0,0,0,0,0,0,0,0,0,0,0,0,0,0,0,642,643,0,0,0,0,630,631,0,0,0,0,0,0,0,0,0,0,0,0,0,0,0,0,0,0,0,0,0,0,0,0,642,643,0,0,0,0,630,631,0,0,0,0,0,0,0,0,0,0,0,0,0,0,0,0,0,0,0,0,612,613,0,0,0,0,0,0,0,0,0,0,0,0,0,0,0,0,0,0,0,0,0,0,0,0,0,0,604,605,604,605,604,605,604,605,604,605,604,605,0,0,0,0,0,0,0,0,0,0,0,0,0,0,0,0,598,599,598,599,0,0,0,0,0,0,0,0,0,0,0,0,0,0,0,0,0,0,598,599,602,603,0,0,0,0,0,0,614,615,598,599,662,663,0,0,0,0,0,0,0,0,0,0,0,0,0,0,0,0,0,0,0,0,0,0,0,0,0,0,0,0,0,0,604,605,608,609,0,0,612,613,0,0
0,0,0,0,0,0,0,0,0,0,0,0,0,0,0,0,0,0,0,0,0,0,0,0,0,0,130,131,0,0,0,0,0,0,0,0,0,0,0,0,0,0,0,0,0,0,0,0,0,0,0,0,0,0,0,0,0,0,0,0,0,0,130,131,0,0,0,0,126,127,0,0,0,0,0,0,0,0,0,0,0,0,0,0,0,0,0,0,0,0,0,0,0,0,138,139,0,0,0,0,118,119,0,0,0,0,0,0,0,0,0,0,0,0,0,0,0,0,0,0,0,0,130,131,0,0,0,0,0,0,0,0,0,0,0,0,0,0,0,0,0,0,92,93,92,93,92,93,96,97,0,0,122,123,160,161,122,123,122,123,0,0,108,109,92,93,92,93,0,0,0,0,0,0,0,0,0,0,0,0,0,0,0,0,0,0,0,0,156,157,0,0,0,0,0,0,0,0,0,0,0,0,0,0,86,87,86,87,86,87,0,0,0,0,0,0,92,93,0,0,0,0,0,0,0,0,0,0,0,0,0,0,0,0,0,0,0,0,0,0,92,93,92,93,96,97,0,0,0,0,0,0,100,101,0,0
0,0,0,0,0,0,0,0,0,0,0,0,0,0,0,0,0,0,0,0,0,0,0,0,0,0,642,643,0,0,0,0,0,0,0,0,0,0,0,0,0,0,0,0,0,0,0,0,0,0,0,0,0,0,0,0,0,0,0,0,0,0,642,643,0,0,0,0,638,639,0,0,0,0,0,0,0,0,0,0,0,0,0,0,0,0,0,0,0,0,0,0,0,0,650,651,0,0,0,0,630,631,0,0,0,0,0,0,0,0,0,0,0,0,0,0,0,0,0,0,0,0,642,643,0,0,0,0,0,0,0,0,0,0,0,0,0,0,0,0,0,0,604,605,604,605,604,605,608,609,0,0,634,635,672,673,634,635,634,635,0,0,620,621,604,605,604,605,0,0,0,0,0,0,0,0,0,0,0,0,0,0,0,0,0,0,0,0,668,669,0,0,0,0,0,0,0,0,0,0,0,0,0,0,598,599,598,599,598,599,0,0,0,0,0,0,604,605,0,0,0,0,0,0,0,0,0,0,0,0,0,0,0,0,0,0,0,0,0,0,604,605,604,605,608,609,0,0,0,0,0,0,612,613,0,0
0,0,0,0,0,0,0,0,0,0,0,0,0,0,0,0,0,0,0,0,0,0,0,0,0,0,130,131,0,0,0,0,0,0,0,0,0,0,0,0,0,0,0,0,0,0,0,0,0,0,0,0,0,0,0,0,0,0,0,0,132,133,0,0,0,0,118,119,0,0,0,0,0,0,0,0,0,0,0,0,0,0,0,0,0,0,0,0,0,0,0,0,0,0,0,0,0,0,0,0,0,0,120,121,0,0,0,0,0,0,0,0,0,0,0,0,0,0,0,0,0,0,130,131,0,0,0,0,92,93,92,93,92,93,92,93,92,93,92,93,96,97,0,0,0,0,122,123,122,123,126,127,0,0,0,0,0,0,0,0,0,0,0,0,0,0,0,0,108,109,0,0,0,0,0,0,0,0,0,0,0,0,0,0,0,0,0,0,148,149,0,0,0,0,0,0,92,93,92,93,0,0,0,0,0,0,0,0,0,0,150,151,0,0,96,97,0,0,100,101,0,0,0,0,0,0,0,0,92,93,92,93,92,93,92,93,92,93,96,97,0,0,122,123,122,123,122,123,0,0,102,103,0,0,0,0
0,0,0,0,0,0,0,0,0,0,0,0,0,0,0,0,0,0,0,0,0,0,0,0,0,0,642,643,0,0,0,0,0,0,0,0,0,0,0,0,0,0,0,0,0,0,0,0,0,0,0,0,0,0,0,0,0,0,0,0,644,645,0,0,0,0,630,631,0,0,0,0,0,0,0,0,0,0,0,0,0,0,0,0,0,0,0,0,0,0,0,0,0,0,0,0,0,0,0,0,0,0,632,633,0,0,0,0,0,0,0,0,0,0,0,0,0,0,0,0,0,0,642,643,0,0,0,0,604,605,604,605,604,605,604,605,604,605,604,605,608,609,0,0,0,0,634,635,634,635,638,639,0,0,0,0,0,0,0,0,0,0,0,0,0,0,0,0,620,621,0,0,0,0,0,0,0,0,0,0,0,0,0,0,0,0,0,0,660,661,0,0,0,0,0,0,604,605,604,605,0,0,0,0,0,0,0,0,0,0,662,663,0,0,608,609,0,0,612,613,0,0,0,0,0,0,0,0,604,605,604,605,604,605,604,605,604,605,608,609,0,0,634,635,634,635,634,635,0,0,614,615,0,0,0,0
0,0,0,0,0,0,0,0,0,0,0,0,0,0,0,0,0,0,0,0,0,0,0,0,0,0,130,131,0,0,0,0,0,0,0,0,0,0,0,0,0,0,0,0,0,0,0,0,0,0,0,0,0,0,0,0,0,0,0,0,130,131,0,0,0,0,126,127,0,0,0,0,0,0,0,0,0,0,0,0,0,0,0,0,0,0,0,0,0,0,0,0,0,0,0,0,0,0,0,0,0,0,118,119,0,0,0,0,0,0,0,0,0,0,0,0,0,0,0,0,132,133,0,0,0,0,0,0,0,0,138,139,122,123,122,123,122,123,122,123,122,123,0,0,118,119,0,0,0,0,0,0,0,0,0,0,0,0,0,0,0,0,0,0,0,0,0,0,0,0,108,109,92,93,0,0,0,0,0,0,0,0,0,0,0,0,0,0,0,0,0,0,0,0,88,89,0,0,0,0,108,109,92,93,92,93,0,0,0,0,92,93,96,97,154,155,0,0,100,101,0,0,0,0,0,0,88,89,0,0,154,155,122,123,122,123,122,123,0,0,118,119,0,0,0,0,0,0,152,153,100,101,0,0,0,0
0,0,0,0,0,0,0,0,0,0,0,0,0,0,0,0,0,0,0,0,0,0,0,0,0,0,642,643,0,0,0,0,0,0,0,0,0,0,0,0,0,0,0,0,0,0,0,0,0,0,0,0,0,0,0,0,0,0,0,0,642,643,0,0,0,0,638,639,0,0,0,0,0,0,0,0,0,0,0,0,0,0,0,0,0,0,0,0,0,0,0,0,0,0,0,0,0,0,0,0,0,0,630,631,0,0,0,0,0,0,0,0,0,0,0,0,0,0,0,0,644,645,0,0,0,0,0,0,0,0,650,651,634,635,634,635,634,635,634,635,634,635,0,0,630,631,0,0,0,0,0,0,0,0,0,0,0,0,0,0,0,0,0,0,0,0,0,0,0,0,620,621,604,605,0,0,0,0,0,0,0,0,0,0,0,0,0,0,0,0,0,0,0,0,600,601,0,0,0,0,620,621,604,605,604,605,0,0,0,0,604,605,608,609,666,667,0,0,612,613,0,0,0,0,0,0,600,601,0,0,666,667,634,635,634,635,634,635,0,0,630,631,0,0,0,0,0,0,664,665,612,613,0,0,0,0
0,0,0,0,0,0,0,0,0,0,0,0,0,0,0,0,0,0,0,0,0,0,0,0,0,0,130,131,0,0,0,0,0,0,0,0,0,0,0,0,0,0,0,0,0,0,0,0,0,0,0,0,0,0,0,0,0,0,132,133,0,0,0,0,118,119,0,0,0,0,0,0,0,0,0,0,0,0,0,0,0,0,0,0,0,0,0,0,0,0,0,0,0,0,0,0,122,123,0,0,0,0,118,119,0,0,0,0,0,0,0,0,0,0,0,0,0,0,0,0,130,131,0,0,0,0,0,0,0,0,0,0,0,0,0,0,0,0,0,0,0,0,130,131,118,119,0,0,0,0,0,0,0,0,0,0,0,0,0,0,0,0,0,0,0,0,0,0,0,0,0,0,0,0,108,109,92,93,0,0,0,0,0,0,0,0,0,0,0,0,0,0,0,0,88,89,0,0,0,0,0,0,0,0,0,0,108,109,96,97,0,0,0,0,0,0,0,0,100,101,0,0,0,0,0,0,88,89,118,119,0,0,0,0,0,0,0,0,130,131,118,119,0,0,0,0,0,0,130,131,100,101,0,0,0,0
0,0,0,0,0,0,0,0,0,0,0,0,0,0,0,0,0,0,0,0,0,0,0,0,0,0,642,643,0,0,0,0,0,0,0,0,0,0,0,0,0,0,0,0,0,0,0,0,0,0,0,0,0,0,0,0,0,0,644,645,0,0,0,0,630,631,0,0,0,0,0,0,0,0,0,0,0,0,0,0,0,0,0,0,0,0,0,0,0,0,0,0,0,0,0,0,634,635,0,0,0,0,630,631,0,0,0,0,0,0,0,0,0,0,0,0,0,0,0,0,642,643,0,0,0,0,0,0,0,0,0,0,0,0,0,0,0,0,0,0,0,0,642,643,630,631,0,0,0,0,0,0,0,0,0,0,0,0,0,0,0,0,0,0,0,0,0,0,0,0,0,0,0,0,620,621,604,605,0,0,0,0,0,0,0,0,0,0,0,0,0,0,0,0,600,601,0,0,0,0,0,0,0,0,0,0,620,621,608,609,0,0,0,0,0,0,0,0,612,613,0,0,0,0,0,0,600,601,630,631,0,0,0,0,0,0,0,0,642,643,630,631,0,0,0,0,0,0,642,643,612,613,0,0,0,0
0,0,0,0,0,0,0,0,0,0,0,0,0,0,0,0,0,0,0,0,0,0,0,0,0,0,130,131,0,0,0,0,0,0,0,0,0,0,0,0,0,0,0,0,0,0,0,0,0,0,0,0,0,0,0,0,0,0,130,131,0,0,0,0,126,127,0,0,0,0,0,0,0,0,0,0,0,0,0,0,0,0,0,0,0,0,0,0,0,0,0,0,0,0,0,0,0,0,130,131,0,0,0,0,120,121,0,0,0,0,0,0,0,0,0,0,0,0,0,0,130,131,0,0,0,0,122,123,0,0,0,0,0,0,0,0,0,0,0,0,0,0,130,131,118,119,0,0,0,0,0,0,0,0,0,0,0,0,0,0,0,0,0,0,0,0,0,0,0,0,0,0,0,0,0,0,0,0,108,109,92,93,92,93,0,0,0,0,0,0,0,0,0,0,88,89,0,0,0,0,0,0,0,0,0,0,0,0,0,0,0,0,0,0,0,0,0,0,100,101,0,0,0,0,0,0,88,89,118,119,0,0,0,0,0,0,0,0,130,131,118,119,0,0,0,0,0,0,130,131,100,101,0,0,0,0
0,0,0,0,0,0,0,0,0,0,0,0,0,0,0,0,0,0,0,0,0,0,0,0,0,0,642,643,0,0,0,0,0,0,0,0,0,0,0,0,0,0,0,0,0,0,0,0,0,0,0,0,0,0,0,0,0,0,642,643,0,0,0,0,638,639,0,0,0,0,0,0,0,0,0,0,0,0,0,0,0,0,0,0,0,0,0,0,0,0,0,0,0,0,0,0,0,0,642,643,0,0,0,0,632,633,0,0,0,0,0,0,0,0,0,0,0,0,0,0,642,643,0,0,0,0,634,635,0,0,0,0,0,0,0,0,0,0,0,0,0,0,642,643,630,631,0,0,0,0,0,0,0,0,0,0,0,0,0,0,0,0,0,0,0,0,0,0,0,0,0,0,0,0,0,0,0,0,620,621,604,605,604,605,0,0,0,0,0,0,0,0,0,0,600,601,0,0,0,0,0,0,0,0,0,0,0,0,0,0,0,0,0,0,0,0,0,0,612,613,0,0,0,0,0,0,600,601,630,631,0,0,0,0,0,0,0,0,642,643,630,631,0,0,0,0,0,0,642,643,612,613,0,0,0,0
0,0,0,0,0,0,0,0,0,0,0,0,0,0,0,0,0,0,0,0,0,0,0,0,0,0,138,139,0,0,0,0,0,0,0,0,0,0,0,0,0,0,0,0,0,0,0,0,0,0,0,0,0,0,0,0,132,133,0,0,0,0,0,0,0,0,0,0,0,0,0,0,0,0,0,0,0,0,0,0,0,0,0,0,0,0,0,0,0,0,0,0,0,0,0,0,0,0,130,131,0,0,0,0,118,119,0,0,0,0,0,0,0,0,0,0,0,0,132,133,0,0,0,0,118,119,0,0,0,0,140,141,124,125,124,125,124,125,124,125,124,125,0,0,0,0,124,125,124,125,124,125,124,125,124,125,124,125,124,125,0,0,0,0,0,0,0,0,0,0,0,0,0,0,0,0,0,0,0,0,0,0,0,0,100,101,0,0,0,0,0,0,0,0,88,89,0,0,0,0,0,0,0,0,0,0,0,0,0,0,0,0,0,0,0,0,0,0,100,101,0,0,0,0,0,0,88,89,0,0,124,125,124,125,124,125,124,125,0,0,0,0,124,125,124,125,124,125,0,0,100,101,0,0,0,0
0,0,0,0,0,0,0,0,0,0,0,0,0,0,0,0,0,0,0,0,0,0,0,0,0,0,650,651,0,0,0,0,0,0,0,0,0,0,0,0,0,0,0,0,0,0,0,0,0,0,0,0,0,0,0,0,644,645,0,0,0,0,0,0,0,0,0,0,0,0,0,0,0,0,0,0,0,0,0,0,0,0,0,0,0,0,0,0,0,0,0,0,0,0,0,0,0,0,642,643,0,0,0,0,630,631,0,0,0,0,0,0,0,0,0,0,0,0,644,645,0,0,0,0,630,631,0,0,0,0,652,653,636,637,636,637,636,637,636,637,636,637,0,0,0,0,636,637,636,637,636,637,636,637,636,637,636,637,636,637,0,0,0,0,0,0,0,0,0,0,0,0,0,0,0,0,0,0,0,0,0,0,0,0,612,613,0,0,0,0,0,0,0,0,600,601,0,0,0,0,0,0,0,0,0,0,0,0,0,0,0,0,0,0,0,0,0,0,612,613,0,0,0,0,0,0,600,601,0,0,636,637,636,637,636,637,636,637,0,0,0,0,636,637,636,637,636,637,0,0,612,613,0,0,0,0
0,0,0,0,0,0,0,0,0,0,0,0,0,0,0,0,0,0,0,0,0,0,0,0,0,0,0,0,130,131,0,0,120,121,0,0,0,0,0,0,0,0,0,0,0,0,0,0,0,0,0,0,0,0,0,0,130,131,0,0,0,0,122,123,0,0,0,0,0,0,0,0,0,0,0,0,0,0,0,0,0,0,0,0,0,0,0,0,0,0,132,133,116,117,116,117,116,117,0,0,0,0,0,0,118,119,0,0,0,0,0,0,0,0,0,0,0,0,130,131,0,0,0,0,118,119,0,0,0,0,0,0,0,0,0,0,0,0,0,0,0,0,130,131,118,119,0,0,0,0,0,0,0,0,0,0,0,0,0,0,0,0,0,0,0,0,0,0,0,0,0,0,0,0,0,0,0,0,0,0,0,0,0,0,100,101,0,0,0,0,0,0,0,0,88,89,0,0,0,0,0,0,0,0,0,0,0,0,0,0,0,0,0,0,0,0,0,0,100,101,0,0,0,0,0,0,88,89,118,119,0,0,0,0,0,0,0,0,130,131,118,119,0,0,0,0,0,0,130,131,108,109,0,0,0,0
0,0,0,0,0,0,0,0,0,0,0,0,0,0,0,0,0,0,0,0,0,0,0,0,0,0,0,0,642,643,0,0,632,633,0,0,0,0,0,0,0,0,0,0,0,0,0,0,0,0,0,0,0,0,0,0,642,643,0,0,0,0,634,635,0,0,0,0,0,0,0,0,0,0,0,0,0,0,0,0,0,0,0,0,0,0,0,0,0,0,644,645,628,629,628,629,628,629,0,0,0,0,0,0,630,631,0,0,0,0,0,0,0,0,0,0,0,0,642,643,0,0,0,0,630,631,0,0,0,0,0,0,0,0,0,0,0,0,0,0,0,0,642,643,630,631,0,0,0,0,0,0,0,0,0,0,0,0,0,0,0,0,0,0,0,0,0,0,0,0,0,0,0,0,0,0,0,0,0,0,0,0,0,0,612,613,0,0,0,0,0,0,0,0,600,601,0,0,0,0,0,0,0,0,0,0,0,0,0,0,0,0,0,0,0,0,0,0,612,613,0,0,0,0,0,0,600,601,630,631,0,0,0,0,0,0,0,0,642,643,630,631,0,0,0,0,0,0,642,643,620,621,0,0,0,0
0,0,0,0,0,0,0,0,0,0,0,0,0,0,0,0,0,0,0,0,0,0,0,0,0,0,0,0,130,131,0,0,118,119,0,0,0,0,0,0,0,0,0,0,0,0,0,0,0,0,0,0,0,0,132,133,0,0,0,0,118,119,0,0,0,0,0,0,0,0,0,0,0,0,0,0,0,0,0,0,0,0,0,0,0,0,0,0,132,133,0,0,0,0,0,0,0,0,0,0,0,0,0,0,0,0,120,121,0,0,0,0,0,0,0,0,0,0,130,131,0,0,0,0,150,151,0,0,0,0,0,0,0,0,0,0,0,0,0,0,0,0,130,131,118,119,0,0,0,0,0,0,0,0,0,0,0,0,0,0,0,0,0,0,0,0,0,0,0,0,0,0,0,0,0,0,0,0,0,0,0,0,0,0,100,101,0,0,0,0,0,0,0,0,88,89,0,0,162,163,0,0,0,0,0,0,0,0,0,0,0,0,0,0,0,0,0,0,100,101,0,0,0,0,0,0,88,89,118,119,0,0,0,0,0,0,0,0,130,131,118,119,0,0,0,0,0,0,138,139,0,0,100,101,0,0
0,0,0,0,0,0,0,0,0,0,0,0,0,0,0,0,0,0,0,0,0,0,0,0,0,0,0,0,642,643,0,0,630,631,0,0,0,0,0,0,0,0,0,0,0,0,0,0,0,0,0,0,0,0,644,645,0,0,0,0,630,631,0,0,0,0,0,0,0,0,0,0,0,0,0,0,0,0,0,0,0,0,0,0,0,0,0,0,644,645,0,0,0,0,0,0,0,0,0,0,0,0,0,0,0,0,632,633,0,0,0,0,0,0,0,0,0,0,642,643,0,0,0,0,662,663,0,0,0,0,0,0,0,0,0,0,0,0,0,0,0,0,642,643,630,631,0,0,0,0,0,0,0,0,0,0,0,0,0,0,0,0,0,0,0,0,0,0,0,0,0,0,0,0,0,0,0,0,0,0,0,0,0,0,612,613,0,0,0,0,0,0,0,0,600,601,0,0,674,675,0,0,0,0,0,0,0,0,0,0,0,0,0,0,0,0,0,0,612,613,0,0,0,0,0,0,600,601,630,631,0,0,0,0,0,0,0,0,642,643,630,631,0,0,0,0,0,0,650,651,0,0,612,613,0,0
0,0,0,0,0,0,0,0,0,0,0,0,0,0,0,0,0,0,0,0,0,0,0,0,0,0,0,0,130,131,0,0,118,119,0,0,0,0,0,0,132,133,116,117,120,121,0,0,0,0,0,0,0,0,130,131,0,0,0,0,118,119,0,0,0,0,0,0,0,0,0,0,0,0,0,0,0,0,0,0,0,0,0,0,0,0,132,133,0,0,0,0,0,0,0,0,0,0,0,0,0,0,0,0,0,0,0,0,116,117,120,121,0,0,0,0,0,0,130,131,0,0,0,0,118,119,0,0,0,0,0,0,0,0,0,0,0,0,0,0,0,0,130,131,118,119,0,0,0,0,0,0,0,0,0,0,0,0,0,0,0,0,0,0,0,0,0,0,0,0,0,0,0,0,164,165,0,0,0,0,0,0,0,0,0,0,0,0,0,0,0,0,0,0,88,89,152,153,0,0,0,0,170,171,0,0,0,0,0,0,0,0,0,0,0,0,0,0,100,101,0,0,0,0,0,0,88,89,152,153,0,0,0,0,0,0,0,0,130,131,118,119,0,0,0,0,0,0,0,0,130,131,100,101,0,0
0,0,0,0,0,0,0,0,0,0,0,0,0,0,0,0,0,0,0,0,0,0,0,0,0,0,0,0,642,643,0,0,630,631,0,0,0,0,0,0,644,645,628,629,632,633,0,0,0,0,0,0,0,0,642,643,0,0,0,0,630,631,0,0,0,0,0,0,0,0,0,0,0,0,0,0,0,0,0,0,0,0,0,0,0,0,644,645,0,0,0,0,0,0,0,0,0,0,0,0,0,0,0,0,0,0,0,0,628,629,632,633,0,0,0,0,0,0,642,643,0,0,0,0,630,631,0,0,0,0,0,0,0,0,0,0,0,0,0,0,0,0,642,643,630,631,0,0,0,0,0,0,0,0,0,0,0,0,0,0,0,0,0,0,0,0,0,0,0,0,0,0,0,0,676,677,0,0,0,0,0,0,0,0,0,0,0,0,0,0,0,0,0,0,600,601,664,665,0,0,0,0,682,683,0,0,0,0,0,0,0,0,0,0,0,0,0,0,612,613,0,0,0,0,0,0,600,601,664,665,0,0,0,0,0,0,0,0,642,643,630,631,0,0,0,0,0,0,0,0,642,643,612,613,0,0
0,0,0,0,0,0,0,0,0,0,0,0,0,0,0,0,0,0,0,0,0,0,0,0,0,0,0,0,130,131,0,0,0,0,116,117,116,117,116,117,0,0,0,0,0,0,116,117,116,117,120,121,0,0,130,131,0,0,0,0,0,0,116,117,116,117,120,121,0,0,0,0,0,0,0,0,0,0,0,0,0,0,0,0,132,133,0,0,0,0,0,0,0,0,0,0,154,155,0,0,0,0,0,0,0,0,0,0,0,0,0,0,120,121,0,0,0,0,130,131,0,0,0,0,118,119,0,0,0,0,0,0,0,0,0,0,0,0,0,0,0,0,130,131,118,119,0,0,0,0,0,0,0,0,0,0,0,0,0,0,0,0,0,0,0,0,0,0,0,0,0,0,0,0,0,0,0,0,0,0,0,0,0,0,0,0,0,0,0,0,0,0,0,0,88,89,0,0,0,0,0,0,0,0,0,0,0,0,0,0,0,0,0,0,0,0,0,0,92,93,0,0,0,0,0,0,88,89,0,0,116,117,120,121,0,0,0,0,130,131,118,119,0,0,0,0,0,0,0,0,130,131,100,101,0,0
0,0,0,0,0,0,0,0,0,0,0,0,0,0,0,0,0,0,0,0,0,0,0,0,0,0,0,0,642,643,0,0,0,0,628,629,628,629,628,629,0,0,0,0,0,0,628,629,628,629,632,633,0,0,642,643,0,0,0,0,0,0,628,629,628,629,632,633,0,0,0,0,0,0,0,0,0,0,0,0,0,0,0,0,644,645,0,0,0,0,0,0,0,0,0,0,666,667,0,0,0,0,0,0,0,0,0,0,0,0,0,0,632,633,0,0,0,0,642,643,0,0,0,0,630,631,0,0,0,0,0,0,0,0,0,0,0,0,0,0,0,0,642,643,630,631,0,0,0,0,0,0,0,0,0,0,0,0,0,0,0,0,0,0,0,0,0,0,0,0,0,0,0,0,0,0,0,0,0,0,0,0,0,0,0,0,0,0,0,0,0,0,0,0,600,601,0,0,0,0,0,0,0,0,0,0,0,0,0,0,0,0,0,0,0,0,0,0,604,605,0,0,0,0,0,0,600,601,0,0,628,629,632,633,0,0,0,0,642,643,630,631,0,0,0,0,0,0,0,0,642,643,612,613,0,0
120,121,0,0,0,0,0,0,0,0,0,0,0,0,0,0,0,0,0,0,0,0,0,0,0,0,0,0,130,131,0,0,0,0,154,155,0,0,0,0,0,0,0,0,0,0,0,0,0,0,0,0,116,117,0,0,0,0,0,0,0,0,0,0,0,0,0,0,120,121,0,0,0,0,0,0,0,0,0,0,0,0,0,0,130,131,0,0,0,0,0,0,0,0,0,0,0,0,0,0,0,0,152,153,122,123,122,123,0,0,0,0,0,0,116,117,116,117,0,0,0,0,0,0,118,119,0,0,0,0,0,0,0,0,0,0,0,0,0,0,0,0,130,131,118,119,0,0,0,0,0,0,0,0,0,0,0,0,0,0,0,0,0,0,0,0,0,0,0,0,0,0,0,0,0,0,0,0,0,0,0,0,0,0,0,0,0,0,0,0,0,0,0,0,88,89,0,0,0,0,0,0,0,0,0,0,0,0,0,0,0,0,0,0,0,0,0,0,0,0,100,101,0,0,0,0,0,0,86,87,90,91,0,0,120,121,0,0,130,131,118,119,0,0,0,0,0,0,0,0,130,131,100,101,0,0
632,633,0,0,0,0,0,0,0,0,0,0,0,0,0,0,0,0,0,0,0,0,0,0,0,0,0,0,642,643,0,0,0,0,666,667,0,0,0,0,0,0,0,0,0,0,0,0,0,0,0,0,628,629,0,0,0,0,0,0,0,0,0,0,0,0,0,0,632,633,0,0,0,0,0,0,0,0,0,0,0,0,0,0,642,643,0,0,0,0,0,0,0,0,0,0,0,0,0,0,0,0,664,665,634,635,634,635,0,0,0,0,0,0,628,629,628,629,0,0,0,0,0,0,630,631,0,0,0,0,0,0,0,0,0,0,0,0,0,0,0,0,642,643,630,631,0,0,0,0,0,0,0,0,0,0,0,0,0,0,0,0,0,0,0,0,0,0,0,0,0,0,0,0,0,0,0,0,0,0,0,0,0,0,0,0,0,0,0,0,0,0,0,0,600,601,0,0,0,0,0,0,0,0,0,0,0,0,0,0,0,0,0,0,0,0,0,0,0,0,612,613,0,0,0,0,0,0,598,599,602,603,0,0,632,633,0,0,642,643,630,631,0,0,0,0,0,0,0,0,642,643,612,613,0,0
0,0,120,121,0,0,0,0,0,0,0,0,0,0,0,0,0,0,0,0,0,0,0,0,0,0,0,0,130,131,0,0,0,0,0,0,0,0,0,0,122,123,122,123,122,123,0,0,0,0,0,0,0,0,0,0,0,0,0,0,0,0,0,0,0,0,0,0,0,0,120,121,0,0,0,0,0,0,0,0,0,0,0,0,130,131,0,0,0,0,0,0,0,0,0,0,0,0,0,0,0,0,118,119,0,0,0,0,138,139,122,123,0,0,0,0,0,0,0,0,0,0,0,0,118,119,0,0,0,0,0,0,0,0,0,0,0,0,0,0,0,0,130,131,118,119,0,0,0,0,0,0,0,0,0,0,132,133,116,117,0,0,0,0,0,0,0,0,0,0,0,0,0,0,0,0,0,0,0,0,0,0,0,0,0,0,0,0,0,0,0,0,0,0,0,0,86,87,0,0,0,0,0,0,0,0,0,0,0,0,0,0,0,0,0,0,0,0,0,0,100,101,0,0,0,0,0,0,0,0,0,0,90,91,0,0,116,117,0,0,118,119,0,0,0,0,0,0,0,0,130,131,100,101,0,0
0,0,632,633,0,0,0,0,0,0,0,0,0,0,0,0,0,0,0,0,0,0,0,0,0,0,0,0,642,643,0,0,0,0,0,0,0,0,0,0,634,635,634,635,634,635,0,0,0,0,0,0,0,0,0,0,0,0,0,0,0,0,0,0,0,0,0,0,0,0,632,633,0,0,0,0,0,0,0,0,0,0,0,0,642,643,0,0,0,0,0,0,0,0,0,0,0,0,0,0,0,0,630,631,0,0,0,0,650,651,634,635,0,0,0,0,0,0,0,0,0,0,0,0,630,631,0,0,0,0,0,0,0,0,0,0,0,0,0,0,0,0,642,643,630,631,0,0,0,0,0,0,0,0,0,0,644,645,628,629,0,0,0,0,0,0,0,0,0,0,0,0,0,0,0,0,0,0,0,0,0,0,0,0,0,0,0,0,0,0,0,0,0,0,0,0,598,599,0,0,0,0,0,0,0,0,0,0,0,0,0,0,0,0,0,0,0,0,0,0,612,613,0,0,0,0,0,0,0,0,0,0,602,603,0,0,628,629,0,0,630,631,0,0,0,0,0,0,0,0,642,643,612,613,0,0
0,0,0,0,116,117,120,121,0,0,0,0,0,0,0,0,0,0,0,0,0,0,0,0,0,0,132,133,0,0,0,0,0,0,0,0,0,0,118,119,0,0,0,0,0,0,130,131,0,0,0,0,0,0,0,0,0,0,0,0,0,0,0,0,0,0,0,0,0,0,0,0,120,121,0,0,0,0,0,0,0,0,0,0,130,131,0,0,0,0,0,0,0,0,0,0,0,0,0,0,0,0,118,119,0,0,0,0,0,0,0,0,130,131,0,0,0,0,0,0,0,0,0,0,0,0,116,117,0,0,136,137,0,0,0,0,0,0,0,0,0,0,130,131,118,119,0,0,0,0,0,0,0,0,132,133,0,0,102,103,86,87,86,87,86,87,86,87,0,0,0,0,170,171,0,0,156,157,0,0,0,0,0,0,0,0,0,0,160,161,0,0,0,0,0,0,0,0,0,0,0,0,0,0,0,0,88,89,0,0,0,0,0,0,0,0,0,0,0,0,100,101,0,0,0,0,0,0,0,0,0,0,0,0,90,91,0,0,0,0,118,119,0,0,132,133,116,117,116,117,0,0,100,101,0,0
0,0,0,0,628,629,632,633,0,0,0,0,0,0,0,0,0,0,0,0,0,0,0,0,0,0,644,645,0,0,0,0,0,0,0,0,0,0,630,631,0,0,0,0,0,0,642,643,0,0,0,0,0,0,0,0,0,0,0,0,0,0,0,0,0,0,0,0,0,0,0,0,632,633,0,0,0,0,0,0,0,0,0,0,642,643,0,0,0,0,0,0,0,0,0,0,0,0,0,0,0,0,630,631,0,0,0,0,0,0,0,0,642,643,0,0,0,0,0,0,0,0,0,0,0,0,628,629,0,0,648,649,0,0,0,0,0,0,0,0,0,0,642,643,630,631,0,0,0,0,0,0,0,0,644,645,0,0,614,615,598,599,598,599,598,599,598,599,0,0,0,0,682,683,0,0,668,669,0,0,0,0,0,0,0,0,0,0,672,673,0,0,0,0,0,0,0,0,0,0,0,0,0,0,0,0,600,601,0,0,0,0,0,0,0,0,0,0,0,0,612,613,0,0,0,0,0,0,0,0,0,0,0,0,602,603,0,0,0,0,630,631,0,0,644,645,628,629,628,629,0,0,612,613,0,0
0,0,0,0,0,0,0,0,0,0,0,0,118,119,0,0,0,0,0,0,0,0,130,131,0,0,0,0,0,0,0,0,126,127,0,0,0,0,0,0,0,0,0,0,0,0,0,0,0,0,0,0,138,139,0,0,0,0,0,0,0,0,0,0,0,0,0,0,0,0,0,0,118,119,0,0,0,0,0,0,0,0,0,0,0,0,138,139,0,0,0,0,0,0,0,0,0,0,0,0,126,127,0,0,0,0,0,0,0,0,0,0,0,0,138,139,122,123,0,0,0,0,0,0,0,0,0,0,90,91,0,0,0,0,0,0,0,0,0,0,0,0,0,0,0,0,0,0,0,0,0,0,0,0,0,0,102,103,0,0,0,0,0,0,0,0,0,0,0,0,0,0,0,0,0,0,0,0,0,0,0,0,0,0,0,0,0,0,0,0,0,0,0,0,0,0,0,0,0,0,0,0,0,0,0,0,0,0,86,87,86,87,86,87,90,91,0,0,102,103,0,0,0,0,0,0,0,0,0,0,0,0,0,0,0,0,90,91,0,0,0,0,0,0,0,0,102,103,86,87,86,87,0,0,0,0
0,0,0,0,0,0,0,0,0,0,0,0,630,631,0,0,0,0,0,0,0,0,642,643,0,0,0,0,0,0,0,0,638,639,0,0,0,0,0,0,0,0,0,0,0,0,0,0,0,0,0,0,650,651,0,0,0,0,0,0,0,0,0,0,0,0,0,0,0,0,0,0,630,631,0,0,0,0,0,0,0,0,0,0,0,0,650,651,0,0,0,0,0,0,0,0,0,0,0,0,638,639,0,0,0,0,0,0,0,0,0,0,0,0,650,651,634,635,0,0,0,0,0,0,0,0,0,0,602,603,0,0,0,0,0,0,0,0,0,0,0,0,0,0,0,0,0,0,0,0,0,0,0,0,0,0,614,615,0,0,0,0,0,0,0,0,0,0,0,0,0,0,0,0,0,0,0,0,0,0,0,0,0,0,0,0,0,0,0,0,0,0,0,0,0,0,0,0,0,0,0,0,0,0,0,0,0,0,598,599,598,599,598,599,602,603,0,0,614,615,0,0,0,0,0,0,0,0,0,0,0,0,0,0,0,0,602,603,0,0,0,0,0,0,0,0,614,615,598,599,598,599,0,0,0,0
0,0,0,0,0,0,0,0,0,0,0,0,0,0,116,117,148,149,116,117,116,117,0,0,0,0,0,0,0,0,122,123,0,0,0,0,0,0,0,0,0,0,0,0,0,0,0,0,0,0,0,0,0,0,130,131,0,0,0,0,0,0,0,0,0,0,0,0,0,0,0,0,118,119,0,0,0,0,0,0,0,0,0,0,0,0,0,0,138,139,0,0,0,0,0,0,0,0,126,127,0,0,0,0,0,0,0,0,0,0,0,0,0,0,0,0,0,0,138,139,0,0,0,0,0,0,0,0,0,0,86,87,90,91,0,0,0,0,0,0,0,0,0,0,0,0,0,0,102,103,86,87,86,87,86,87,0,0,0,0,0,0,0,0,0,0,0,0,0,0,0,0,0,0,0,0,0,0,0,0,0,0,0,0,0,0,0,0,0,0,0,0,0,0,0,0,92,93,92,93,92,93,0,0,0,0,0,0,0,0,0,0,0,0,0,0,86,87,0,0,0,0,0,0,0,0,0,0,0,0,0,0,0,0,0,0,0,0,86,87,86,87,86,87,86,87,0,0,0,0,0,0,0,0,0,0
0,0,0,0,0,0,0,0,0,0,0,0,0,0,628,629,660,661,628,629,628,629,0,0,0,0,0,0,0,0,634,635,0,0,0,0,0,0,0,0,0,0,0,0,0,0,0,0,0,0,0,0,0,0,642,643,0,0,0,0,0,0,0,0,0,0,0,0,0,0,0,0,630,631,0,0,0,0,0,0,0,0,0,0,0,0,0,0,650,651,0,0,0,0,0,0,0,0,638,639,0,0,0,0,0,0,0,0,0,0,0,0,0,0,0,0,0,0,650,651,0,0,0,0,0,0,0,0,0,0,598,599,602,603,0,0,0,0,0,0,0,0,0,0,0,0,0,0,614,615,598,599,598,599,598,599,0,0,0,0,0,0,0,0,0,0,0,0,0,0,0,0,0,0,0,0,0,0,0,0,0,0,0,0,0,0,0,0,0,0,0,0,0,0,0,0,604,605,604,605,604,605,0,0,0,0,0,0,0,0,0,0,0,0,0,0,598,599,0,0,0,0,0,0,0,0,0,0,0,0,0,0,0,0,0,0,0,0,598,599,598,599,598,599,598,599,0,0,0,0,0,0,0,0,0,0
0,0,0,0,0,0,122,123,0,0,0,0,0,0,0,0,0,0,0,0,0,0,158,159,0,0,0,0,118,119,0,0,0,0,0,0,0,0,0,0,0,0,0,0,0,0,0,0,0,0,0,0,0,0,138,139,0,0,0,0,0,0,0,0,0,0,0,0,0,0,0,0,126,127,0,0,0,0,0,0,0,0,0,0,0,0,0,0,0,0,138,139,122,123,122,123,168,169,0,0,0,0,0,0,0,0,0,0,0,0,0,0,0,0,0,0,0,0,0,0,138,139,0,0,0,0,0,0,0,0,0,0,0,0,86,87,86,87,86,87,86,87,86,87,86,87,86,87,0,0,0,0,0,0,0,0,0,0,0,0,0,0,0,0,0,0,0,0,0,0,0,0,0,0,0,0,0,0,0,0,0,0,92,93,92,93,92,93,0,0,0,0,0,0,88,89,0,0,0,0,0,0,108,109,92,93,92,93,0,0,0,0,0,0,0,0,0,0,0,0,0,0,0,0,0,0,0,0,0,0,0,0,0,0,0,0,0,0,0,0,0,0,0,0,0,0,0,0,0,0,0,0,0,0,0,0
0,0,0,0,0,0,634,635,0,0,0,0,0,0,0,0,0,0,0,0,0,0,670,671,0,0,0,0,630,631,0,0,0,0,0,0,0,0,0,0,0,0,0,0,0,0,0,0,0,0,0,0,0,0,650,651,0,0,0,0,0,0,0,0,0,0,0,0,0,0,0,0,638,639,0,0,0,0,0,0,0,0,0,0,0,0,0,0,0,0,650,651,634,635,634,635,680,681,0,0,0,0,0,0,0,0,0,0,0,0,0,0,0,0,0,0,0,0,0,0,650,651,0,0,0,0,0,0,0,0,0,0,0,0,598,599,598,599,598,599,598,599,598,599,598,599,598,599,0,0,0,0,0,0,0,0,0,0,0,0,0,0,0,0,0,0,0,0,0,0,0,0,0,0,0,0,0,0,0,0,0,0,604,605,604,605,604,605,0,0,0,0,0,0,600,601,0,0,0,0,0,0,620,621,604,605,604,605,0,0,0,0,0,0,0,0,0,0,0,0,0,0,0,0,0,0,0,0,0,0,0,0,0,0,0,0,0,0,0,0,0,0,0,0,0,0,0,0,0,0,0,0,0,0,0,0
122,123,0,0,118,119,0,0,138,139,122,123,122,123,0,0,168,169,0,0,0,0,0,0,0,0,0,0,118,119,0,0,0,0,0,0,0,0,0,0,0,0,0,0,0,0,0,0,0,0,0,0,0,0,0,0,138,139,0,0,0,0,0,0,0,0,0,0,0,0,126,127,0,0,0,0,0,0,0,0,0,0,0,0,0,0,0,0,0,0,0,0,0,0,0,0,0,0,0,0,0,0,0,0,0,0,0,0,0,0,0,0,0,0,0,0,0,0,0,0,0,0,130,131,0,0,0,0,0,0,0,0,0,0,0,0,0,0,0,0,0,0,0,0,0,0,0,0,0,0,0,0,0,0,0,0,0,0,0,0,0,0,0,0,0,0,0,0,92,93,92,93,92,93,92,93,92,93,92,93,96,97,0,0,152,153,0,0,100,101,164,165,0,0,0,0,90,91,0,0,122,123,122,123,122,123,0,0,108,109,92,93,92,93,92,93,0,0,92,93,92,93,0,0,0,0,0,0,0,0,0,0,0,0,0,0,0,0,0,0,0,0,0,0,0,0,0,0,0,0,0,0,0,0,0,0
634,635,0,0,630,631,0,0,650,651,634,635,634,635,0,0,680,681,0,0,0,0,0,0,0,0,0,0,630,631,0,0,0,0,0,0,0,0,0,0,0,0,0,0,0,0,0,0,0,0,0,0,0,0,0,0,650,651,0,0,0,0,0,0,0,0,0,0,0,0,638,639,0,0,0,0,0,0,0,0,0,0,0,0,0,0,0,0,0,0,0,0,0,0,0,0,0,0,0,0,0,0,0,0,0,0,0,0,0,0,0,0,0,0,0,0,0,0,0,0,0,0,642,643,0,0,0,0,0,0,0,0,0,0,0,0,0,0,0,0,0,0,0,0,0,0,0,0,0,0,0,0,0,0,0,0,0,0,0,0,0,0,0,0,0,0,0,0,604,605,604,605,604,605,604,605,604,605,604,605,608,609,0,0,664,665,0,0,612,613,676,677,0,0,0,0,602,603,0,0,634,635,634,635,634,635,0,0,620,621,604,605,604,605,604,605,0,0,604,605,604,605,0,0,0,0,0,0,0,0,0,0,0,0,0,0,0,0,0,0,0,0,0,0,0,0,0,0,0,0,0,0,0,0,0,0
0,0,130,131,0,0,120,121,0,0,0,0,0,0,138,139,122,123,122,123,0,0,0,0,0,0,0,0,126,127,0,0,0,0,0,0,0,0,0,0,0,0,0,0,0,0,0,0,0,0,0,0,0,0,0,0,0,0,138,139,0,0,0,0,0,0,0,0,126,127,0,0,0,0,0,0,0,0,0,0,0,0,0,0,0,0,0,0,0,0,0,0,0,0,0,0,0,0,0,0,0,0,0,0,0,0,0,0,0,0,0,0,0,0,0,0,0,0,0,0,0,0,130,131,0,0,0,0,0,0,0,0,0,0,0,0,0,0,0,0,0,0,0,0,0,0,148,149,0,0,0,0,0,0,0,0,0,0,158,159,0,0,0,0,0,0,96,97,0,0,0,0,0,0,0,0,0,0,0,0,0,0,0,0,0,0,162,163,100,101,0,0,0,0,0,0,88,89,118,119,0,0,0,0,0,0,130,131,0,0,154,155,122,123,0,0,112,113,0,0,0,0,100,101,0,0,0,0,0,0,0,0,0,0,0,0,170,171,0,0,0,0,0,0,0,0,0,0,0,0,0,0,92,93,0,0
0,0,642,643,0,0,632,633,0,0,0,0,0,0,650,651,634,635,634,635,0,0,0,0,0,0,0,0,638,639,0,0,0,0,0,0,0,0,0,0,0,0,0,0,0,0,0,0,0,0,0,0,0,0,0,0,0,0,650,651,0,0,0,0,0,0,0,0,638,639,0,0,0,0,0,0,0,0,0,0,0,0,0,0,0,0,0,0,0,0,0,0,0,0,0,0,0,0,0,0,0,0,0,0,0,0,0,0,0,0,0,0,0,0,0,0,0,0,0,0,0,0,642,643,0,0,0,0,0,0,0,0,0,0,0,0,0,0,0,0,0,0,0,0,0,0,660,661,0,0,0,0,0,0,0,0,0,0,670,671,0,0,0,0,0,0,608,609,0,0,0,0,0,0,0,0,0,0,0,0,0,0,0,0,0,0,674,675,612,613,0,0,0,0,0,0,600,601,630,631,0,0,0,0,0,0,642,643,0,0,666,667,634,635,0,0,624,625,0,0,0,0,612,613,0,0,0,0,0,0,0,0,0,0,0,0,682,683,0,0,0,0,0,0,0,0,0,0,0,0,0,0,604,605,0,0
0,0,130,131,168,169,118,119,0,0,0,0,0,0,0,0,0,0,0,0,130,131,0,0,0,0,118,119,0,0,0,0,0,0,0,0,0,0,0,0,0,0,0,0,0,0,0,0,0,0,0,0,0,0,0,0,0,0,0,0,138,139,122,123,122,123,126,127,0,0,0,0,0,0,0,0,0,0,0,0,0,0,0,0,0,0,0,0,0,0,0,0,0,0,0,0,0,0,0,0,0,0,0,0,0,0,0,0,0,0,0,0,0,0,0,0,0,0,0,0,0,0,130,131,0,0,0,0,92,93,92,93,92,93,0,0,0,0,0,0,0,0,0,0,0,0,0,0,92,93,92,93,92,93,92,93,92,93,0,0,0,0,0,0,88,89,0,0,0,0,0,0,0,0,0,0,0,0,0,0,0,0,0,0,0,0,0,0,100,101,0,0,0,0,0,0,88,89,118,119,0,0,0,0,0,0,130,131,118,119,0,0,0,0,138,139,122,123,122,123,0,0,100,101,0,0,0,0,0,0,0,0,0,0,0,0,0,0,0,0,0,0,0,0,0,0,0,0,0,0,96,97,0,0,100,101
0,0,642,643,680,681,630,631,0,0,0,0,0,0,0,0,0,0,0,0,642,643,0,0,0,0,630,631,0,0,0,0,0,0,0,0,0,0,0,0,0,0,0,0,0,0,0,0,0,0,0,0,0,0,0,0,0,0,0,0,650,651,634,635,634,635,638,639,0,0,0,0,0,0,0,0,0,0,0,0,0,0,0,0,0,0,0,0,0,0,0,0,0,0,0,0,0,0,0,0,0,0,0,0,0,0,0,0,0,0,0,0,0,0,0,0,0,0,0,0,0,0,642,643,0,0,0,0,604,605,604,605,604,605,0,0,0,0,0,0,0,0,0,0,0,0,0,0,604,605,604,605,604,605,604,605,604,605,0,0,0,0,0,0,600,601,0,0,0,0,0,0,0,0,0,0,0,0,0,0,0,0,0,0,0,0,0,0,612,613,0,0,0,0,0,0,600,601,630,631,0,0,0,0,0,0,642,643,630,631,0,0,0,0,650,651,634,635,634,635,0,0,612,613,0,0,0,0,0,0,0,0,0,0,0,0,0,0,0,0,0,0,0,0,0,0,0,0,0,0,608,609,0,0,612,613
0,0,130,131,0,0,118,119,0,0,0,0,0,0,132,133,120,121,0,0,170,171,0,0,0,0,118,119,0,0,0,0,0,0,0,0,0,0,0,0,0,0,0,0,0,0,0,0,0,0,0,0,0,0,0,0,0,0,0,0,0,0,0,0,0,0,0,0,0,0,0,0,0,0,0,0,0,0,0,0,0,0,0,0,0,0,0,0,0,0,0,0,0,0,0,0,0,0,0,0,0,0,0,0,0,0,0,0,0,0,0,0,0,0,0,0,0,0,0,0,0,0,130,131,0,0,0,0,0,0,138,139,0,0,108,109,92,93,92,93,92,93,92,93,92,93,96,97,0,0,122,123,122,123,122,123,0,0,100,101,0,0,0,0,88,89,0,0,0,0,0,0,0,0,0,0,0,0,0,0,0,0,0,0,0,0,0,0,100,101,0,0,0,0,0,0,88,89,118,119,0,0,0,0,0,0,130,131,118,119,0,0,0,0,0,0,0,0,0,0,130,131,100,101,0,0,0,0,0,0,0,0,0,0,0,0,170,171,0,0,0,0,0,0,0,0,0,0,88,89,0,0,0,0,100,101
0,0,642,643,0,0,630,631,0,0,0,0,0,0,644,645,632,633,0,0,682,683,0,0,0,0,630,631,0,0,0,0,0,0,0,0,0,0,0,0,0,0,0,0,0,0,0,0,0,0,0,0,0,0,0,0,0,0,0,0,0,0,0,0,0,0,0,0,0,0,0,0,0,0,0,0,0,0,0,0,0,0,0,0,0,0,0,0,0,0,0,0,0,0,0,0,0,0,0,0,0,0,0,0,0,0,0,0,0,0,0,0,0,0,0,0,0,0,0,0,0,0,642,643,0,0,0,0,0,0,650,651,0,0,620,621,604,605,604,605,604,605,604,605,604,605,608,609,0,0,634,635,634,635,634,635,0,0,612,613,0,0,0,0,600,601,0,0,0,0,0,0,0,0,0,0,0,0,0,0,0,0,0,0,0,0,0,0,612,613,0,0,0,0,0,0,600,601,630,631,0,0,0,0,0,0,642,643,630,631,0,0,0,0,0,0,0,0,0,0,642,643,612,613,0,0,0,0,0,0,0,0,0,0,0,0,682,683,0,0,0,0,0,0,0,0,0,0,600,601,0,0,0,0,612,613
0,0,130,131,0,0,118,119,0,0,0,0,0,0,130,131,118,119,0,0,138,139,0,0,0,0,118,119,0,0,0,0,0,0,0,0,0,0,0,0,0,0,0,0,0,0,0,0,0,0,0,0,0,0,0,0,0,0,0,0,0,0,0,0,0,0,0,0,0,0,0,0,0,0,0,0,0,0,0,0,0,0,0,0,0,0,0,0,0,0,0,0,0,0,0,0,0,0,0,0,0,0,0,0,0,0,0,0,0,0,0,0,0,0,0,0,0,0,0,0,0,0,130,131,0,0,0,0,0,0,0,0,138,139,122,123,122,123,122,123,122,123,122,123,122,123,122,123,126,127,0,0,0,0,0,0,130,131,100,101,0,0,0,0,88,89,0,0,0,0,0,0,0,0,0,0,0,0,0,0,0,0,0,0,0,0,0,0,100,101,0,0,0,0,0,0,88,89,118,119,0,0,0,0,0,0,130,131,118,119,0,0,0,0,0,0,0,0,0,0,130,131,108,109,0,0,0,0,0,0,0,0,0,0,0,0,0,0,0,0,0,0,0,0,0,0,0,0,88,89,0,0,0,0,100,101
0,0,642,643,0,0,630,631,0,0,0,0,0,0,642,643,630,631,0,0,650,651,0,0,0,0,630,631,0,0,0,0,0,0,0,0,0,0,0,0,0,0,0,0,0,0,0,0,0,0,0,0,0,0,0,0,0,0,0,0,0,0,0,0,0,0,0,0,0,0,0,0,0,0,0,0,0,0,0,0,0,0,0,0,0,0,0,0,0,0,0,0,0,0,0,0,0,0,0,0,0,0,0,0,0,0,0,0,0,0,0,0,0,0,0,0,0,0,0,0,0,0,642,643,0,0,0,0,0,0,0,0,650,651,634,635,634,635,634,635,634,635,634,635,634,635,634,635,638,639,0,0,0,0,0,0,642,643,612,613,0,0,0,0,600,601,0,0,0,0,0,0,0,0,0,0,0,0,0,0,0,0,0,0,0,0,0,0,612,613,0,0,0,0,0,0,600,601,630,631,0,0,0,0,0,0,642,643,630,631,0,0,0,0,0,0,0,0,0,0,642,643,620,621,0,0,0,0,0,0,0,0,0,0,0,0,0,0,0,0,0,0,0,0,0,0,0,0,600,601,0,0,0,0,612,613
0,0,130,131,0,0,118,119,0,0,140,141,124,125,0,0,118,119,0,0,0,0,130,131,0,0,0,0,120,121,0,0,0,0,0,0,0,0,0,0,0,0,0,0,0,0,0,0,0,0,0,0,0,0,0,0,0,0,0,0,0,0,0,0,0,0,0,0,0,0,0,0,0,0,0,0,0,0,0,0,0,0,0,0,0,0,0,0,0,0,0,0,0,0,0,0,0,0,0,0,0,0,0,0,0,0,0,0,0,0,0,0,0,0,0,0,0,0,0,0,0,0,130,131,0,0,0,0,0,0,0,0,0,0,0,0,0,0,0,0,0,0,0,0,0,0,0,0,0,0,0,0,0,0,0,0,130,131,100,101,0,0,0,0,88,89,0,0,0,0,0,0,0,0,0,0,0,0,0,0,0,0,0,0,0,0,0,0,100,101,0,0,0,0,0,0,88,89,0,0,124,125,124,125,124,125,0,0,0,0,124,125,124,125,124,125,124,125,124,125,122,123,0,0,100,101,0,0,0,0,0,0,0,0,0,0,0,0,0,0,0,0,0,0,0,0,0,0,88,89,0,0,0,0,100,101
0,0,642,643,0,0,630,631,0,0,652,653,636,637,0,0,630,631,0,0,0,0,642,643,0,0,0,0,632,633,0,0,0,0,0,0,0,0,0,0,0,0,0,0,0,0,0,0,0,0,0,0,0,0,0,0,0,0,0,0,0,0,0,0,0,0,0,0,0,0,0,0,0,0,0,0,0,0,0,0,0,0,0,0,0,0,0,0,0,0,0,0,0,0,0,0,0,0,0,0,0,0,0,0,0,0,0,0,0,0,0,0,0,0,0,0,0,0,0,0,0,0,642,643,0,0,0,0,0,0,0,0,0,0,0,0,0,0,0,0,0,0,0,0,0,0,0,0,0,0,0,0,0,0,0,0,642,643,612,613,0,0,0,0,600,601,0,0,0,0,0,0,0,0,0,0,0,0,0,0,0,0,0,0,0,0,0,0,612,613,0,0,0,0,0,0,600,601,0,0,636,637,636,637,636,637,0,0,0,0,636,637,636,637,636,637,636,637,636,637,634,635,0,0,612,613,0,0,0,0,0,0,0,0,0,0,0,0,0,0,0,0,0,0,0,0,0,0,600,601,0,0,0,0,612,613
0,0,130,131,0,0,118,119,0,0,0,0,0,0,130,131,118,119,0,0,0,0,130,131,0,0,0,0,118,119,0,0,0,0,0,0,0,0,0,0,0,0,0,0,0,0,0,0,0,0,0,0,0,0,0,0,0,0,0,0,0,0,0,0,0,0,0,0,0,0,0,0,0,0,0,0,0,0,0,0,0,0,0,0,0,0,0,0,0,0,0,0,0,0,0,0,0,0,0,0,0,0,0,0,0,0,0,0,0,0,0,0,0,0,0,0,0,0,0,0,0,0,138,139,0,0,0,0,0,0,0,0,0,0,0,0,0,0,0,0,0,0,0,0,0,0,0,0,0,0,0,0,0,0,0,0,0,0,108,109,0,0,0,0,0,0,152,153,0,0,0,0,150,151,0,0,0,0,0,0,0,0,0,0,0,0,0,0,100,101,0,0,0,0,0,0,88,89,118,119,0,0,0,0,0,0,130,131,118,119,0,0,0,0,0,0,0,0,0,0,0,0,130,131,100,101,0,0,0,0,0,0,0,0,0,0,0,0,0,0,0,0,0,0,0,0,0,0,96,97,0,0,0,0,100,101
0,0,642,643,0,0,630,631,0,0,0,0,0,0,642,643,630,631,0,0,0,0,642,643,0,0,0,0,630,631,0,0,0,0,0,0,0,0,0,0,0,0,0,0,0,0,0,0,0,0,0,0,0,0,0,0,0,0,0,0,0,0,0,0,0,0,0,0,0,0,0,0,0,0,0,0,0,0,0,0,0,0,0,0,0,0,0,0,0,0,0,0,0,0,0,0,0,0,0,0,0,0,0,0,0,0,0,0,0,0,0,0,0,0,0,0,0,0,0,0,0,0,650,651,0,0,0,0,0,0,0,0,0,0,0,0,0,0,0,0,0,0,0,0,0,0,0,0,0,0,0,0,0,0,0,0,0,0,620,621,0,0,0,0,0,0,664,665,0,0,0,0,662,663,0,0,0,0,0,0,0,0,0,0,0,0,0,0,612,613,0,0,0,0,0,0,600,601,630,631,0,0,0,0,0,0,642,643,630,631,0,0,0,0,0,0,0,0,0,0,0,0,642,643,612,613,0,0,0,0,0,0,0,0,0,0,0,0,0,0,0,0,0,0,0,0,0,0,608,609,0,0,0,0,612,613
0,0,130,131,0,0,126,127,0,0,0,0,0,0,130,131,118,119,0,0,0,0,130,131,0,0,0,0,118,119,0,0,0,0,0,0,0,0,0,0,0,0,0,0,0,0,0,0,0,0,0,0,0,0,0,0,0,0,0,0,0,0,0,0,0,0,0,0,0,0,0,0,0,0,0,0,0,0,0,0,0,0,0,0,0,0,0,0,0,0,0,0,0,0,0,0,0,0,0,0,0,0,0,0,0,0,0,0,0,0,0,0,0,0,0,0,0,0,0,0,0,0,0,0,130,131,0,0,120,121,0,0,0,0,0,0,0,0,0,0,0,0,0,0,0,0,0,0,0,0,0,0,0,0,0,0,122,123,0,0,100,101,0,0,0,0,0,0,0,0,0,0,0,0,0,0,0,0,0,0,0,0,0,0,0,0,0,0,0,0,0,0,0,0,0,0,96,97,118,119,0,0,0,0,0,0,130,131,118,119,0,0,0,0,0,0,0,0,0,0,0,0,130,131,100,101,0,0,0,0,150,151,0,0,166,167,0,0,0,0,0,0,0,0,0,0,96,97,0,0,0,0,0,0,100,101
0,0,642,643,0,0,638,639,0,0,0,0,0,0,642,643,630,631,0,0,0,0,642,643,0,0,0,0,630,631,0,0,0,0,0,0,0,0,0,0,0,0,0,0,0,0,0,0,0,0,0,0,0,0,0,0,0,0,0,0,0,0,0,0,0,0,0,0,0,0,0,0,0,0,0,0,0,0,0,0,0,0,0,0,0,0,0,0,0,0,0,0,0,0,0,0,0,0,0,0,0,0,0,0,0,0,0,0,0,0,0,0,0,0,0,0,0,0,0,0,0,0,0,0,642,643,0,0,632,633,0,0,0,0,0,0,0,0,0,0,0,0,0,0,0,0,0,0,0,0,0,0,0,0,0,0,634,635,0,0,612,613,0,0,0,0,0,0,0,0,0,0,0,0,0,0,0,0,0,0,0,0,0,0,0,0,0,0,0,0,0,0,0,0,0,0,608,609,630,631,0,0,0,0,0,0,642,643,630,631,0,0,0,0,0,0,0,0,0,0,0,0,642,643,612,613,0,0,0,0,662,663,0,0,678,679,0,0,0,0,0,0,0,0,0,0,608,609,0,0,0,0,0,0,612,613
116,117,0,0,118,119,0,0,0,0,0,0,0,0,130,131,118,119,0,0,0,0,138,139,0,0,0,0,118,119,0,0,0,0,0,0,0,0,0,0,0,0,0,0,0,0,0,0,0,0,0,0,0,0,0,0,0,0,0,0,0,0,0,0,0,0,0,0,0,0,0,0,0,0,0,0,0,0,0,0,0,0,0,0,0,0,0,0,0,0,0,0,0,0,0,0,0,0,0,0,0,0,0,0,0,0,0,0,0,0,0,0,0,0,0,0,0,0,0,0,0,0,0,0,130,131,0,0,118,119,0,0,0,0,0,0,0,0,0,0,0,0,0,0,0,0,0,0,0,0,0,0,0,0,0,0,0,0,130,131,100,101,0,0,0,0,0,0,0,0,0,0,0,0,0,0,0,0,0,0,0,0,0,0,0,0,0,0,0,0,0,0,0,0,88,89,0,0,118,119,0,0,0,0,0,0,130,131,118,119,0,0,0,0,0,0,0,0,0,0,0,0,130,131,100,101,0,0,0,0,0,0,0,0,92,93,92,93,148,149,0,0,92,93,96,97,0,0,0,0,0,0,0,0,100,101
628,629,0,0,630,631,0,0,0,0,0,0,0,0,642,643,630,631,0,0,0,0,650,651,0,0,0,0,630,631,0,0,0,0,0,0,0,0,0,0,0,0,0,0,0,0,0,0,0,0,0,0,0,0,0,0,0,0,0,0,0,0,0,0,0,0,0,0,0,0,0,0,0,0,0,0,0,0,0,0,0,0,0,0,0,0,0,0,0,0,0,0,0,0,0,0,0,0,0,0,0,0,0,0,0,0,0,0,0,0,0,0,0,0,0,0,0,0,0,0,0,0,0,0,642,643,0,0,630,631,0,0,0,0,0,0,0,0,0,0,0,0,0,0,0,0,0,0,0,0,0,0,0,0,0,0,0,0,642,643,612,613,0,0,0,0,0,0,0,0,0,0,0,0,0,0,0,0,0,0,0,0,0,0,0,0,0,0,0,0,0,0,0,0,600,601,0,0,630,631,0,0,0,0,0,0,642,643,630,631,0,0,0,0,0,0,0,0,0,0,0,0,642,643,612,613,0,0,0,0,0,0,0,0,604,605,604,605,660,661,0,0,604,605,608,609,0,0,0,0,0,0,0,0,612,613
0,0,0,0,118,119,0,0,0,0,0,0,0,0,130,131,118,119,0,0,0,0,0,0,130,131,0,0,0,0,116,117,0,0,0,0,0,0,0,0,0,0,0,0,0,0,0,0,0,0,0,0,0,0,0,0,0,0,0,0,0,0,0,0,0,0,0,0,0,0,0,0,0,0,0,0,0,0,0,0,0,0,0,0,0,0,0,0,0,0,0,0,0,0,0,0,0,0,0,0,0,0,0,0,0,0,0,0,0,0,0,0,0,0,0,0,0,0,0,0,0,0,0,0,130,131,0,0,118,119,0,0,0,0,0,0,0,0,0,0,0,0,0,0,0,0,0,0,0,0,0,0,0,0,0,0,0,0,130,131,100,101,0,0,0,0,0,0,0,0,0,0,0,0,0,0,0,0,0,0,0,0,0,0,0,0,0,0,0,0,0,0,0,0,88,89,0,0,118,119,0,0,0,0,0,0,130,131,118,119,0,0,0,0,0,0,0,0,0,0,0,0,130,131,100,101,0,0,0,0,168,169,88,89,0,0,0,0,108,109,96,97,0,0,0,0,0,0,0,0,0,0,102,103,0,0
0,0,0,0,630,631,0,0,0,0,0,0,0,0,642,643,630,631,0,0,0,0,0,0,642,643,0,0,0,0,628,629,0,0,0,0,0,0,0,0,0,0,0,0,0,0,0,0,0,0,0,0,0,0,0,0,0,0,0,0,0,0,0,0,0,0,0,0,0,0,0,0,0,0,0,0,0,0,0,0,0,0,0,0,0,0,0,0,0,0,0,0,0,0,0,0,0,0,0,0,0,0,0,0,0,0,0,0,0,0,0,0,0,0,0,0,0,0,0,0,0,0,0,0,642,643,0,0,630,631,0,0,0,0,0,0,0,0,0,0,0,0,0,0,0,0,0,0,0,0,0,0,0,0,0,0,0,0,642,643,612,613,0,0,0,0,0,0,0,0,0,0,0,0,0,0,0,0,0,0,0,0,0,0,0,0,0,0,0,0,0,0,0,0,600,601,0,0,630,631,0,0,0,0,0,0,642,643,630,631,0,0,0,0,0,0,0,0,0,0,0,0,642,643,612,613,0,0,0,0,680,681,600,601,0,0,0,0,620,621,608,609,0,0,0,0,0,0,0,0,0,0,614,615,0,0
0,0,0,0,126,127,0,0,0,0,0,0,0,0,130,131,118,119,0,0,0,0,0,0,130,131,0,0,0,0,0,0,0,0,0,0,0,0,0,0,0,0,0,0,0,0,0,0,0,0,0,0,0,0,132,133,116,117,116,117,116,117,116,117,116,117,116,117,116,117,120,121,0,0,0,0,0,0,0,0,0,0,0,0,0,0,0,0,0,0,0,0,0,0,0,0,0,0,0,0,0,0,0,0,0,0,0,0,0,0,132,133,116,117,116,117,116,117,116,117,116,117,116,117,0,0,0,0,0,0,120,121,0,0,0,0,0,0,0,0,0,0,0,0,0,0,0,0,0,0,0,0,0,0,0,0,0,0,130,131,100,101,0,0,0,0,0,0,0,0,0,0,0,0,0,0,0,0,0,0,0,0,166,167,0,0,0,0,0,0,0,0,0,0,0,0,90,91,0,0,116,117,116,117,116,117,0,0,118,119,0,0,0,0,0,0,0,0,0,0,0,0,130,131,100,101,0,0,0,0,0,0,88,89,0,0,0,0,0,0,0,0,0,0,0,0,0,0,0,0,0,0,100,101,0,0
0,0,0,0,638,639,0,0,0,0,0,0,0,0,642,643,630,631,0,0,0,0,0,0,642,643,0,0,0,0,0,0,0,0,0,0,0,0,0,0,0,0,0,0,0,0,0,0,0,0,0,0,0,0,644,645,628,629,628,629,628,629,628,629,628,629,628,629,628,629,632,633,0,0,0,0,0,0,0,0,0,0,0,0,0,0,0,0,0,0,0,0,0,0,0,0,0,0,0,0,0,0,0,0,0,0,0,0,0,0,644,645,628,629,628,629,628,629,628,629,628,629,628,629,0,0,0,0,0,0,632,633,0,0,0,0,0,0,0,0,0,0,0,0,0,0,0,0,0,0,0,0,0,0,0,0,0,0,642,643,612,613,0,0,0,0,0,0,0,0,0,0,0,0,0,0,0,0,0,0,0,0,678,679,0,0,0,0,0,0,0,0,0,0,0,0,602,603,0,0,628,629,628,629,628,629,0,0,630,631,0,0,0,0,0,0,0,0,0,0,0,0,642,643,612,613,0,0,0,0,0,0,600,601,0,0,0,0,0,0,0,0,0,0,0,0,0,0,0,0,0,0,612,613,0,0
0,0,118,119,0,0,0,0,0,0,0,0,0,0,130,131,118,119,0,0,0,0,0,0,138,139,0,0,0,0,0,0,0,0,0,0,0,0,0,0,0,0,0,0,0,0,0,0,132,133,116,117,116,117,0,0,0,0,0,0,0,0,0,0,0,0,0,0,0,0,0,0,116,117,116,117,150,151,0,0,0,0,0,0,0,0,0,0,0,0,0,0,0,0,0,0,0,0,132,133,116,117,116,117,116,117,146,147,116,117,0,0,0,0,0,0,0,0,0,0,0,0,0,0,0,0,0,0,0,0,0,0,120,121,0,0,0,0,0,0,0,0,0,0,0,0,0,0,0,0,0,0,0,0,0,0,0,0,130,131,100,101,0,0,0,0,0,0,0,0,0,0,0,0,0,0,156,157,0,0,0,0,0,0,0,0,0,0,166,167,0,0,0,0,0,0,0,0,86,87,86,87,90,91,0,0,0,0,118,119,0,0,0,0,0,0,0,0,0,0,0,0,130,131,100,101,0,0,0,0,0,0,88,89,0,0,0,0,0,0,0,0,0,0,0,0,0,0,0,0,102,103,0,0,0,0
0,0,630,631,0,0,0,0,0,0,0,0,0,0,642,643,630,631,0,0,0,0,0,0,650,651,0,0,0,0,0,0,0,0,0,0,0,0,0,0,0,0,0,0,0,0,0,0,644,645,628,629,628,629,0,0,0,0,0,0,0,0,0,0,0,0,0,0,0,0,0,0,628,629,628,629,662,663,0,0,0,0,0,0,0,0,0,0,0,0,0,0,0,0,0,0,0,0,644,645,628,629,628,629,628,629,658,659,628,629,0,0,0,0,0,0,0,0,0,0,0,0,0,0,0,0,0,0,0,0,0,0,632,633,0,0,0,0,0,0,0,0,0,0,0,0,0,0,0,0,0,0,0,0,0,0,0,0,642,643,612,613,0,0,0,0,0,0,0,0,0,0,0,0,0,0,668,669,0,0,0,0,0,0,0,0,0,0,678,679,0,0,0,0,0,0,0,0,598,599,598,599,602,603,0,0,0,0,630,631,0,0,0,0,0,0,0,0,0,0,0,0,642,643,612,613,0,0,0,0,0,0,600,601,0,0,0,0,0,0,0,0,0,0,0,0,0,0,0,0,614,615,0,0,0,0
0,0,118,119,0,0,0,0,0,0,0,0,0,0,130,131,118,119,0,0,0,0,0,0,0,0,130,131,0,0,0,0,120,121,0,0,0,0,0,0,132,133,116,117,116,117,116,117,0,0,0,0,0,0,0,0,0,0,0,0,0,0,0,0,0,0,0,0,0,0,0,0,0,0,0,0,0,0,116,117,116,117,116,117,116,117,116,117,116,117,116,117,116,117,116,117,116,117,0,0,0,0,0,0,0,0,0,0,0,0,0,0,0,0,0,0,0,0,0,0,0,0,0,0,0,0,0,0,0,0,0,0,0,0,120,121,0,0,0,0,0,0,0,0,0,0,0,0,0,0,0,0,0,0,0,0,0,0,130,131,100,101,0,0,0,0,88,89,0,0,100,101,0,0,170,171,0,0,0,0,0,0,0,0,0,0,0,0,0,0,0,0,0,0,0,0,0,0,0,0,0,0,0,0,86,87,90,91,0,0,116,117,116,117,120,121,0,0,132,133,116,117,0,0,100,101,0,0,0,0,0,0,88,89,0,0,102,103,86,87,86,87,86,87,86,87,86,87,86,87,0,0,0,0,0,0
0,0,630,631,0,0,0,0,0,0,0,0,0,0,642,643,630,631,0,0,0,0,0,0,0,0,642,643,0,0,0,0,632,633,0,0,0,0,0,0,644,645,628,629,628,629,628,629,0,0,0,0,0,0,0,0,0,0,0,0,0,0,0,0,0,0,0,0,0,0,0,0,0,0,0,0,0,0,628,629,628,629,628,629,628,629,628,629,628,629,628,629,628,629,628,629,628,629,0,0,0,0,0,0,0,0,0,0,0,0,0,0,0,0,0,0,0,0,0,0,0,0,0,0,0,0,0,0,0,0,0,0,0,0,632,633,0,0,0,0,0,0,0,0,0,0,0,0,0,0,0,0,0,0,0,0,0,0,642,643,612,613,0,0,0,0,600,601,0,0,612,613,0,0,682,683,0,0,0,0,0,0,0,0,0,0,0,0,0,0,0,0,0,0,0,0,0,0,0,0,0,0,0,0,598,599,602,603,0,0,628,629,628,629,632,633,0,0,644,645,628,629,0,0,612,613,0,0,0,0,0,0,600,601,0,0,614,615,598,599,598,599,598,599,598,599,598,599,598,599,0,0,0,0,0,0
126,127,0,0,0,0,0,0,0,0,0,0,0,0,0,0,0,0,0,0,0,0,0,0,0,0,130,131,0,0,0,0,0,0,0,0,0,0,0,0,0,0,0,0,0,0,0,0,122,123,122,123,126,127,0,0,0,0,130,131,0,0,122,123,0,0,0,0,0,0,0,0,138,139,122,123,122,123,0,0,0,0,0,0,0,0,0,0,0,0,0,0,0,0,0,0,0,0,0,0,0,0,122,123,122,123,122,123,126,127,0,0,0,0,0,0,0,0,0,0,0,0,0,0,0,0,138,139,168,169,0,0,0,0,118,119,0,0,0,0,0,0,130,131,118,119,0,0,0,0,0,0,0,0,0,0,0,0,130,131,100,101,0,0,0,0,0,0,86,87,0,0,0,0,0,0,0,0,0,0,0,0,0,0,0,0,0,0,0,0,0,0,0,0,0,0,0,0,0,0,0,0,0,0,0,0,0,0,86,87,86,87,90,91,0,0,0,0,0,0,102,103,86,87,0,0,0,0,0,0,0,0,0,0,86,87,0,0,0,0,0,0,0,0,0,0,0,0,0,0,0,0,0,0,0,0
638,639,0,0,0,0,0,0,0,0,0,0,0,0,0,0,0,0,0,0,0,0,0,0,0,0,642,643,0,0,0,0,0,0,0,0,0,0,0,0,0,0,0,0,0,0,0,0,634,635,634,635,638,639,0,0,0,0,642,643,0,0,634,635,0,0,0,0,0,0,0,0,650,651,634,635,634,635,0,0,0,0,0,0,0,0,0,0,0,0,0,0,0,0,0,0,0,0,0,0,0,0,634,635,634,635,634,635,638,639,0,0,0,0,0,0,0,0,0,0,0,0,0,0,0,0,650,651,680,681,0,0,0,0,630,631,0,0,0,0,0,0,642,643,630,631,0,0,0,0,0,0,0,0,0,0,0,0,642,643,612,613,0,0,0,0,0,0,598,599,0,0,0,0,0,0,0,0,0,0,0,0,0,0,0,0,0,0,0,0,0,0,0,0,0,0,0,0,0,0,0,0,0,0,0,0,0,0,598,599,598,599,602,603,0,0,0,0,0,0,614,615,598,599,0,0,0,0,0,0,0,0,0,0,598,599,0,0,0,0,0,0,0,0,0,0,0,0,0,0,0,0,0,0,0,0
0,0,0,0,0,0,0,0,0,0,0,0,0,0,0,0,0,0,0,0,0,0,0,0,0,0,130,131,0,0,0,0,0,0,0,0,0,0,0,0,122,123,122,123,122,123,126,127,0,0,0,0,0,0,0,0,132,133,0,0,118,119,0,0,0,0,0,0,0,0,0,0,0,0,0,0,0,0,138,139,122,123,122,123,122,123,122,123,122,123,122,123,122,123,122,123,0,0,170,171,152,153,0,0,0,0,0,0,0,0,0,0,136,137,0,0,0,0,0,0,0,0,0,0,0,0,0,0,0,0,130,131,0,0,0,0,154,155,0,0,0,0,130,131,118,119,0,0,0,0,0,0,0,0,0,0,0,0,130,131,100,101,0,0,0,0,0,0,0,0,0,0,0,0,0,0,0,0,0,0,0,0,0,0,0,0,0,0,0,0,0,0,0,0,0,0,0,0,0,0,0,0,0,0,0,0,0,0,0,0,0,0,0,0,86,87,86,87,86,87,0,0,0,0,0,0,0,0,0,0,0,0,0,0,0,0,0,0,0,0,0,0,0,0,0,0,0,0,92,93,92,93,0,0,0,0
0,0,0,0,0,0,0,0,0,0,0,0,0,0,0,0,0,0,0,0,0,0,0,0,0,0,642,643,0,0,0,0,0,0,0,0,0,0,0,0,634,635,634,635,634,635,638,639,0,0,0,0,0,0,0,0,644,645,0,0,630,631,0,0,0,0,0,0,0,0,0,0,0,0,0,0,0,0,650,651,634,635,634,635,634,635,634,635,634,635,634,635,634,635,634,635,0,0,682,683,664,665,0,0,0,0,0,0,0,0,0,0,648,649,0,0,0,0,0,0,0,0,0,0,0,0,0,0,0,0,642,643,0,0,0,0,666,667,0,0,0,0,642,643,630,631,0,0,0,0,0,0,0,0,0,0,0,0,642,643,612,613,0,0,0,0,0,0,0,0,0,0,0,0,0,0,0,0,0,0,0,0,0,0,0,0,0,0,0,0,0,0,0,0,0,0,0,0,0,0,0,0,0,0,0,0,0,0,0,0,0,0,0,0,598,599,598,599,598,599,0,0,0,0,0,0,0,0,0,0,0,0,0,0,0,0,0,0,0,0,0,0,0,0,0,0,0,0,604,605,604,605,0,0,0,0
0,0,0,0,0,0,0,0,0,0,0,0,0,0,0,0,0,0,0,0,0,0,0,0,0,0,130,131,0,0,0,0,122,123,122,123,122,123,126,127,0,0,0,0,0,0,0,0,0,0,0,0,0,0,0,0,130,131,0,0,118,119,0,0,0,0,0,0,0,0,0,0,0,0,0,0,0,0,0,0,0,0,0,0,0,0,0,0,0,0,0,0,0,0,0,0,0,0,0,0,118,119,0,0,0,0,0,0,0,0,132,133,118,119,0,0,0,0,0,0,0,0,0,0,0,0,0,0,0,0,138,139,0,0,0,0,118,119,0,0,0,0,130,131,118,119,0,0,0,0,0,0,0,0,0,0,0,0,130,131,108,109,0,0,0,0,0,0,0,0,92,93,92,93,92,93,92,93,92,93,0,0,0,0,0,0,0,0,0,0,0,0,0,0,0,0,92,93,0,0,0,0,0,0,0,0,0,0,168,169,0,0,0,0,0,0,0,0,0,0,0,0,0,0,0,0,0,0,0,0,0,0,0,0,92,93,92,93,92,93,92,93,92,93,92,93,96,97,0,0,0,0,100,101,0,0
0,0,0,0,0,0,0,0,0,0,0,0,0,0,0,0,0,0,0,0,0,0,0,0,0,0,642,643,0,0,0,0,634,635,634,635,634,635,638,639,0,0,0,0,0,0,0,0,0,0,0,0,0,0,0,0,642,643,0,0,630,631,0,0,0,0,0,0,0,0,0,0,0,0,0,0,0,0,0,0,0,0,0,0,0,0,0,0,0,0,0,0,0,0,0,0,0,0,0,0,630,631,0,0,0,0,0,0,0,0,644,645,630,631,0,0,0,0,0,0,0,0,0,0,0,0,0,0,0,0,650,651,0,0,0,0,630,631,0,0,0,0,642,643,630,631,0,0,0,0,0,0,0,0,0,0,0,0,642,643,620,621,0,0,0,0,0,0,0,0,604,605,604,605,604,605,604,605,604,605,0,0,0,0,0,0,0,0,0,0,0,0,0,0,0,0,604,605,0,0,0,0,0,0,0,0,0,0,680,681,0,0,0,0,0,0,0,0,0,0,0,0,0,0,0,0,0,0,0,0,0,0,0,0,604,605,604,605,604,605,604,605,604,605,604,605,608,609,0,0,0,0,612,613,0,0
0,0,0,0,0,0,0,0,0,0,0,0,0,0,0,0,0,0,0,0,0,0,0,0,0,0,130,131,0,0,0,0,0,0,0,0,0,0,0,0,0,0,0,0,0,0,0,0,0,0,0,0,0,0,0,0,130,131,150,151,118,119,0,0,0,0,0,0,0,0,0,0,0,0,0,0,0,0,0,0,0,0,0,0,0,0,0,0,0,0,0,0,0,0,0,0,0,0,152,153,118,119,0,0,0,0,0,0,0,0,130,131,118,119,0,0,0,0,0,0,0,0,0,0,0,0,0,0,0,0,0,0,130,131,0,0,150,151,120,121,0,0,130,131,118,119,0,0,0,0,0,0,0,0,0,0,0,0,138,139,0,0,108,109,92,93,92,93,96,97,0,0,122,123,122,123,122,123,0,0,108,109,0,0,0,0,0,0,0,0,0,0,0,0,88,89,0,0,108,109,92,93,92,93,0,0,0,0,0,0,0,0,0,0,0,0,0,0,0,0,0,0,0,0,0,0,0,0,0,0,0,0,96,97,0,0,0,0,0,0,0,0,0,0,0,0,0,0,0,0,0,0,100,101,0,0
0,0,0,0,0,0,0,0,0,0,0,0,0,0,0,0,0,0,0,0,0,0,0,0,0,0,642,643,0,0,0,0,0,0,0,0,0,0,0,0,0,0,0,0,0,0,0,0,0,0,0,0,0,0,0,0,642,643,662,663,630,631,0,0,0,0,0,0,0,0,0,0,0,0,0,0,0,0,0,0,0,0,0,0,0,0,0,0,0,0,0,0,0,0,0,0,0,0,664,665,630,631,0,0,0,0,0,0,0,0,642,643,630,631,0,0,0,0,0,0,0,0,0,0,0,0,0,0,0,0,0,0,642,643,0,0,662,663,632,633,0,0,642,643,630,631,0,0,0,0,0,0,0,0,0,0,0,0,650,651,0,0,620,621,604,605,604,605,608,609,0,0,634,635,634,635,634,635,0,0,620,621,0,0,0,0,0,0,0,0,0,0,0,0,600,601,0,0,620,621,604,605,604,605,0,0,0,0,0,0,0,0,0,0,0,0,0,0,0,0,0,0,0,0,0,0,0,0,0,0,0,0,608,609,0,0,0,0,0,0,0,0,0,0,0,0,0,0,0,0,0,0,612,613,0,0
0,0,0,0,0,0,0,0,0,0,0,0,0,0,0,0,0,0,0,0,0,0,0,0,0,0,130,131,0,0,0,0,0,0,0,0,0,0,0,0,0,0,0,0,0,0,0,0,0,0,0,0,0,0,0,0,130,131,0,0,118,119,0,0,0,0,0,0,0,0,0,0,0,0,0,0,0,0,0,0,0,0,0,0,0,0,0,0,0,0,0,0,0,0,0,0,0,0,0,0,118,119,0,0,0,0,0,0,0,0,130,131,118,119,0,0,0,0,0,0,0,0,0,0,0,0,0,0,0,0,0,0,130,131,0,0,0,0,168,169,0,0,130,131,118,119,0,0,0,0,0,0,0,0,0,0,0,0,0,0,0,0,0,0,0,0,0,0,0,0,118,119,0,0,0,0,0,0,130,131,0,0,108,109,0,0,166,167,0,0,0,0,0,0,88,89,0,0,0,0,0,0,0,0,108,109,92,93,164,165,0,0,0,0,0,0,0,0,150,151,0,0,0,0,0,0,0,0,0,0,96,97,0,0,0,0,0,0,0,0,0,0,0,0,0,0,0,0,0,0,0,0,100,101,0,0
0,0,0,0,0,0,0,0,0,0,0,0,0,0,0,0,0,0,0,0,0,0,0,0,0,0,642,643,0,0,0,0,0,0,0,0,0,0,0,0,0,0,0,0,0,0,0,0,0,0,0,0,0,0,0,0,642,643,0,0,630,631,0,0,0,0,0,0,0,0,0,0,0,0,0,0,0,0,0,0,0,0,0,0,0,0,0,0,0,0,0,0,0,0,0,0,0,0,0,0,630,631,0,0,0,0,0,0,0,0,642,643,630,631,0,0,0,0,0,0,0,0,0,0,0,0,0,0,0,0,0,0,642,643,0,0,0,0,680,681,0,0,642,643,630,631,0,0,0,0,0,0,0,0,0,0,0,0,0,0,0,0,0,0,0,0,0,0,0,0,630,631,0,0,0,0,0,0,642,643,0,0,620,621,0,0,678,679,0,0,0,0,0,0,600,601,0,0,0,0,0,0,0,0,620,621,604,605,676,677,0,0,0,0,0,0,0,0,662,663,0,0,0,0,0,0,0,0,0,0,608,609,0,0,0,0,0,0,0,0,0,0,0,0,0,0,0,0,0,0,0,0,612,613,0,0
0,0,0,0,0,0,0,0,0,0,0,0,0,0,0,0,0,0,0,0,0,0,0,0,0,0,130,131,0,0,122,123,0,0,0,0,0,0,0,0,0,0,0,0,0,0,0,0,0,0,0,0,0,0,0,0,130,131,0,0,126,127,0,0,0,0,0,0,0,0,0,0,0,0,0,0,0,0,0,0,0,0,0,0,0,0,0,0,0,0,0,0,0,0,0,0,0,0,0,0,118,119,0,0,0,0,0,0,0,0,130,131,118,119,0,0,0,0,0,0,0,0,0,0,0,0,0,0,0,0,0,0,130,131,0,0,0,0,118,119,0,0,130,131,118,119,0,0,0,0,0,0,0,0,0,0,0,0,0,0,0,0,0,0,0,0,0,0,0,0,0,0,0,0,0,0,0,0,0,0,122,123,0,0,100,101,0,0,0,0,0,0,0,0,88,89,0,0,0,0,0,0,0,0,0,0,0,0,108,109,92,93,92,93,0,0,0,0,0,0,92,93,0,0,0,0,0,0,88,89,0,0,0,0,0,0,0,0,0,0,0,0,0,0,0,0,0,0,0,0,0,0,100,101,0,0
0,0,0,0,0,0,0,0,0,0,0,0,0,0,0,0,0,0,0,0,0,0,0,0,0,0,642,643,0,0,634,635,0,0,0,0,0,0,0,0,0,0,0,0,0,0,0,0,0,0,0,0,0,0,0,0,642,643,0,0,638,639,0,0,0,0,0,0,0,0,0,0,0,0,0,0,0,0,0,0,0,0,0,0,0,0,0,0,0,0,0,0,0,0,0,0,0,0,0,0,630,631,0,0,0,0,0,0,0,0,642,643,630,631,0,0,0,0,0,0,0,0,0,0,0,0,0,0,0,0,0,0,642,643,0,0,0,0,630,631,0,0,642,643,630,631,0,0,0,0,0,0,0,0,0,0,0,0,0,0,0,0,0,0,0,0,0,0,0,0,0,0,0,0,0,0,0,0,0,0,634,635,0,0,612,613,0,0,0,0,0,0,0,0,600,601,0,0,0,0,0,0,0,0,0,0,0,0,620,621,604,605,604,605,0,0,0,0,0,0,604,605,0,0,0,0,0,0,600,601,0,0,0,0,0,0,0,0,0,0,0,0,0,0,0,0,0,0,0,0,0,0,612,613,0,0
0,0,0,0,0,0,0,0,0,0,0,0,0,0,0,0,0,0,0,0,0,0,0,0,132,133,0,0,118,119,0,0,0,0,0,0,0,0,0,0,0,0,0,0,0,0,0,0,0,0,0,0,0,0,132,133,0,0,118,119,0,0,0,0,0,0,0,0,0,0,0,0,0,0,0,0,0,0,0,0,0,0,0,0,0,0,0,0,0,0,0,0,0,0,0,0,0,0,0,0,118,119,0,0,0,0,0,0,0,0,130,131,118,119,0,0,0,0,0,0,0,0,0,0,0,0,0,0,0,0,0,0,130,131,0,0,0,0,118,119,0,0,130,131,118,119,0,0,0,0,0,0,0,0,0,0,0,0,0,0,0,0,0,0,0,0,0,0,0,0,0,0,0,0,0,0,0,0,0,0,0,0,130,131,100,101,0,0,0,0,0,0,0,0,88,89,0,0,0,0,0,0,0,0,0,0,0,0,0,0,0,0,0,0,108,109,92,93,96,97,0,0,100,101,0,0,0,0,88,89,0,0,0,0,0,0,0,0,0,0,0,0,0,0,0,0,0,0,0,0,0,0,100,101,0,0
0,0,0,0,0,0,0,0,0,0,0,0,0,0,0,0,0,0,0,0,0,0,0,0,644,645,0,0,630,631,0,0,0,0,0,0,0,0,0,0,0,0,0,0,0,0,0,0,0,0,0,0,0,0,644,645,0,0,630,631,0,0,0,0,0,0,0,0,0,0,0,0,0,0,0,0,0,0,0,0,0,0,0,0,0,0,0,0,0,0,0,0,0,0,0,0,0,0,0,0,630,631,0,0,0,0,0,0,0,0,642,643,630,631,0,0,0,0,0,0,0,0,0,0,0,0,0,0,0,0,0,0,642,643,0,0,0,0,630,631,0,0,642,643,630,631,0,0,0,0,0,0,0,0,0,0,0,0,0,0,0,0,0,0,0,0,0,0,0,0,0,0,0,0,0,0,0,0,0,0,0,0,642,643,612,613,0,0,0,0,0,0,0,0,600,601,0,0,0,0,0,0,0,0,0,0,0,0,0,0,0,0,0,0,620,621,604,605,608,609,0,0,612,613,0,0,0,0,600,601,0,0,0,0,0,0,0,0,0,0,0,0,0,0,0,0,0,0,0,0,0,0,612,613,0,0
0,0,0,0,0,0,0,0,0,0,0,0,0,0,0,0,0,0,0,0,0,0,0,0,130,131,0,0,118,119,0,0,0,0,0,0,0,0,0,0,0,0,0,0,0,0,0,0,0,0,0,0,0,0,130,131,0,0,118,119,0,0,0,0,0,0,0,0,0,0,0,0,0,0,0,0,0,0,0,0,0,0,0,0,0,0,0,0,0,0,0,0,0,0,0,0,0,0,0,0,126,127,0,0,0,0,0,0,0,0,130,131,118,119,0,0,0,0,0,0,0,0,0,0,0,0,0,0,0,0,0,0,130,131,0,0,0,0,118,119,0,0,130,131,118,119,0,0,0,0,0,0,0,0,0,0,0,0,0,0,0,0,0,0,0,0,0,0,0,0,0,0,0,0,0,0,0,0,0,0,0,0,130,131,100,101,0,0,0,0,0,0,0,0,88,89,0,0,0,0,0,0,0,0,0,0,0,0,0,0,0,0,0,0,0,0,0,0,0,0,0,0,100,101,0,0,0,0,88,89,0,0,0,0,0,0,0,0,0,0,0,0,0,0,0,0,0,0,0,0,0,0,100,101,0,0
0,0,0,0,0,0,0,0,0,0,0,0,0,0,0,0,0,0,0,0,0,0,0,0,642,643,0,0,630,631,0,0,0,0,0,0,0,0,0,0,0,0,0,0,0,0,0,0,0,0,0,0,0,0,642,643,0,0,630,631,0,0,0,0,0,0,0,0,0,0,0,0,0,0,0,0,0,0,0,0,0,0,0,0,0,0,0,0,0,0,0,0,0,0,0,0,0,0,0,0,638,639,0,0,0,0,0,0,0,0,642,643,630,631,0,0,0,0,0,0,0,0,0,0,0,0,0,0,0,0,0,0,642,643,0,0,0,0,630,631,0,0,642,643,630,631,0,0,0,0,0,0,0,0,0,0,0,0,0,0,0,0,0,0,0,0,0,0,0,0,0,0,0,0,0,0,0,0,0,0,0,0,642,643,612,613,0,0,0,0,0,0,0,0,600,601,0,0,0,0,0,0,0,0,0,0,0,0,0,0,0,0,0,0,0,0,0,0,0,0,0,0,612,613,0,0,0,0,600,601,0,0,0,0,0,0,0,0,0,0,0,0,0,0,0,0,0,0,0,0,0,0,612,613,0,0
0,0,0,0,0,0,0,0,0,0,0,0,0,0,0,0,0,0,0,0,0,0,0,0,130,131,0,0,126,127,0,0,0,0,0,0,0,0,0,0,0,0,0,0,0,0,0,0,0,0,0,0,0,0,138,139,0,0,118,119,0,0,0,0,0,0,0,0,0,0,0,0,0,0,0,0,0,0,0,0,0,0,0,0,0,0,0,0,0,0,0,0,0,0,132,133,0,0,118,119,0,0,0,0,140,141,124,125,124,125,0,0,0,0,124,125,124,125,124,125,124,125,124,125,124,125,124,125,0,0,0,0,130,131,0,0,0,0,126,127,0,0,130,131,0,0,124,125,124,125,124,125,124,125,124,125,124,125,124,125,0,0,0,0,0,0,0,0,0,0,0,0,0,0,0,0,0,0,0,0,0,0,130,131,100,101,0,0,0,0,0,0,0,0,88,89,0,0,0,0,0,0,0,0,0,0,0,0,0,0,0,0,0,0,0,0,0,0,0,0,0,0,100,101,0,0,150,151,88,89,0,0,0,0,0,0,0,0,0,0,0,0,0,0,0,0,0,0,0,0,0,0,100,101,0,0
0,0,0,0,0,0,0,0,0,0,0,0,0,0,0,0,0,0,0,0,0,0,0,0,642,643,0,0,638,639,0,0,0,0,0,0,0,0,0,0,0,0,0,0,0,0,0,0,0,0,0,0,0,0,650,651,0,0,630,631,0,0,0,0,0,0,0,0,0,0,0,0,0,0,0,0,0,0,0,0,0,0,0,0,0,0,0,0,0,0,0,0,0,0,644,645,0,0,630,631,0,0,0,0,652,653,636,637,636,637,0,0,0,0,636,637,636,637,636,637,636,637,636,637,636,637,636,637,0,0,0,0,642,643,0,0,0,0,638,639,0,0,642,643,0,0,636,637,636,637,636,637,636,637,636,637,636,637,636,637,0,0,0,0,0,0,0,0,0,0,0,0,0,0,0,0,0,0,0,0,0,0,642,643,612,613,0,0,0,0,0,0,0,0,600,601,0,0,0,0,0,0,0,0,0,0,0,0,0,0,0,0,0,0,0,0,0,0,0,0,0,0,612,613,0,0,662,663,600,601,0,0,0,0,0,0,0,0,0,0,0,0,0,0,0,0,0,0,0,0,0,0,612,613,0,0
0,0,0,0,0,0,0,0,0,0,0,0,0,0,0,0,0,0,0,0,0,0,132,133,0,0,118,119,0,0,0,0,0,0,0,0,0,0,0,0,0,0,0,0,0,0,0,0,0,0,0,0,0,0,0,0,130,131,0,0,116,117,116,117,116,117,116,117,120,121,0,0,0,0,0,0,0,0,0,0,0,0,0,0,0,0,0,0,0,0,0,0,0,0,130,131,0,0,118,119,0,0,0,0,0,0,0,0,0,0,130,131,118,119,0,0,0,0,0,0,0,0,0,0,0,0,0,0,0,0,132,133,0,0,0,0,118,119,0,0,0,0,130,131,118,119,0,0,0,0,0,0,0,0,0,0,0,0,0,0,0,0,0,0,0,0,0,0,0,0,0,0,0,0,0,0,0,0,0,0,0,0,130,131,100,101,0,0,0,0,0,0,0,0,88,89,0,0,0,0,0,0,0,0,0,0,0,0,0,0,0,0,0,0,0,0,0,0,0,0,0,0,100,101,0,0,0,0,88,89,0,0,0,0,0,0,0,0,0,0,0,0,0,0,0,0,0,0,0,0,0,0,100,101,0,0
0,0,0,0,0,0,0,0,0,0,0,0,0,0,0,0,0,0,0,0,0,0,644,645,0,0,630,631,0,0,0,0,0,0,0,0,0,0,0,0,0,0,0,0,0,0,0,0,0,0,0,0,0,0,0,0,642,643,0,0,628,629,628,629,628,629,628,629,632,633,0,0,0,0,0,0,0,0,0,0,0,0,0,0,0,0,0,0,0,0,0,0,0,0,642,643,0,0,630,631,0,0,0,0,0,0,0,0,0,0,642,643,630,631,0,0,0,0,0,0,0,0,0,0,0,0,0,0,0,0,644,645,0,0,0,0,630,631,0,0,0,0,642,643,630,631,0,0,0,0,0,0,0,0,0,0,0,0,0,0,0,0,0,0,0,0,0,0,0,0,0,0,0,0,0,0,0,0,0,0,0,0,642,643,612,613,0,0,0,0,0,0,0,0,600,601,0,0,0,0,0,0,0,0,0,0,0,0,0,0,0,0,0,0,0,0,0,0,0,0,0,0,612,613,0,0,0,0,600,601,0,0,0,0,0,0,0,0,0,0,0,0,0,0,0,0,0,0,0,0,0,0,612,613,0,0
0,0,0,0,0,0,0,0,0,0,0,0,0,0,0,0,0,0,0,0,0,0,130,131,0,0,118,119,0,0,0,0,0,0,0,0,0,0,0,0,0,0,0,0,0,0,0,0,0,0,0,0,0,0,0,0,130,131,0,0,0,0,0,0,0,0,0,0,0,0,120,121,0,0,0,0,0,0,0,0,0,0,0,0,0,0,0,0,0,0,0,0,0,0,130,131,0,0,118,119,0,0,0,0,0,0,0,0,0,0,138,139,126,127,0,0,0,0,0,0,0,0,0,0,0,0,0,0,116,117,0,0,0,0,0,0,118,119,0,0,0,0,130,131,118,119,0,0,0,0,0,0,0,0,0,0,0,0,0,0,0,0,0,0,0,0,0,0,0,0,0,0,0,0,0,0,0,0,0,0,0,0,130,131,100,101,0,0,0,0,0,0,0,0,88,89,0,0,0,0,0,0,0,0,0,0,0,0,0,0,0,0,0,0,0,0,0,0,0,0,0,0,100,101,0,0,0,0,88,89,0,0,0,0,0,0,0,0,0,0,0,0,0,0,0,0,0,0,0,0,0,0,100,101,0,0
0,0,0,0,0,0,0,0,0,0,0,0,0,0,0,0,0,0,0,0,0,0,642,643,0,0,630,631,0,0,0,0,0,0,0,0,0,0,0,0,0,0,0,0,0,0,0,0,0,0,0,0,0,0,0,0,642,643,0,0,0,0,0,0,0,0,0,0,0,0,632,633,0,0,0,0,0,0,0,0,0,0,0,0,0,0,0,0,0,0,0,0,0,0,642,643,0,0,630,631,0,0,0,0,0,0,0,0,0,0,650,651,638,639,0,0,0,0,0,0,0,0,0,0,0,0,0,0,628,629,0,0,0,0,0,0,630,631,0,0,0,0,642,643,630,631,0,0,0,0,0,0,0,0,0,0,0,0,0,0,0,0,0,0,0,0,0,0,0,0,0,0,0,0,0,0,0,0,0,0,0,0,642,643,612,613,0,0,0,0,0,0,0,0,600,601,0,0,0,0,0,0,0,0,0,0,0,0,0,0,0,0,0,0,0,0,0,0,0,0,0,0,612,613,0,0,0,0,600,601,0,0,0,0,0,0,0,0,0,0,0,0,0,0,0,0,0,0,0,0,0,0,612,613,0,0
0,0,0,0,0,0,0,0,0,0,0,0,0,0,0,0,0,0,0,0,0,0,130,131,0,0,118,119,0,0,0,0,0,0,0,0,0,0,0,0,0,0,0,0,0,0,0,0,0,0,0,0,0,0,132,133,0,0,0,0,0,0,0,0,0,0,0,0,0,0,0,0,120,121,0,0,0,0,0,0,0,0,0,0,0,0,0,0,0,0,0,0,0,0,130,131,154,155,118,119,0,0,0,0,0,0,0,0,0,0,0,0,0,0,0,0,0,0,0,0,0,0,0,0,0,0,152,153,0,0,0,0,0,0,0,0,118,119,0,0,0,0,130,131,0,0,120,121,0,0,0,0,0,0,0,0,0,0,0,0,0,0,0,0,0,0,0,0,0,0,0,0,0,0,0,0,0,0,0,0,0,0,130,131,108,109,0,0,0,0,0,0,0,0,88,89,0,0,0,0,0,0,0,0,0,0,0,0,0,0,0,0,0,0,0,0,0,0,0,0,0,0,100,101,0,0,0,0,96,97,0,0,0,0,0,0,0,0,0,0,0,0,0,0,0,0,0,0,0,0,0,0,100,101,0,0
0,0,0,0,0,0,0,0,0,0,0,0,0,0,0,0,0,0,0,0,0,0,642,643,0,0,630,631,0,0,0,0,0,0,0,0,0,0,0,0,0,0,0,0,0,0,0,0,0,0,0,0,0,0,644,645,0,0,0,0,0,0,0,0,0,0,0,0,0,0,0,0,632,633,0,0,0,0,0,0,0,0,0,0,0,0,0,0,0,0,0,0,0,0,642,643,666,667,630,631,0,0,0,0,0,0,0,0,0,0,0,0,0,0,0,0,0,0,0,0,0,0,0,0,0,0,664,665,0,0,0,0,0,0,0,0,630,631,0,0,0,0,642,643,0,0,632,633,0,0,0,0,0,0,0,0,0,0,0,0,0,0,0,0,0,0,0,0,0,0,0,0,0,0,0,0,0,0,0,0,0,0,642,643,620,621,0,0,0,0,0,0,0,0,600,601,0,0,0,0,0,0,0,0,0,0,0,0,0,0,0,0,0,0,0,0,0,0,0,0,0,0,612,613,0,0,0,0,608,609,0,0,0,0,0,0,0,0,0,0,0,0,0,0,0,0,0,0,0,0,0,0,612,613,0,0
0,0,0,0,0,0,0,0,0,0,0,0,0,0,0,0,0,0,0,0,132,133,0,0,0,0,118,119,0,0,0,0,0,0,0,0,0,0,0,0,0,0,0,0,0,0,0,0,0,0,0,0,0,0,130,131,0,0,0,0,0,0,0,0,0,0,0,0,0,0,0,0,118,119,0,0,0,0,0,0,0,0,136,137,0,0,0,0,0,0,0,0,0,0,130,131,0,0,118,119,0,0,0,0,0,0,132,133,116,117,116,117,116,117,116,117,120,121,0,0,0,0,0,0,132,133,148,149,0,0,0,0,0,0,0,0,0,0,116,117,86,87,86,87,90,91,0,0,116,117,116,117,120,121,0,0,0,0,0,0,0,0,0,0,0,0,0,0,0,0,0,0,0,0,0,0,0,0,0,0,0,0,130,131,0,0,100,101,0,0,0,0,0,0,0,0,86,87,0,0,0,0,0,0,0,0,0,0,0,0,0,0,0,0,0,0,0,0,0,0,0,0,100,101,0,0,88,89,0,0,0,0,0,0,0,0,0,0,0,0,0,0,0,0,0,0,0,0,0,0,162,163,100,101,0,0
0,0,0,0,0,0,0,0,0,0,0,0,0,0,0,0,0,0,0,0,644,645,0,0,0,0,630,631,0,0,0,0,0,0,0,0,0,0,0,0,0,0,0,0,0,0,0,0,0,0,0,0,0,0,642,643,0,0,0,0,0,0,0,0,0,0,0,0,0,0,0,0,630,631,0,0,0,0,0,0,0,0,648,649,0,0,0,0,0,0,0,0,0,0,642,643,0,0,630,631,0,0,0,0,0,0,644,645,628,629,628,629,628,629,628,629,632,633,0,0,0,0,0,0,644,645,660,661,0,0,0,0,0,0,0,0,0,0,628,629,598,599,598,599,602,603,0,0,628,629,628,629,632,633,0,0,0,0,0,0,0,0,0,0,0,0,0,0,0,0,0,0,0,0,0,0,0,0,0,0,0,0,642,643,0,0,612,613,0,0,0,0,0,0,0,0,598,599,0,0,0,0,0,0,0,0,0,0,0,0,0,0,0,0,0,0,0,0,0,0,0,0,612,613,0,0,600,601,0,0,0,0,0,0,0,0,0,0,0,0,0,0,0,0,0,0,0,0,0,0,674,675,612,613,0,0
0,0,0,0,0,0,0,0,0,0,0,0,132,133,116,117,116,117,150,151,0,0,0,0,0,0,0,0,120,121,0,0,0,0,0,0,0,0,0,0,0,0,0,0,0,0,0,0,0,0,0,0,0,0,130,131,0,0,0,0,0,0,0,0,0,0,0,0,0,0,0,0,0,0,116,117,116,117,154,155,116,117,0,0,116,117,116,117,120,121,0,0,0,0,130,131,0,0,118,119,0,0,132,133,116,117,0,0,0,0,0,0,0,0,0,0,0,0,116,117,116,117,116,117,0,0,0,0,0,0,0,0,0,0,0,0,0,0,0,0,0,0,0,0,0,0,86,87,86,87,90,91,0,0,116,117,116,117,116,117,0,0,0,0,0,0,0,0,0,0,0,0,0,0,0,0,0,0,0,0,116,117,0,0,152,153,100,101,0,0,0,0,0,0,0,0,0,0,0,0,0,0,0,0,0,0,0,0,0,0,0,0,0,0,0,0,0,0,0,0,102,103,0,0,0,0,88,89,0,0,0,0,0,0,0,0,0,0,0,0,0,0,0,0,0,0,0,0,0,0,0,0,100,101,0,0
0,0,0,0,0,0,0,0,0,0,0,0,644,645,628,629,628,629,662,663,0,0,0,0,0,0,0,0,632,633,0,0,0,0,0,0,0,0,0,0,0,0,0,0,0,0,0,0,0,0,0,0,0,0,642,643,0,0,0,0,0,0,0,0,0,0,0,0,0,0,0,0,0,0,628,629,628,629,666,667,628,629,0,0,628,629,628,629,632,633,0,0,0,0,642,643,0,0,630,631,0,0,644,645,628,629,0,0,0,0,0,0,0,0,0,0,0,0,628,629,628,629,628,629,0,0,0,0,0,0,0,0,0,0,0,0,0,0,0,0,0,0,0,0,0,0,598,599,598,599,602,603,0,0,628,629,628,629,628,629,0,0,0,0,0,0,0,0,0,0,0,0,0,0,0,0,0,0,0,0,628,629,0,0,664,665,612,613,0,0,0,0,0,0,0,0,0,0,0,0,0,0,0,0,0,0,0,0,0,0,0,0,0,0,0,0,0,0,0,0,614,615,0,0,0,0,600,601,0,0,0,0,0,0,0,0,0,0,0,0,0,0,0,0,0,0,0,0,0,0,0,0,612,613,0,0
0,0,0,0,0,0,0,0,132,133,116,117,0,0,0,0,0,0,0,0,0,0,0,0,0,0,0,0,0,0,116,117,0,0,0,0,0,0,0,0,0,0,0,0,0,0,0,0,132,133,116,117,116,117,0,0,0,0,0,0,0,0,0,0,0,0,0,0,0,0,0,0,0,0,0,0,0,0,0,0,0,0,122,123,0,0,0,0,0,0,116,117,116,117,150,151,0,0,0,0,116,117,0,0,0,0,122,123,122,123,122,123,122,123,122,123,122,123,152,153,0,0,0,0,0,0,0,0,0,0,0,0,0,0,0,0,0,0,0,0,0,0,0,0,0,0,0,0,0,0,0,0,86,87,86,87,86,87,86,87,86,87,86,87,86,87,86,87,86,87,86,87,86,87,86,87,86,87,86,87,86,87,86,87,86,87,0,0,0,0,0,0,0,0,0,0,0,0,0,0,0,0,0,0,0,0,0,0,0,0,0,0,0,0,0,0,0,0,86,87,0,0,0,0,0,0,0,0,86,87,86,87,86,87,86,87,86,87,86,87,86,87,86,87,86,87,86,87,86,87,86,87,0,0,150,151
0,0,0,0,0,0,0,0,644,645,628,629,0,0,0,0,0,0,0,0,0,0,0,0,0,0,0,0,0,0,628,629,0,0,0,0,0,0,0,0,0,0,0,0,0,0,0,0,644,645,628,629,628,629,0,0,0,0,0,0,0,0,0,0,0,0,0,0,0,0,0,0,0,0,0,0,0,0,0,0,0,0,634,635,0,0,0,0,0,0,628,629,628,629,662,663,0,0,0,0,628,629,0,0,0,0,634,635,634,635,634,635,634,635,634,635,634,635,664,665,0,0,0,0,0,0,0,0,0,0,0,0,0,0,0,0,0,0,0,0,0,0,0,0,0,0,0,0,0,0,0,0,598,599,598,599,598,599,598,599,598,599,598,599,598,599,598,599,598,599,598,599,598,599,598,599,598,599,598,599,598,599,598,599,598,599,0,0,0,0,0,0,0,0,0,0,0,0,0,0,0,0,0,0,0,0,0,0,0,0,0,0,0,0,0,0,0,0,598,599,0,0,0,0,0,0,0,0,598,599,598,599,598,599,598,599,598,599,598,599,598,599,598,599,598,599,598,599,598,599,598,599,0,0,662,663
0,0,132,133,116,117,116,117,0,0,0,0,0,0,0,0,0,0,0,0,0,0,0,0,0,0,0,0,0,0,0,0,116,117,116,117,116,117,116,117,116,117,116,117,116,117,116,117,0,0,0,0,0,0,0,0,168,169,0,0,0,0,0,0,0,0,0,0,0,0,0,0,0,0,0,0,156,157,0,0,118,119,0,0,130,131,0,0,0,0,0,0,0,0,0,0,0,0,0,0,0,0,0,0,118,119,0,0,0,0,0,0,0,0,0,0,0,0,130,131,0,0,0,0,0,0,0,0,0,0,0,0,0,0,0,0,0,0,152,153,0,0,92,93,92,93,0,0,0,0,0,0,0,0,0,0,0,0,0,0,0,0,0,0,0,0,0,0,0,0,0,0,0,0,0,0,0,0,0,0,0,0,0,0,0,0,0,0,0,0,0,0,0,0,0,0,0,0,0,0,0,0,0,0,0,0,0,0,0,0,0,0,0,0,0,0,0,0,0,0,0,0,0,0,0,0,0,0,0,0,0,0,0,0,0,0,0,0,0,0,0,0,0,0,0,0,0,0,0,0,0,0,0,0,0,0
0,0,644,645,628,629,628,629,0,0,0,0,0,0,0,0,0,0,0,0,0,0,0,0,0,0,0,0,0,0,0,0,628,629,628,629,628,629,628,629,628,629,628,629,628,629,628,629,0,0,0,0,0,0,0,0,680,681,0,0,0,0,0,0,0,0,0,0,0,0,0,0,0,0,0,0,668,669,0,0,630,631,0,0,642,643,0,0,0,0,0,0,0,0,0,0,0,0,0,0,0,0,0,0,630,631,0,0,0,0,0,0,0,0,0,0,0,0,642,643,0,0,0,0,0,0,0,0,0,0,0,0,0,0,0,0,0,0,664,665,0,0,604,605,604,605,0,0,0,0,0,0,0,0,0,0,0,0,0,0,0,0,0,0,0,0,0,0,0,0,0,0,0,0,0,0,0,0,0,0,0,0,0,0,0,0,0,0,0,0,0,0,0,0,0,0,0,0,0,0,0,0,0,0,0,0,0,0,0,0,0,0,0,0,0,0,0,0,0,0,0,0,0,0,0,0,0,0,0,0,0,0,0,0,0,0,0,0,0,0,0,0,0,0,0,0,0,0,0,0,0,0,0,0,0,0
