# Yharnam's map, layer "ground": the ground. 256 x 256 cells of 8 x 8 (sheet.png);
# drawn in the SDK (F3 F3), taken back with carts/yharnam/mkmap.py --from
6,7,8,9,8,9,8,9,8,9,8,9,8,9,6,7,6,7,6,7,6,7,4,5,30,31,30,31,28,29,28,29,28,29,28,29,28,29,30,31,4,5,4,5,6,7,6,7,6,7,6,7,6,7,6,7,6,7,4,5,4,5,4,5,4,5,4,5,4,5,4,5,6,7,6,7,6,7,8,9,8,9,8,9,8,9,8,9,8,9,6,7,6,7,4,5,4,5,4,5,2,3,2,3,2,3,2,3,48,49,48,49,48,49,48,49,50,51,4,5,4,5,6,7,6,7,6,7,6,7,6,7,6,7,4,5,6,7,4,5,4,5,14,15,4,5,6,7,6,7,6,7,8,9,8,9,8,9,8,9,8,9,8,9,8,9,6,7,6,7,4,5,4,5,4,5,2,3,2,3,14,15,2,3,2,3,2,3,2,3,4,5,4,5,4,5,6,7,6,7,6,7,6,7,6,7,6,7,6,7,6,7,6,7,6,7,6,7,4,5,6,7,6,7,6,7,6,7,6,7,6,7,8,9,52,53,52,53,52,53,52,53,50,51,50,51,50,51,4,5,30,31,28,29,28,29
518,519,520,521,520,521,520,521,520,521,520,521,520,521,518,519,518,519,518,519,518,519,516,517,542,543,542,543,540,541,540,541,540,541,540,541,540,541,542,543,516,517,516,517,518,519,518,519,518,519,518,519,518,519,518,519,518,519,516,517,516,517,516,517,516,517,516,517,516,517,516,517,518,519,518,519,518,519,520,521,520,521,520,521,520,521,520,521,520,521,518,519,518,519,516,517,516,517,516,517,514,515,514,515,514,515,514,515,560,561,560,561,560,561,560,561,562,563,516,517,516,517,518,519,518,519,518,519,518,519,518,519,518,519,516,517,518,519,516,517,516,517,526,527,516,517,518,519,518,519,518,519,520,521,520,521,520,521,520,521,520,521,520,521,520,521,518,519,518,519,516,517,516,517,516,517,514,515,514,515,526,527,514,515,514,515,514,515,514,515,516,517,516,517,516,517,518,519,518,519,518,519,518,519,518,519,518,519,518,519,518,519,518,519,518,519,518,519,516,517,518,519,518,519,518,519,518,519,518,519,518,519,520,521,564,565,564,565,564,565,564,565,562,563,562,563,562,563,516,517,542,543,540,541,540,541
6,7,8,9,8,9,8,9,8,9,8,9,8,9,8,9,6,7,6,7,6,7,4,5,30,31,30,31,30,31,28,29,28,29,30,31,30,31,30,31,4,5,4,5,4,5,6,7,6,7,6,7,6,7,4,5,4,5,4,5,4,5,4,5,4,5,4,5,4,5,6,7,6,7,6,7,6,7,8,9,8,9,8,9,8,9,8,9,8,9,8,9,6,7,6,7,4,5,4,5,4,5,2,3,2,3,2,3,2,3,2,3,2,3,4,5,4,5,4,5,6,7,6,7,6,7,6,7,6,7,6,7,4,5,4,5,4,5,4,5,4,5,14,15,4,5,6,7,6,7,6,7,6,7,8,9,8,9,8,9,8,9,8,9,8,9,8,9,6,7,6,7,4,5,4,5,2,3,2,3,14,15,2,3,2,3,2,3,2,3,4,5,4,5,4,5,6,7,6,7,6,7,6,7,6,7,6,7,6,7,6,7,4,5,4,5,4,5,4,5,4,5,6,7,6,7,6,7,8,9,8,9,8,9,8,9,8,9,8,9,8,9,8,9,6,7,6,7,4,5,30,31,30,31,28,29
518,519,520,521,520,521,520,521,520,521,520,521,520,521,520,521,518,519,518,519,518,519,516,517,542,543,542,543,542,543,540,541,540,541,542,543,542,543,542,543,516,517,516,517,516,517,518,519,518,519,518,519,518,519,516,517,516,517,516,517,516,517,516,517,516,517,516,517,516,517,518,519,518,519,518,519,518,519,520,521,520,521,520,521,520,521,520,521,520,521,520,521,518,519,518,519,516,517,516,517,516,517,514,515,514,515,514,515,514,515,514,515,514,515,516,517,516,517,516,517,518,519,518,519,518,519,518,519,518,519,518,519,516,517,516,517,516,517,516,517,516,517,526,527,516,517,518,519,518,519,518,519,518,519,520,521,520,521,520,521,520,521,520,521,520,521,520,521,518,519,518,519,516,517,516,517,514,515,514,515,526,527,514,515,514,515,514,515,514,515,516,517,516,517,516,517,518,519,518,519,518,519,518,519,518,519,518,519,518,519,518,519,516,517,516,517,516,517,516,517,516,517,518,519,518,519,518,519,520,521,520,521,520,521,520,521,520,521,520,521,520,521,520,521,518,519,518,519,516,517,542,543,542,543,540,541
8,9,8,9,8,9,8,9,8,9,8,9,8,9,8,9,6,7,6,7,6,7,4,5,4,5,30,31,30,31,30,31,30,31,30,31,30,31,4,5,4,5,6,7,6,7,4,5,6,7,4,5,4,5,4,5,4,5,4,5,4,5,4,5,4,5,4,5,4,5,4,5,6,7,6,7,8,9,8,9,8,9,8,9,8,9,8,9,8,9,8,9,6,7,6,7,6,7,4,5,4,5,4,5,2,3,2,3,2,3,4,5,4,5,4,5,4,5,4,5,6,7,4,5,4,5,4,5,4,5,4,5,4,5,4,5,4,5,4,5,4,5,14,15,4,5,4,5,6,7,6,7,8,9,8,9,8,9,8,9,8,9,8,9,8,9,8,9,6,7,6,7,6,7,4,5,4,5,2,3,14,15,2,3,2,3,2,3,2,3,4,5,4,5,4,5,6,7,4,5,6,7,6,7,4,5,4,5,4,5,4,5,4,5,4,5,4,5,4,5,4,5,4,5,6,7,6,7,8,9,8,9,8,9,8,9,8,9,8,9,8,9,6,7,6,7,6,7,4,5,30,31,30,31,30,31
520,521,520,521,520,521,520,521,520,521,520,521,520,521,520,521,518,519,518,519,518,519,516,517,516,517,542,543,542,543,542,543,542,543,542,543,542,543,516,517,516,517,518,519,518,519,516,517,518,519,516,517,516,517,516,517,516,517,516,517,516,517,516,517,516,517,516,517,516,517,516,517,518,519,518,519,520,521,520,521,520,521,520,521,520,521,520,521,520,521,520,521,518,519,518,519,518,519,516,517,516,517,516,517,514,515,514,515,514,515,516,517,516,517,516,517,516,517,516,517,518,519,516,517,516,517,516,517,516,517,516,517,516,517,516,517,516,517,516,517,516,517,526,527,516,517,516,517,518,519,518,519,520,521,520,521,520,521,520,521,520,521,520,521,520,521,520,521,518,519,518,519,518,519,516,517,516,517,514,515,526,527,514,515,514,515,514,515,514,515,516,517,516,517,516,517,518,519,516,517,518,519,518,519,516,517,516,517,516,517,516,517,516,517,516,517,516,517,516,517,516,517,516,517,518,519,518,519,520,521,520,521,520,521,520,521,520,521,520,521,520,521,518,519,518,519,518,519,516,517,542,543,542,543,542,543
6,7,8,9,8,9,52,53,52,53,52,53,36,37,34,35,34,35,34,35,50,51,50,51,50,51,50,51,30,31,30,31,30,31,30,31,50,51,50,51,50,51,50,51,50,51,50,51,50,51,50,51,50,51,48,49,48,49,48,49,2,3,2,3,2,3,2,3,50,51,50,51,6,7,6,7,6,7,8,9,8,9,8,9,8,9,8,9,8,9,8,9,6,7,6,7,6,7,4,5,4,5,4,5,4,5,4,5,2,3,4,5,4,5,4,5,4,5,4,5,4,5,6,7,4,5,6,7,4,5,4,5,4,5,4,5,2,3,2,3,4,5,14,15,50,51,50,51,50,51,52,53,52,53,52,53,8,9,8,9,8,9,8,9,52,53,52,53,52,53,50,51,50,51,50,51,50,51,48,49,14,15,48,49,48,49,4,5,4,5,4,5,4,5,4,5,50,51,50,51,50,51,50,51,50,51,50,51,50,51,4,5,4,5,4,5,4,5,4,5,4,5,6,7,6,7,6,7,8,9,8,9,8,9,8,9,8,9,8,9,8,9,8,9,6,7,6,7,6,7,30,31,30,31,28,29
518,519,520,521,520,521,564,565,564,565,564,565,548,549,546,547,546,547,546,547,562,563,562,563,562,563,562,563,542,543,542,543,542,543,542,543,562,563,562,563,562,563,562,563,562,563,562,563,562,563,562,563,562,563,560,561,560,561,560,561,514,515,514,515,514,515,514,515,562,563,562,563,518,519,518,519,518,519,520,521,520,521,520,521,520,521,520,521,520,521,520,521,518,519,518,519,518,519,516,517,516,517,516,517,516,517,516,517,514,515,516,517,516,517,516,517,516,517,516,517,516,517,518,519,516,517,518,519,516,517,516,517,516,517,516,517,514,515,514,515,516,517,526,527,562,563,562,563,562,563,564,565,564,565,564,565,520,521,520,521,520,521,520,521,564,565,564,565,564,565,562,563,562,563,562,563,562,563,560,561,526,527,560,561,560,561,516,517,516,517,516,517,516,517,516,517,562,563,562,563,562,563,562,563,562,563,562,563,562,563,516,517,516,517,516,517,516,517,516,517,516,517,518,519,518,519,518,519,520,521,520,521,520,521,520,521,520,521,520,521,520,521,520,521,518,519,518,519,518,519,542,543,542,543,540,541
6,7,8,9,8,9,52,53,36,37,36,37,36,37,36,37,34,35,34,35,32,33,32,33,50,51,50,51,4,5,4,5,4,5,4,5,50,51,66,67,66,67,64,65,66,67,64,65,66,67,64,65,64,65,64,65,64,65,48,49,2,3,2,3,2,3,2,3,48,49,50,51,50,51,50,51,52,53,52,53,52,53,52,53,52,53,8,9,8,9,8,9,6,7,6,7,4,5,4,5,4,5,4,5,4,5,4,5,4,5,4,5,4,5,4,5,4,5,4,5,6,7,4,5,6,7,4,5,4,5,4,5,48,49,48,49,48,49,48,49,48,49,14,15,48,49,56,57,56,57,56,57,58,59,52,53,8,9,8,9,8,9,8,9,52,53,58,59,56,57,56,57,56,57,56,57,56,57,48,49,14,15,48,49,4,5,4,5,4,5,4,5,4,5,6,7,50,51,50,51,50,51,50,51,50,51,48,49,48,49,48,49,48,49,48,49,48,49,48,49,4,5,4,5,6,7,6,7,52,53,52,53,52,53,8,9,8,9,8,9,8,9,8,9,6,7,6,7,50,51,30,31,30,31,30,31
518,519,520,521,520,521,564,565,548,549,548,549,548,549,548,549,546,547,546,547,544,545,544,545,562,563,562,563,516,517,516,517,516,517,516,517,562,563,578,579,578,579,576,577,578,579,576,577,578,579,576,577,576,577,576,577,576,577,560,561,514,515,514,515,514,515,514,515,560,561,562,563,562,563,562,563,564,565,564,565,564,565,564,565,564,565,520,521,520,521,520,521,518,519,518,519,516,517,516,517,516,517,516,517,516,517,516,517,516,517,516,517,516,517,516,517,516,517,516,517,518,519,516,517,518,519,516,517,516,517,516,517,560,561,560,561,560,561,560,561,560,561,526,527,560,561,568,569,568,569,568,569,570,571,564,565,520,521,520,521,520,521,520,521,564,565,570,571,568,569,568,569,568,569,568,569,568,569,560,561,526,527,560,561,516,517,516,517,516,517,516,517,516,517,518,519,562,563,562,563,562,563,562,563,562,563,560,561,560,561,560,561,560,561,560,561,560,561,560,561,516,517,516,517,518,519,518,519,564,565,564,565,564,565,520,521,520,521,520,521,520,521,520,521,518,519,518,519,562,563,542,543,542,543,542,543
6,7,8,9,8,9,36,37,36,37,36,37,36,37,34,35,34,35,32,33,32,33,32,33,32,33,50,51,4,5,4,5,4,5,6,7,50,51,64,65,64,65,64,65,64,65,64,65,64,65,64,65,64,65,64,65,64,65,48,49,2,3,2,3,2,3,2,3,48,49,54,55,56,57,56,57,66,67,66,67,66,67,66,67,52,53,52,53,52,53,52,53,52,53,50,51,50,51,50,51,50,51,4,5,4,5,4,5,4,5,4,5,4,5,6,7,6,7,6,7,6,7,6,7,4,5,4,5,4,5,4,5,48,49,54,55,54,55,54,55,48,49,14,15,48,49,56,57,56,57,56,57,58,59,52,53,8,9,8,9,8,9,8,9,52,53,58,59,58,59,56,57,56,57,56,57,56,57,50,51,14,15,50,51,4,5,4,5,6,7,4,5,6,7,6,7,50,51,50,51,50,51,50,51,50,51,48,49,48,49,48,49,48,49,48,49,48,49,48,49,4,5,4,5,6,7,6,7,52,53,62,63,52,53,52,53,52,53,52,53,52,53,52,53,50,51,50,51,4,5,4,5,30,31,30,31
518,519,520,521,520,521,548,549,548,549,548,549,548,549,546,547,546,547,544,545,544,545,544,545,544,545,562,563,516,517,516,517,516,517,518,519,562,563,576,577,576,577,576,577,576,577,576,577,576,577,576,577,576,577,576,577,576,577,560,561,514,515,514,515,514,515,514,515,560,561,566,567,568,569,568,569,578,579,578,579,578,579,578,579,564,565,564,565,564,565,564,565,564,565,562,563,562,563,562,563,562,563,516,517,516,517,516,517,516,517,516,517,516,517,518,519,518,519,518,519,518,519,518,519,516,517,516,517,516,517,516,517,560,561,566,567,566,567,566,567,560,561,526,527,560,561,568,569,568,569,568,569,570,571,564,565,520,521,520,521,520,521,520,521,564,565,570,571,570,571,568,569,568,569,568,569,568,569,562,563,526,527,562,563,516,517,516,517,518,519,516,517,518,519,518,519,562,563,562,563,562,563,562,563,562,563,560,561,560,561,560,561,560,561,560,561,560,561,560,561,516,517,516,517,518,519,518,519,564,565,574,575,564,565,564,565,564,565,564,565,564,565,564,565,562,563,562,563,516,517,516,517,542,543,542,543
6,7,6,7,8,9,34,35,34,35,34,35,34,35,34,35,34,35,32,33,32,33,32,33,32,33,50,51,4,5,4,5,6,7,6,7,50,51,64,65,64,65,64,65,64,65,64,65,64,65,64,65,64,65,64,65,64,65,48,49,2,3,2,3,2,3,2,3,48,49,64,65,64,65,64,65,64,65,64,65,64,65,64,65,64,65,64,65,64,65,64,65,70,71,70,71,62,63,62,63,50,51,50,51,50,51,50,51,6,7,6,7,6,7,6,7,6,7,50,51,6,7,6,7,4,5,4,5,4,5,4,5,48,49,48,49,54,55,54,55,48,49,14,15,48,49,54,55,56,57,56,57,50,51,52,53,8,9,8,9,8,9,8,9,52,53,58,59,56,57,56,57,56,57,56,57,56,57,50,51,14,15,50,51,6,7,6,7,6,7,6,7,6,7,6,7,50,51,50,51,50,51,50,51,48,49,48,49,48,49,48,49,48,49,48,49,48,49,48,49,4,5,4,5,4,5,6,7,52,53,62,63,62,63,62,63,62,63,70,71,70,71,62,63,62,63,50,51,6,7,4,5,4,5,30,31
518,519,518,519,520,521,546,547,546,547,546,547,546,547,546,547,546,547,544,545,544,545,544,545,544,545,562,563,516,517,516,517,518,519,518,519,562,563,576,577,576,577,576,577,576,577,576,577,576,577,576,577,576,577,576,577,576,577,560,561,514,515,514,515,514,515,514,515,560,561,576,577,576,577,576,577,576,577,576,577,576,577,576,577,576,577,576,577,576,577,576,577,582,583,582,583,574,575,574,575,562,563,562,563,562,563,562,563,518,519,518,519,518,519,518,519,518,519,562,563,518,519,518,519,516,517,516,517,516,517,516,517,560,561,560,561,566,567,566,567,560,561,526,527,560,561,566,567,568,569,568,569,562,563,564,565,520,521,520,521,520,521,520,521,564,565,570,571,568,569,568,569,568,569,568,569,568,569,562,563,526,527,562,563,518,519,518,519,518,519,518,519,518,519,518,519,562,563,562,563,562,563,562,563,560,561,560,561,560,561,560,561,560,561,560,561,560,561,560,561,516,517,516,517,516,517,518,519,564,565,574,575,574,575,574,575,574,575,582,583,582,583,574,575,574,575,562,563,518,519,516,517,516,517,542,543
6,7,6,7,34,35,34,35,34,35,34,35,34,35,34,35,32,33,32,33,32,33,32,33,32,33,32,33,6,7,6,7,6,7,6,7,52,53,64,65,64,65,64,65,64,65,64,65,64,65,64,65,64,65,64,65,64,65,48,49,2,3,2,3,2,3,2,3,48,49,64,65,64,65,64,65,64,65,64,65,64,65,64,65,64,65,64,65,64,65,64,65,70,71,70,71,62,63,60,61,60,61,62,63,62,63,50,51,50,51,50,51,52,53,52,53,50,51,52,53,50,51,6,7,4,5,4,5,4,5,2,3,2,3,48,49,54,55,54,55,48,49,14,15,48,49,54,55,56,57,56,57,50,51,6,7,8,9,8,9,8,9,52,53,52,53,58,59,56,57,56,57,56,57,56,57,56,57,50,51,14,15,50,51,6,7,6,7,6,7,6,7,6,7,6,7,50,51,50,51,50,51,50,51,48,49,48,49,48,49,48,49,48,49,48,49,48,49,48,49,4,5,4,5,4,5,6,7,50,51,62,63,62,63,62,63,62,63,70,71,70,71,62,63,62,63,50,51,6,7,4,5,4,5,4,5
518,519,518,519,546,547,546,547,546,547,546,547,546,547,546,547,544,545,544,545,544,545,544,545,544,545,544,545,518,519,518,519,518,519,518,519,564,565,576,577,576,577,576,577,576,577,576,577,576,577,576,577,576,577,576,577,576,577,560,561,514,515,514,515,514,515,514,515,560,561,576,577,576,577,576,577,576,577,576,577,576,577,576,577,576,577,576,577,576,577,576,577,582,583,582,583,574,575,572,573,572,573,574,575,574,575,562,563,562,563,562,563,564,565,564,565,562,563,564,565,562,563,518,519,516,517,516,517,516,517,514,515,514,515,560,561,566,567,566,567,560,561,526,527,560,561,566,567,568,569,568,569,562,563,518,519,520,521,520,521,520,521,564,565,564,565,570,571,568,569,568,569,568,569,568,569,568,569,562,563,526,527,562,563,518,519,518,519,518,519,518,519,518,519,518,519,562,563,562,563,562,563,562,563,560,561,560,561,560,561,560,561,560,561,560,561,560,561,560,561,516,517,516,517,516,517,518,519,562,563,574,575,574,575,574,575,574,575,582,583,582,583,574,575,574,575,562,563,518,519,516,517,516,517,516,517
4,5,6,7,34,35,34,35,34,35,32,33,34,35,34,35,32,33,32,33,32,33,32,33,32,33,32,33,6,7,6,7,6,7,6,7,52,53,64,65,64,65,64,65,64,65,64,65,64,65,64,65,64,65,64,65,64,65,48,49,2,3,2,3,2,3,2,3,48,49,64,65,64,65,64,65,64,65,64,65,64,65,64,65,64,65,64,65,64,65,64,65,70,71,68,69,70,71,68,69,70,71,68,69,70,71,70,71,70,71,70,71,70,71,70,71,70,71,70,71,52,53,6,7,4,5,4,5,4,5,2,3,2,3,48,49,54,55,54,55,48,49,14,15,48,49,54,55,56,57,56,57,50,51,6,7,6,7,8,9,6,7,52,53,56,57,56,57,56,57,56,57,56,57,56,57,56,57,50,51,16,17,50,51,6,7,6,7,6,7,8,9,6,7,6,7,50,51,50,51,50,51,50,51,50,51,48,49,48,49,48,49,48,49,48,49,48,49,48,49,4,5,4,5,4,5,6,7,50,51,70,71,70,71,70,71,70,71,70,71,70,71,70,71,70,71,50,51,4,5,4,5,4,5,4,5
516,517,518,519,546,547,546,547,546,547,544,545,546,547,546,547,544,545,544,545,544,545,544,545,544,545,544,545,518,519,518,519,518,519,518,519,564,565,576,577,576,577,576,577,576,577,576,577,576,577,576,577,576,577,576,577,576,577,560,561,514,515,514,515,514,515,514,515,560,561,576,577,576,577,576,577,576,577,576,577,576,577,576,577,576,577,576,577,576,577,576,577,582,583,580,581,582,583,580,581,582,583,580,581,582,583,582,583,582,583,582,583,582,583,582,583,582,583,582,583,564,565,518,519,516,517,516,517,516,517,514,515,514,515,560,561,566,567,566,567,560,561,526,527,560,561,566,567,568,569,568,569,562,563,518,519,518,519,520,521,518,519,564,565,568,569,568,569,568,569,568,569,568,569,568,569,568,569,562,563,528,529,562,563,518,519,518,519,518,519,520,521,518,519,518,519,562,563,562,563,562,563,562,563,562,563,560,561,560,561,560,561,560,561,560,561,560,561,560,561,516,517,516,517,516,517,518,519,562,563,582,583,582,583,582,583,582,583,582,583,582,583,582,583,582,583,562,563,516,517,516,517,516,517,516,517
6,7,6,7,6,7,32,33,34,35,32,33,32,33,32,33,32,33,32,33,32,33,32,33,32,33,50,51,6,7,6,7,6,7,8,9,52,53,64,65,64,65,64,65,64,65,64,65,64,65,64,65,64,65,64,65,64,65,48,49,2,3,2,3,2,3,2,3,48,49,64,65,64,65,64,65,64,65,64,65,64,65,64,65,64,65,64,65,64,65,64,65,68,69,68,69,60,61,60,61,60,61,62,63,62,63,62,63,62,63,70,71,70,71,62,63,62,63,62,63,52,53,6,7,6,7,4,5,4,5,2,3,2,3,48,49,48,49,54,55,48,49,14,15,48,49,54,55,56,57,64,65,50,51,6,7,6,7,6,7,6,7,50,51,50,51,50,51,50,51,50,51,50,51,50,51,50,51,50,51,16,17,52,53,6,7,8,9,6,7,8,9,8,9,8,9,52,53,50,51,50,51,50,51,48,49,48,49,48,49,48,49,48,49,48,49,48,49,48,49,2,3,4,5,4,5,6,7,50,51,62,63,62,63,62,63,62,63,70,71,70,71,62,63,50,51,50,51,6,7,4,5,6,7,6,7
518,519,518,519,518,519,544,545,546,547,544,545,544,545,544,545,544,545,544,545,544,545,544,545,544,545,562,563,518,519,518,519,518,519,520,521,564,565,576,577,576,577,576,577,576,577,576,577,576,577,576,577,576,577,576,577,576,577,560,561,514,515,514,515,514,515,514,515,560,561,576,577,576,577,576,577,576,577,576,577,576,577,576,577,576,577,576,577,576,577,576,577,580,581,580,581,572,573,572,573,572,573,574,575,574,575,574,575,574,575,582,583,582,583,574,575,574,575,574,575,564,565,518,519,518,519,516,517,516,517,514,515,514,515,560,561,560,561,566,567,560,561,526,527,560,561,566,567,568,569,576,577,562,563,518,519,518,519,518,519,518,519,562,563,562,563,562,563,562,563,562,563,562,563,562,563,562,563,562,563,528,529,564,565,518,519,520,521,518,519,520,521,520,521,520,521,564,565,562,563,562,563,562,563,560,561,560,561,560,561,560,561,560,561,560,561,560,561,560,561,514,515,516,517,516,517,518,519,562,563,574,575,574,575,574,575,574,575,582,583,582,583,574,575,562,563,562,563,518,519,516,517,518,519,518,519
4,5,6,7,6,7,32,33,32,33,32,33,30,31,30,31,32,33,30,31,30,31,32,33,32,33,50,51,6,7,6,7,8,9,8,9,52,53,64,65,64,65,64,65,64,65,64,65,64,65,64,65,64,65,64,65,64,65,48,49,2,3,2,3,2,3,2,3,48,49,64,65,64,65,64,65,64,65,64,65,64,65,64,65,64,65,64,65,64,65,64,65,68,69,68,69,60,61,60,61,60,61,60,61,62,63,62,63,62,63,70,71,70,71,62,63,62,63,62,63,52,53,52,53,6,7,6,7,4,5,2,3,2,3,2,3,48,49,54,55,48,49,14,15,48,49,54,55,64,65,50,51,50,51,32,33,34,35,32,33,32,33,50,51,6,7,4,5,4,5,4,5,4,5,4,5,4,5,6,7,16,17,6,7,6,7,8,9,8,9,8,9,8,9,52,53,52,53,52,53,50,51,50,51,50,51,48,49,48,49,48,49,48,49,48,49,48,49,48,49,2,3,4,5,4,5,4,5,50,51,62,63,62,63,62,63,62,63,70,71,70,71,50,51,50,51,32,33,32,33,32,33,32,33,32,33
516,517,518,519,518,519,544,545,544,545,544,545,542,543,542,543,544,545,542,543,542,543,544,545,544,545,562,563,518,519,518,519,520,521,520,521,564,565,576,577,576,577,576,577,576,577,576,577,576,577,576,577,576,577,576,577,576,577,560,561,514,515,514,515,514,515,514,515,560,561,576,577,576,577,576,577,576,577,576,577,576,577,576,577,576,577,576,577,576,577,576,577,580,581,580,581,572,573,572,573,572,573,572,573,574,575,574,575,574,575,582,583,582,583,574,575,574,575,574,575,564,565,564,565,518,519,518,519,516,517,514,515,514,515,514,515,560,561,566,567,560,561,526,527,560,561,566,567,576,577,562,563,562,563,544,545,546,547,544,545,544,545,562,563,518,519,516,517,516,517,516,517,516,517,516,517,516,517,518,519,528,529,518,519,518,519,520,521,520,521,520,521,520,521,564,565,564,565,564,565,562,563,562,563,562,563,560,561,560,561,560,561,560,561,560,561,560,561,560,561,514,515,516,517,516,517,516,517,562,563,574,575,574,575,574,575,574,575,582,583,582,583,562,563,562,563,544,545,544,545,544,545,544,545,544,545
4,5,4,5,4,5,50,51,30,31,32,33,30,31,30,31,30,31,30,31,30,31,32,33,50,51,50,51,6,7,6,7,8,9,8,9,52,53,64,65,64,65,64,65,64,65,64,65,64,65,64,65,64,65,64,65,64,65,48,49,2,3,2,3,2,3,2,3,48,49,64,65,64,65,64,65,64,65,64,65,64,65,64,65,64,65,64,65,64,65,64,65,68,69,68,69,60,61,60,61,60,61,62,63,62,63,62,63,62,63,70,71,70,71,62,63,62,63,62,63,52,53,52,53,6,7,6,7,4,5,4,5,4,5,2,3,48,49,54,55,48,49,14,15,48,49,64,65,50,51,50,51,32,33,32,33,32,33,32,33,32,33,32,33,4,5,4,5,4,5,4,5,4,5,4,5,6,7,6,7,16,17,6,7,8,9,8,9,8,9,8,9,8,9,52,53,52,53,52,53,74,75,72,73,74,75,72,73,74,75,72,73,74,75,72,73,48,49,48,49,4,5,4,5,4,5,4,5,50,51,62,63,62,63,62,63,62,63,68,69,50,51,50,51,32,33,30,31,32,33,32,33,32,33,32,33
516,517,516,517,516,517,562,563,542,543,544,545,542,543,542,543,542,543,542,543,542,543,544,545,562,563,562,563,518,519,518,519,520,521,520,521,564,565,576,577,576,577,576,577,576,577,576,577,576,577,576,577,576,577,576,577,576,577,560,561,514,515,514,515,514,515,514,515,560,561,576,577,576,577,576,577,576,577,576,577,576,577,576,577,576,577,576,577,576,577,576,577,580,581,580,581,572,573,572,573,572,573,574,575,574,575,574,575,574,575,582,583,582,583,574,575,574,575,574,575,564,565,564,565,518,519,518,519,516,517,516,517,516,517,514,515,560,561,566,567,560,561,526,527,560,561,576,577,562,563,562,563,544,545,544,545,544,545,544,545,544,545,544,545,516,517,516,517,516,517,516,517,516,517,516,517,518,519,518,519,528,529,518,519,520,521,520,521,520,521,520,521,520,521,564,565,564,565,564,565,586,587,584,585,586,587,584,585,586,587,584,585,586,587,584,585,560,561,560,561,516,517,516,517,516,517,516,517,562,563,574,575,574,575,574,575,574,575,580,581,562,563,562,563,544,545,542,543,544,545,544,545,544,545,544,545
6,7,4,5,4,5,50,51,50,51,48,49,30,31,30,31,30,31,30,31,48,49,48,49,50,51,50,51,6,7,6,7,8,9,8,9,52,53,64,65,64,65,64,65,64,65,64,65,64,65,64,65,64,65,64,65,64,65,48,49,4,5,2,3,4,5,4,5,50,51,64,65,64,65,64,65,64,65,64,65,64,65,64,65,64,65,64,65,64,65,64,65,64,65,48,49,48,49,48,49,50,51,50,51,50,51,52,53,52,53,52,53,70,71,62,63,62,63,52,53,52,53,36,37,34,35,32,33,32,33,4,5,4,5,2,3,48,49,54,55,48,49,14,15,50,51,50,51,50,51,32,33,32,33,32,33,32,33,32,33,30,31,32,33,30,31,4,5,4,5,4,5,4,5,4,5,4,5,6,7,16,17,6,7,8,9,8,9,8,9,8,9,8,9,52,53,52,53,74,75,72,73,74,75,72,73,74,75,72,73,74,75,72,73,74,75,72,73,48,49,4,5,4,5,4,5,4,5,50,51,50,51,50,51,50,51,50,51,50,51,50,51,32,33,30,31,30,31,30,31,32,33,32,33,32,33
518,519,516,517,516,517,562,563,562,563,560,561,542,543,542,543,542,543,542,543,560,561,560,561,562,563,562,563,518,519,518,519,520,521,520,521,564,565,576,577,576,577,576,577,576,577,576,577,576,577,576,577,576,577,576,577,576,577,560,561,516,517,514,515,516,517,516,517,562,563,576,577,576,577,576,577,576,577,576,577,576,577,576,577,576,577,576,577,576,577,576,577,576,577,560,561,560,561,560,561,562,563,562,563,562,563,564,565,564,565,564,565,582,583,574,575,574,575,564,565,564,565,548,549,546,547,544,545,544,545,516,517,516,517,514,515,560,561,566,567,560,561,526,527,562,563,562,563,562,563,544,545,544,545,544,545,544,545,544,545,542,543,544,545,542,543,516,517,516,517,516,517,516,517,516,517,516,517,518,519,528,529,518,519,520,521,520,521,520,521,520,521,520,521,564,565,564,565,586,587,584,585,586,587,584,585,586,587,584,585,586,587,584,585,586,587,584,585,560,561,516,517,516,517,516,517,516,517,562,563,562,563,562,563,562,563,562,563,562,563,562,563,544,545,542,543,542,543,542,543,544,545,544,545,544,545
6,7,4,5,4,5,50,51,48,49,48,49,48,49,48,49,48,49,48,49,48,49,48,49,50,51,50,51,6,7,6,7,6,7,8,9,52,53,52,53,52,53,52,53,52,53,52,53,50,51,50,51,50,51,50,51,50,51,48,49,4,5,4,5,4,5,4,5,50,51,50,51,50,51,50,51,50,51,50,51,50,51,50,51,64,65,64,65,64,65,64,65,48,49,48,49,28,29,30,31,30,31,32,33,6,7,6,7,8,9,52,53,52,53,52,53,52,53,52,53,34,35,34,35,34,35,32,33,32,33,30,31,4,5,4,5,48,49,48,49,48,49,14,15,4,5,4,5,4,5,32,33,32,33,32,33,32,33,32,33,32,33,30,31,30,31,2,3,4,5,2,3,2,3,4,5,4,5,6,7,16,17,6,7,8,9,8,9,8,9,8,9,8,9,52,53,52,53,72,73,74,75,72,73,74,75,72,73,74,75,72,73,74,75,72,73,74,75,48,49,30,31,30,31,32,33,32,33,32,33,32,33,50,51,50,51,4,5,4,5,4,5,30,31,30,31,30,31,30,31,32,33,30,31,32,33
518,519,516,517,516,517,562,563,560,561,560,561,560,561,560,561,560,561,560,561,560,561,560,561,562,563,562,563,518,519,518,519,518,519,520,521,564,565,564,565,564,565,564,565,564,565,564,565,562,563,562,563,562,563,562,563,562,563,560,561,516,517,516,517,516,517,516,517,562,563,562,563,562,563,562,563,562,563,562,563,562,563,562,563,576,577,576,577,576,577,576,577,560,561,560,561,540,541,542,543,542,543,544,545,518,519,518,519,520,521,564,565,564,565,564,565,564,565,564,565,546,547,546,547,546,547,544,545,544,545,542,543,516,517,516,517,560,561,560,561,560,561,526,527,516,517,516,517,516,517,544,545,544,545,544,545,544,545,544,545,544,545,542,543,542,543,514,515,516,517,514,515,514,515,516,517,516,517,518,519,528,529,518,519,520,521,520,521,520,521,520,521,520,521,564,565,564,565,584,585,586,587,584,585,586,587,584,585,586,587,584,585,586,587,584,585,586,587,560,561,542,543,542,543,544,545,544,545,544,545,544,545,562,563,562,563,516,517,516,517,516,517,542,543,542,543,542,543,542,543,544,545,542,543,544,545
6,7,4,5,4,5,4,5,4,5,2,3,2,3,2,3,2,3,2,3,2,3,2,3,4,5,4,5,4,5,6,7,6,7,8,9,8,9,8,9,8,9,8,9,8,9,8,9,6,7,6,7,4,5,4,5,4,5,4,5,4,5,4,5,4,5,4,5,6,7,4,5,6,7,6,7,6,7,6,7,4,5,50,51,48,49,48,49,48,49,48,49,48,49,28,29,30,31,30,31,30,31,30,31,32,33,6,7,6,7,8,9,8,9,8,9,8,9,36,37,36,37,34,35,34,35,32,33,32,33,32,33,30,31,4,5,4,5,4,5,4,5,14,15,4,5,6,7,6,7,32,33,32,33,32,33,32,33,30,31,30,31,30,31,30,31,2,3,2,3,2,3,48,49,4,5,4,5,6,7,16,17,6,7,8,9,8,9,8,9,8,9,8,9,8,9,8,9,52,53,72,73,74,75,72,73,74,75,72,73,74,75,72,73,74,75,48,49,32,33,32,33,32,33,32,33,32,33,32,33,32,33,32,33,4,5,4,5,4,5,4,5,28,29,28,29,28,29,30,31,30,31,30,31,32,33
518,519,516,517,516,517,516,517,516,517,514,515,514,515,514,515,514,515,514,515,514,515,514,515,516,517,516,517,516,517,518,519,518,519,520,521,520,521,520,521,520,521,520,521,520,521,520,521,518,519,518,519,516,517,516,517,516,517,516,517,516,517,516,517,516,517,516,517,518,519,516,517,518,519,518,519,518,519,518,519,516,517,562,563,560,561,560,561,560,561,560,561,560,561,540,541,542,543,542,543,542,543,542,543,544,545,518,519,518,519,520,521,520,521,520,521,520,521,548,549,548,549,546,547,546,547,544,545,544,545,544,545,542,543,516,517,516,517,516,517,516,517,526,527,516,517,518,519,518,519,544,545,544,545,544,545,544,545,542,543,542,543,542,543,542,543,514,515,514,515,514,515,560,561,516,517,516,517,518,519,528,529,518,519,520,521,520,521,520,521,520,521,520,521,520,521,520,521,564,565,584,585,586,587,584,585,586,587,584,585,586,587,584,585,586,587,560,561,544,545,544,545,544,545,544,545,544,545,544,545,544,545,544,545,516,517,516,517,516,517,516,517,540,541,540,541,540,541,542,543,542,543,542,543,544,545
6,7,6,7,4,5,4,5,4,5,2,3,2,3,2,3,2,3,2,3,2,3,2,3,2,3,4,5,4,5,6,7,6,7,6,7,8,9,8,9,8,9,8,9,8,9,6,7,6,7,6,7,4,5,6,7,4,5,6,7,4,5,4,5,6,7,6,7,6,7,6,7,6,7,6,7,6,7,4,5,4,5,4,5,4,5,2,3,2,3,2,3,28,29,28,29,28,29,30,31,30,31,32,33,32,33,32,33,6,7,8,9,8,9,8,9,36,37,36,37,34,35,34,35,34,35,34,35,32,33,32,33,32,33,32,33,4,5,4,5,4,5,16,17,6,7,6,7,6,7,34,35,32,33,32,33,30,31,30,31,30,31,28,29,28,29,48,49,48,49,48,49,48,49,48,49,48,49,50,51,14,15,6,7,6,7,8,9,8,9,8,9,8,9,8,9,8,9,6,7,6,7,6,7,4,5,50,51,50,51,50,51,50,51,50,51,32,33,32,33,32,33,32,33,32,33,32,33,32,33,32,33,30,31,30,31,4,5,4,5,2,3,28,29,28,29,28,29,30,31,30,31,30,31,32,33
518,519,518,519,516,517,516,517,516,517,514,515,514,515,514,515,514,515,514,515,514,515,514,515,514,515,516,517,516,517,518,519,518,519,518,519,520,521,520,521,520,521,520,521,520,521,518,519,518,519,518,519,516,517,518,519,516,517,518,519,516,517,516,517,518,519,518,519,518,519,518,519,518,519,518,519,518,519,516,517,516,517,516,517,516,517,514,515,514,515,514,515,540,541,540,541,540,541,542,543,542,543,544,545,544,545,544,545,518,519,520,521,520,521,520,521,548,549,548,549,546,547,546,547,546,547,546,547,544,545,544,545,544,545,544,545,516,517,516,517,516,517,528,529,518,519,518,519,518,519,546,547,544,545,544,545,542,543,542,543,542,543,540,541,540,541,560,561,560,561,560,561,560,561,560,561,560,561,562,563,526,527,518,519,518,519,520,521,520,521,520,521,520,521,520,521,520,521,518,519,518,519,518,519,516,517,562,563,562,563,562,563,562,563,562,563,544,545,544,545,544,545,544,545,544,545,544,545,544,545,544,545,542,543,542,543,516,517,516,517,514,515,540,541,540,541,540,541,542,543,542,543,542,543,544,545
6,7,6,7,4,5,4,5,4,5,2,3,2,3,2,3,2,3,2,3,2,3,2,3,4,5,4,5,4,5,6,7,6,7,6,7,8,9,6,7,6,7,8,9,8,9,6,7,6,7,6,7,6,7,4,5,6,7,6,7,4,5,6,7,6,7,6,7,6,7,6,7,6,7,6,7,6,7,6,7,4,5,4,5,2,3,2,3,2,3,2,3,28,29,28,29,28,29,28,29,30,31,30,31,32,33,32,33,6,7,6,7,8,9,8,9,36,37,34,35,34,35,34,35,34,35,32,33,32,33,32,33,32,33,32,33,4,5,6,7,6,7,6,7,6,7,6,7,6,7,6,7,32,33,32,33,32,33,30,31,30,31,28,29,48,49,48,49,60,61,60,61,60,61,68,69,68,69,50,51,50,51,50,51,6,7,8,9,8,9,8,9,8,9,8,9,8,9,6,7,6,7,6,7,4,5,6,7,4,5,4,5,4,5,4,5,32,33,32,33,32,33,34,35,34,35,32,33,32,33,32,33,32,33,30,31,4,5,2,3,2,3,28,29,28,29,28,29,30,31,30,31,30,31,30,31
518,519,518,519,516,517,516,517,516,517,514,515,514,515,514,515,514,515,514,515,514,515,514,515,516,517,516,517,516,517,518,519,518,519,518,519,520,521,518,519,518,519,520,521,520,521,518,519,518,519,518,519,518,519,516,517,518,519,518,519,516,517,518,519,518,519,518,519,518,519,518,519,518,519,518,519,518,519,518,519,516,517,516,517,514,515,514,515,514,515,514,515,540,541,540,541,540,541,540,541,542,543,542,543,544,545,544,545,518,519,518,519,520,521,520,521,548,549,546,547,546,547,546,547,546,547,544,545,544,545,544,545,544,545,544,545,516,517,518,519,518,519,518,519,518,519,518,519,518,519,518,519,544,545,544,545,544,545,542,543,542,543,540,541,560,561,560,561,572,573,572,573,572,573,580,581,580,581,562,563,562,563,562,563,518,519,520,521,520,521,520,521,520,521,520,521,520,521,518,519,518,519,518,519,516,517,518,519,516,517,516,517,516,517,516,517,544,545,544,545,544,545,546,547,546,547,544,545,544,545,544,545,544,545,542,543,516,517,514,515,514,515,540,541,540,541,540,541,542,543,542,543,542,543,542,543
6,7,6,7,6,7,4,5,4,5,2,3,2,3,2,3,2,3,2,3,2,3,2,3,2,3,4,5,4,5,6,7,6,7,6,7,6,7,6,7,6,7,6,7,6,7,6,7,6,7,6,7,6,7,4,5,6,7,6,7,6,7,6,7,6,7,6,7,8,9,6,7,6,7,6,7,6,7,6,7,4,5,4,5,4,5,2,3,2,3,2,3,28,29,28,29,28,29,30,31,30,31,30,31,32,33,32,33,6,7,6,7,6,7,8,9,34,35,34,35,34,35,34,35,34,35,32,33,32,33,32,33,32,33,32,33,6,7,6,7,6,7,52,53,52,53,52,53,52,53,50,51,50,51,32,33,32,33,30,31,30,31,48,49,48,49,60,61,60,61,60,61,60,61,68,69,68,69,60,61,60,61,50,51,6,7,6,7,6,7,8,9,8,9,8,9,8,9,6,7,6,7,6,7,4,5,4,5,6,7,4,5,6,7,6,7,32,33,34,35,34,35,34,35,34,35,34,35,34,35,32,33,32,33,30,31,2,3,2,3,2,3,28,29,28,29,28,29,28,29,28,29,30,31,32,33
518,519,518,519,518,519,516,517,516,517,514,515,514,515,514,515,514,515,514,515,514,515,514,515,514,515,516,517,516,517,518,519,518,519,518,519,518,519,518,519,518,519,518,519,518,519,518,519,518,519,518,519,518,519,516,517,518,519,518,519,518,519,518,519,518,519,518,519,520,521,518,519,518,519,518,519,518,519,518,519,516,517,516,517,516,517,514,515,514,515,514,515,540,541,540,541,540,541,542,543,542,543,542,543,544,545,544,545,518,519,518,519,518,519,520,521,546,547,546,547,546,547,546,547,546,547,544,545,544,545,544,545,544,545,544,545,518,519,518,519,518,519,564,565,564,565,564,565,564,565,562,563,562,563,544,545,544,545,542,543,542,543,560,561,560,561,572,573,572,573,572,573,572,573,580,581,580,581,572,573,572,573,562,563,518,519,518,519,518,519,520,521,520,521,520,521,520,521,518,519,518,519,518,519,516,517,516,517,518,519,516,517,518,519,518,519,544,545,546,547,546,547,546,547,546,547,546,547,546,547,544,545,544,545,542,543,514,515,514,515,514,515,540,541,540,541,540,541,540,541,540,541,542,543,544,545
8,9,6,7,6,7,50,51,48,49,48,49,48,49,48,49,48,49,48,49,48,49,48,49,48,49,50,51,4,5,4,5,6,7,6,7,50,51,50,51,50,51,50,51,50,51,50,51,50,51,50,51,50,51,50,51,50,51,50,51,6,7,6,7,6,7,6,7,52,53,52,53,52,53,52,53,52,53,50,51,50,51,4,5,4,5,2,3,2,3,2,3,28,29,28,29,28,29,30,31,30,31,30,31,32,33,32,33,6,7,6,7,6,7,6,7,34,35,34,35,32,33,32,33,32,33,32,33,32,33,32,33,32,33,32,33,50,51,50,51,52,53,52,53,66,67,66,67,66,67,66,67,52,53,50,51,50,51,50,51,48,49,48,49,60,61,60,61,60,61,60,61,60,61,68,69,68,69,60,61,60,61,50,51,50,51,6,7,6,7,8,9,8,9,6,7,6,7,6,7,6,7,4,5,4,5,6,7,6,7,6,7,6,7,6,7,34,35,34,35,34,35,34,35,34,35,34,35,34,35,32,33,32,33,30,31,48,49,48,49,48,49,48,49,28,29,28,29,28,29,30,31,30,31,32,33
520,521,518,519,518,519,562,563,560,561,560,561,560,561,560,561,560,561,560,561,560,561,560,561,560,561,562,563,516,517,516,517,518,519,518,519,562,563,562,563,562,563,562,563,562,563,562,563,562,563,562,563,562,563,562,563,562,563,562,563,518,519,518,519,518,519,518,519,564,565,564,565,564,565,564,565,564,565,562,563,562,563,516,517,516,517,514,515,514,515,514,515,540,541,540,541,540,541,542,543,542,543,542,543,544,545,544,545,518,519,518,519,518,519,518,519,546,547,546,547,544,545,544,545,544,545,544,545,544,545,544,545,544,545,544,545,562,563,562,563,564,565,564,565,578,579,578,579,578,579,578,579,564,565,562,563,562,563,562,563,560,561,560,561,572,573,572,573,572,573,572,573,572,573,580,581,580,581,572,573,572,573,562,563,562,563,518,519,518,519,520,521,520,521,518,519,518,519,518,519,518,519,516,517,516,517,518,519,518,519,518,519,518,519,518,519,546,547,546,547,546,547,546,547,546,547,546,547,546,547,544,545,544,545,542,543,560,561,560,561,560,561,560,561,540,541,540,541,540,541,542,543,542,543,544,545
8,9,6,7,6,7,50,51,56,57,54,55,54,55,54,55,54,55,64,65,64,65,64,65,64,65,50,51,4,5,4,5,6,7,6,7,50,51,50,51,50,51,50,51,32,33,32,33,30,31,30,31,50,51,50,51,50,51,50,51,6,7,6,7,8,9,8,9,52,53,58,59,58,59,58,59,58,59,58,59,50,51,50,51,48,49,48,49,48,49,48,49,48,49,28,29,28,29,28,29,30,31,30,31,32,33,50,51,50,51,6,7,6,7,6,7,6,7,32,33,32,33,32,33,32,33,32,33,32,33,32,33,32,33,50,51,50,51,66,67,66,67,66,67,64,65,64,65,64,65,66,67,66,67,66,67,66,67,64,65,60,61,60,61,60,61,60,61,60,61,60,61,60,61,68,69,68,69,60,61,60,61,62,63,50,51,6,7,6,7,6,7,6,7,6,7,50,51,6,7,6,7,6,7,4,5,4,5,6,7,6,7,6,7,6,7,34,35,34,35,36,37,34,35,34,35,34,35,34,35,32,33,32,33,30,31,50,51,68,69,68,69,48,49,48,49,28,29,28,29,30,31,30,31,30,31
520,521,518,519,518,519,562,563,568,569,566,567,566,567,566,567,566,567,576,577,576,577,576,577,576,577,562,563,516,517,516,517,518,519,518,519,562,563,562,563,562,563,562,563,544,545,544,545,542,543,542,543,562,563,562,563,562,563,562,563,518,519,518,519,520,521,520,521,564,565,570,571,570,571,570,571,570,571,570,571,562,563,562,563,560,561,560,561,560,561,560,561,560,561,540,541,540,541,540,541,542,543,542,543,544,545,562,563,562,563,518,519,518,519,518,519,518,519,544,545,544,545,544,545,544,545,544,545,544,545,544,545,544,545,562,563,562,563,578,579,578,579,578,579,576,577,576,577,576,577,578,579,578,579,578,579,578,579,576,577,572,573,572,573,572,573,572,573,572,573,572,573,572,573,580,581,580,581,572,573,572,573,574,575,562,563,518,519,518,519,518,519,518,519,518,519,562,563,518,519,518,519,518,519,516,517,516,517,518,519,518,519,518,519,518,519,546,547,546,547,548,549,546,547,546,547,546,547,546,547,544,545,544,545,542,543,562,563,580,581,580,581,560,561,560,561,540,541,540,541,542,543,542,543,542,543
8,9,6,7,6,7,50,51,56,57,56,57,54,55,64,65,64,65,64,65,64,65,64,65,64,65,48,49,4,5,4,5,4,5,6,7,50,51,50,51,32,33,32,33,30,31,30,31,32,33,30,31,32,33,30,31,50,51,50,51,6,7,6,7,8,9,8,9,52,53,64,65,64,65,64,65,64,65,64,65,64,65,64,65,64,65,64,65,64,65,64,65,48,49,2,3,28,29,30,31,30,31,30,31,4,5,50,51,50,51,50,51,50,51,50,51,50,51,50,51,32,33,32,33,30,31,30,31,32,33,32,33,50,51,50,51,66,67,66,67,66,67,66,67,64,65,64,65,64,65,66,67,66,67,66,67,66,67,64,65,60,61,60,61,60,61,60,61,60,61,60,61,60,61,68,69,68,69,60,61,60,61,60,61,50,51,6,7,6,7,6,7,6,7,4,5,50,51,50,51,50,51,50,51,50,51,50,51,6,7,6,7,6,7,6,7,34,35,36,37,36,37,36,37,36,37,34,35,34,35,34,35,32,33,32,33,48,49,68,69,68,69,60,61,48,49,48,49,2,3,2,3,4,5,4,5
520,521,518,519,518,519,562,563,568,569,568,569,566,567,576,577,576,577,576,577,576,577,576,577,576,577,560,561,516,517,516,517,516,517,518,519,562,563,562,563,544,545,544,545,542,543,542,543,544,545,542,543,544,545,542,543,562,563,562,563,518,519,518,519,520,521,520,521,564,565,576,577,576,577,576,577,576,577,576,577,576,577,576,577,576,577,576,577,576,577,576,577,560,561,514,515,540,541,542,543,542,543,542,543,516,517,562,563,562,563,562,563,562,563,562,563,562,563,562,563,544,545,544,545,542,543,542,543,544,545,544,545,562,563,562,563,578,579,578,579,578,579,578,579,576,577,576,577,576,577,578,579,578,579,578,579,578,579,576,577,572,573,572,573,572,573,572,573,572,573,572,573,572,573,580,581,580,581,572,573,572,573,572,573,562,563,518,519,518,519,518,519,518,519,516,517,562,563,562,563,562,563,562,563,562,563,562,563,518,519,518,519,518,519,518,519,546,547,548,549,548,549,548,549,548,549,546,547,546,547,546,547,544,545,544,545,560,561,580,581,580,581,572,573,560,561,560,561,514,515,514,515,516,517,516,517
8,9,6,7,6,7,50,51,56,57,64,65,64,65,64,65,64,65,64,65,64,65,64,65,64,65,50,51,4,5,4,5,6,7,4,5,50,51,32,33,32,33,30,31,30,31,30,31,30,31,30,31,30,31,32,33,32,33,50,51,6,7,8,9,8,9,8,9,52,53,64,65,64,65,64,65,64,65,64,65,64,65,64,65,64,65,64,65,64,65,54,55,48,49,2,3,2,3,4,5,4,5,4,5,4,5,50,51,56,57,56,57,56,57,56,57,56,57,50,51,50,51,30,31,30,31,30,31,30,31,50,51,50,51,64,65,64,65,64,65,64,65,64,65,64,65,64,65,64,65,66,67,66,67,66,67,66,67,64,65,60,61,60,61,60,61,60,61,60,61,60,61,60,61,68,69,68,69,60,61,60,61,50,51,50,51,6,7,6,7,6,7,6,7,4,5,50,51,60,61,60,61,60,61,60,61,50,51,50,51,50,51,50,51,52,53,52,53,36,37,36,37,36,37,36,37,36,37,36,37,34,35,32,33,50,51,50,51,68,69,68,69,60,61,60,61,48,49,2,3,4,5,4,5,4,5
520,521,518,519,518,519,562,563,568,569,576,577,576,577,576,577,576,577,576,577,576,577,576,577,576,577,562,563,516,517,516,517,518,519,516,517,562,563,544,545,544,545,542,543,542,543,542,543,542,543,542,543,542,543,544,545,544,545,562,563,518,519,520,521,520,521,520,521,564,565,576,577,576,577,576,577,576,577,576,577,576,577,576,577,576,577,576,577,576,577,566,567,560,561,514,515,514,515,516,517,516,517,516,517,516,517,562,563,568,569,568,569,568,569,568,569,568,569,562,563,562,563,542,543,542,543,542,543,542,543,562,563,562,563,576,577,576,577,576,577,576,577,576,577,576,577,576,577,576,577,578,579,578,579,578,579,578,579,576,577,572,573,572,573,572,573,572,573,572,573,572,573,572,573,580,581,580,581,572,573,572,573,562,563,562,563,518,519,518,519,518,519,518,519,516,517,562,563,572,573,572,573,572,573,572,573,562,563,562,563,562,563,562,563,564,565,564,565,548,549,548,549,548,549,548,549,548,549,548,549,546,547,544,545,562,563,562,563,580,581,580,581,572,573,572,573,560,561,514,515,516,517,516,517,516,517
8,9,6,7,6,7,50,51,64,65,64,65,64,65,64,65,64,65,64,65,64,65,64,65,64,65,50,51,6,7,6,7,4,5,4,5,50,51,30,31,30,31,30,31,28,29,28,29,30,31,28,29,30,31,30,31,32,33,50,51,6,7,6,7,8,9,8,9,52,53,64,65,64,65,64,65,64,65,64,65,64,65,64,65,64,65,64,65,56,57,54,55,48,49,4,5,4,5,4,5,4,5,4,5,4,5,50,51,56,57,56,57,56,57,56,57,56,57,54,55,48,49,4,5,4,5,4,5,4,5,50,51,56,57,64,65,64,65,64,65,64,65,64,65,64,65,64,65,64,65,66,67,66,67,66,67,66,67,66,67,60,61,60,61,60,61,60,61,60,61,60,61,60,61,68,69,68,69,60,61,60,61,50,51,4,5,4,5,4,5,4,5,4,5,48,49,48,49,60,61,60,61,60,61,60,61,68,69,70,71,62,63,62,63,62,63,52,53,52,53,36,37,36,37,36,37,36,37,34,35,34,35,6,7,50,51,50,51,68,69,68,69,60,61,60,61,48,49,48,49,4,5,4,5,4,5
520,521,518,519,518,519,562,563,576,577,576,577,576,577,576,577,576,577,576,577,576,577,576,577,576,577,562,563,518,519,518,519,516,517,516,517,562,563,542,543,542,543,542,543,540,541,540,541,542,543,540,541,542,543,542,543,544,545,562,563,518,519,518,519,520,521,520,521,564,565,576,577,576,577,576,577,576,577,576,577,576,577,576,577,576,577,576,577,568,569,566,567,560,561,516,517,516,517,516,517,516,517,516,517,516,517,562,563,568,569,568,569,568,569,568,569,568,569,566,567,560,561,516,517,516,517,516,517,516,517,562,563,568,569,576,577,576,577,576,577,576,577,576,577,576,577,576,577,576,577,578,579,578,579,578,579,578,579,578,579,572,573,572,573,572,573,572,573,572,573,572,573,572,573,580,581,580,581,572,573,572,573,562,563,516,517,516,517,516,517,516,517,516,517,560,561,560,561,572,573,572,573,572,573,572,573,580,581,582,583,574,575,574,575,574,575,564,565,564,565,548,549,548,549,548,549,548,549,546,547,546,547,518,519,562,563,562,563,580,581,580,581,572,573,572,573,560,561,560,561,516,517,516,517,516,517
8,9,6,7,6,7,50,51,64,65,64,65,64,65,64,65,64,65,64,65,64,65,64,65,64,65,50,51,6,7,4,5,6,7,6,7,32,33,30,31,30,31,30,31,28,29,28,29,28,29,30,31,30,31,30,31,32,33,32,33,6,7,6,7,8,9,8,9,52,53,64,65,64,65,64,65,64,65,64,65,64,65,64,65,64,65,64,65,56,57,48,49,48,49,4,5,4,5,4,5,4,5,4,5,50,51,50,51,56,57,56,57,56,57,56,57,54,55,54,55,48,49,2,3,2,3,2,3,2,3,50,51,56,57,64,65,64,65,64,65,64,65,64,65,64,65,64,65,64,65,66,67,66,67,66,67,66,67,66,67,60,61,60,61,60,61,60,61,60,61,60,61,60,61,68,69,68,69,62,63,60,61,50,51,6,7,4,5,4,5,4,5,4,5,48,49,60,61,60,61,60,61,60,61,60,61,68,69,68,69,62,63,62,63,62,63,62,63,52,53,52,53,52,53,52,53,8,9,8,9,6,7,6,7,6,7,50,51,68,69,68,69,60,61,60,61,60,61,48,49,4,5,4,5,4,5
520,521,518,519,518,519,562,563,576,577,576,577,576,577,576,577,576,577,576,577,576,577,576,577,576,577,562,563,518,519,516,517,518,519,518,519,544,545,542,543,542,543,542,543,540,541,540,541,540,541,542,543,542,543,542,543,544,545,544,545,518,519,518,519,520,521,520,521,564,565,576,577,576,577,576,577,576,577,576,577,576,577,576,577,576,577,576,577,568,569,560,561,560,561,516,517,516,517,516,517,516,517,516,517,562,563,562,563,568,569,568,569,568,569,568,569,566,567,566,567,560,561,514,515,514,515,514,515,514,515,562,563,568,569,576,577,576,577,576,577,576,577,576,577,576,577,576,577,576,577,578,579,578,579,578,579,578,579,578,579,572,573,572,573,572,573,572,573,572,573,572,573,572,573,580,581,580,581,574,575,572,573,562,563,518,519,516,517,516,517,516,517,516,517,560,561,572,573,572,573,572,573,572,573,572,573,580,581,580,581,574,575,574,575,574,575,574,575,564,565,564,565,564,565,564,565,520,521,520,521,518,519,518,519,518,519,562,563,580,581,580,581,572,573,572,573,572,573,560,561,516,517,516,517,516,517
8,9,6,7,6,7,50,51,64,65,64,65,64,65,64,65,64,65,64,65,64,65,64,65,64,65,50,51,6,7,6,7,6,7,4,5,32,33,30,31,30,31,30,31,28,29,28,29,28,29,28,29,30,31,30,31,30,31,32,33,6,7,6,7,6,7,8,9,52,53,64,65,64,65,64,65,64,65,64,65,64,65,64,65,64,65,64,65,56,57,50,51,4,5,4,5,4,5,4,5,6,7,6,7,50,51,56,57,64,65,64,65,64,65,64,65,64,65,48,49,48,49,2,3,2,3,2,3,2,3,48,49,56,57,64,65,64,65,64,65,64,65,64,65,64,65,64,65,64,65,66,67,66,67,66,67,66,67,66,67,68,69,68,69,68,69,68,69,68,69,68,69,68,69,68,69,68,69,70,71,70,71,50,51,4,5,4,5,4,5,4,5,2,3,48,49,68,69,68,69,68,69,68,69,68,69,68,69,68,69,70,71,70,71,70,71,70,71,70,71,70,71,70,71,52,53,8,9,8,9,6,7,6,7,6,7,50,51,68,69,68,69,68,69,68,69,68,69,50,51,50,51,4,5,6,7
520,521,518,519,518,519,562,563,576,577,576,577,576,577,576,577,576,577,576,577,576,577,576,577,576,577,562,563,518,519,518,519,518,519,516,517,544,545,542,543,542,543,542,543,540,541,540,541,540,541,540,541,542,543,542,543,542,543,544,545,518,519,518,519,518,519,520,521,564,565,576,577,576,577,576,577,576,577,576,577,576,577,576,577,576,577,576,577,568,569,562,563,516,517,516,517,516,517,516,517,518,519,518,519,562,563,568,569,576,577,576,577,576,577,576,577,576,577,560,561,560,561,514,515,514,515,514,515,514,515,560,561,568,569,576,577,576,577,576,577,576,577,576,577,576,577,576,577,576,577,578,579,578,579,578,579,578,579,578,579,580,581,580,581,580,581,580,581,580,581,580,581,580,581,580,581,580,581,582,583,582,583,562,563,516,517,516,517,516,517,516,517,514,515,560,561,580,581,580,581,580,581,580,581,580,581,580,581,580,581,582,583,582,583,582,583,582,583,582,583,582,583,582,583,564,565,520,521,520,521,518,519,518,519,518,519,562,563,580,581,580,581,580,581,580,581,580,581,562,563,562,563,516,517,518,519
6,7,6,7,6,7,50,51,64,65,64,65,64,65,64,65,64,65,64,65,64,65,64,65,64,65,50,51,6,7,6,7,6,7,6,7,50,51,30,31,30,31,28,29,28,29,28,29,28,29,28,29,28,29,30,31,30,31,50,51,4,5,6,7,6,7,6,7,52,53,64,65,64,65,64,65,64,65,64,65,64,65,64,65,64,65,64,65,56,57,50,51,6,7,6,7,6,7,6,7,6,7,6,7,52,53,56,57,64,65,64,65,64,65,64,65,64,65,48,49,2,3,2,3,2,3,2,3,48,49,48,49,54,55,64,65,64,65,64,65,64,65,64,65,64,65,64,65,64,65,52,53,52,53,52,53,50,51,50,51,50,51,60,61,60,61,60,61,62,63,60,61,62,63,70,71,70,71,62,63,62,63,50,51,6,7,4,5,4,5,4,5,2,3,48,49,60,61,60,61,60,61,60,61,60,61,68,69,68,69,60,61,62,63,62,63,62,63,62,63,52,53,52,53,52,53,8,9,8,9,6,7,6,7,6,7,50,51,68,69,68,69,60,61,60,61,60,61,62,63,50,51,6,7,6,7
518,519,518,519,518,519,562,563,576,577,576,577,576,577,576,577,576,577,576,577,576,577,576,577,576,577,562,563,518,519,518,519,518,519,518,519,562,563,542,543,542,543,540,541,540,541,540,541,540,541,540,541,540,541,542,543,542,543,562,563,516,517,518,519,518,519,518,519,564,565,576,577,576,577,576,577,576,577,576,577,576,577,576,577,576,577,576,577,568,569,562,563,518,519,518,519,518,519,518,519,518,519,518,519,564,565,568,569,576,577,576,577,576,577,576,577,576,577,560,561,514,515,514,515,514,515,514,515,560,561,560,561,566,567,576,577,576,577,576,577,576,577,576,577,576,577,576,577,576,577,564,565,564,565,564,565,562,563,562,563,562,563,572,573,572,573,572,573,574,575,572,573,574,575,582,583,582,583,574,575,574,575,562,563,518,519,516,517,516,517,516,517,514,515,560,561,572,573,572,573,572,573,572,573,572,573,580,581,580,581,572,573,574,575,574,575,574,575,574,575,564,565,564,565,564,565,520,521,520,521,518,519,518,519,518,519,562,563,580,581,580,581,572,573,572,573,572,573,574,575,562,563,518,519,518,519
6,7,6,7,6,7,50,51,64,65,64,65,64,65,64,65,64,65,64,65,64,65,64,65,64,65,52,53,8,9,6,7,6,7,6,7,50,51,30,31,30,31,28,29,28,29,28,29,28,29,28,29,28,29,28,29,30,31,50,51,6,7,6,7,6,7,6,7,52,53,64,65,64,65,64,65,64,65,64,65,64,65,64,65,64,65,64,65,56,57,50,51,6,7,6,7,6,7,6,7,6,7,8,9,52,53,56,57,64,65,64,65,64,65,64,65,64,65,48,49,2,3,2,3,2,3,2,3,48,49,54,55,56,57,64,65,64,65,64,65,64,65,64,65,66,67,66,67,52,53,52,53,34,35,34,35,34,35,32,33,50,51,50,51,60,61,60,61,60,61,62,63,62,63,70,71,70,71,62,63,62,63,50,51,6,7,4,5,4,5,4,5,4,5,48,49,60,61,60,61,60,61,60,61,60,61,68,69,68,69,60,61,50,51,50,51,52,53,52,53,52,53,36,37,36,37,8,9,6,7,6,7,6,7,6,7,50,51,68,69,68,69,60,61,60,61,62,63,62,63,50,51,6,7,6,7
518,519,518,519,518,519,562,563,576,577,576,577,576,577,576,577,576,577,576,577,576,577,576,577,576,577,564,565,520,521,518,519,518,519,518,519,562,563,542,543,542,543,540,541,540,541,540,541,540,541,540,541,540,541,540,541,542,543,562,563,518,519,518,519,518,519,518,519,564,565,576,577,576,577,576,577,576,577,576,577,576,577,576,577,576,577,576,577,568,569,562,563,518,519,518,519,518,519,518,519,518,519,520,521,564,565,568,569,576,577,576,577,576,577,576,577,576,577,560,561,514,515,514,515,514,515,514,515,560,561,566,567,568,569,576,577,576,577,576,577,576,577,576,577,578,579,578,579,564,565,564,565,546,547,546,547,546,547,544,545,562,563,562,563,572,573,572,573,572,573,574,575,574,575,582,583,582,583,574,575,574,575,562,563,518,519,516,517,516,517,516,517,516,517,560,561,572,573,572,573,572,573,572,573,572,573,580,581,580,581,572,573,562,563,562,563,564,565,564,565,564,565,548,549,548,549,520,521,518,519,518,519,518,519,518,519,562,563,580,581,580,581,572,573,572,573,574,575,574,575,562,563,518,519,518,519
6,7,6,7,6,7,50,51,64,65,64,65,64,65,64,65,64,65,64,65,64,65,64,65,64,65,52,53,8,9,6,7,6,7,6,7,50,51,50,51,30,31,28,29,28,29,28,29,28,29,28,29,28,29,30,31,48,49,48,49,4,5,6,7,6,7,6,7,52,53,64,65,64,65,64,65,64,65,64,65,64,65,64,65,64,65,64,65,50,51,50,51,6,7,6,7,6,7,6,7,8,9,8,9,52,53,58,59,64,65,64,65,64,65,64,65,64,65,48,49,2,3,2,3,2,3,2,3,48,49,54,55,54,55,64,65,64,65,64,65,64,65,64,65,66,67,52,53,52,53,34,35,34,35,32,33,32,33,32,33,32,33,50,51,50,51,62,63,62,63,62,63,62,63,70,71,70,71,62,63,62,63,50,51,6,7,32,33,32,33,30,31,30,31,48,49,48,49,60,61,60,61,60,61,48,49,48,49,48,49,50,51,50,51,6,7,6,7,34,35,34,35,34,35,34,35,34,35,34,35,6,7,6,7,50,51,50,51,68,69,68,69,62,63,62,63,62,63,62,63,50,51,52,53,6,7
518,519,518,519,518,519,562,563,576,577,576,577,576,577,576,577,576,577,576,577,576,577,576,577,576,577,564,565,520,521,518,519,518,519,518,519,562,563,562,563,542,543,540,541,540,541,540,541,540,541,540,541,540,541,542,543,560,561,560,561,516,517,518,519,518,519,518,519,564,565,576,577,576,577,576,577,576,577,576,577,576,577,576,577,576,577,576,577,562,563,562,563,518,519,518,519,518,519,518,519,520,521,520,521,564,565,570,571,576,577,576,577,576,577,576,577,576,577,560,561,514,515,514,515,514,515,514,515,560,561,566,567,566,567,576,577,576,577,576,577,576,577,576,577,578,579,564,565,564,565,546,547,546,547,544,545,544,545,544,545,544,545,562,563,562,563,574,575,574,575,574,575,574,575,582,583,582,583,574,575,574,575,562,563,518,519,544,545,544,545,542,543,542,543,560,561,560,561,572,573,572,573,572,573,560,561,560,561,560,561,562,563,562,563,518,519,518,519,546,547,546,547,546,547,546,547,546,547,546,547,518,519,518,519,562,563,562,563,580,581,580,581,574,575,574,575,574,575,574,575,562,563,564,565,518,519
32,33,4,5,4,5,50,51,64,65,64,65,64,65,64,65,64,65,64,65,64,65,64,65,64,65,52,53,8,9,6,7,6,7,6,7,50,51,50,51,48,49,48,49,28,29,28,29,28,29,28,29,48,49,48,49,48,49,48,49,4,5,32,33,32,33,6,7,50,51,50,51,50,51,50,51,50,51,50,51,50,51,50,51,50,51,50,51,50,51,6,7,6,7,6,7,6,7,8,9,8,9,8,9,52,53,58,59,64,65,64,65,64,65,64,65,64,65,48,49,2,3,2,3,2,3,2,3,48,49,54,55,54,55,64,65,64,65,64,65,64,65,64,65,52,53,50,51,34,35,32,33,32,33,32,33,32,33,32,33,32,33,32,33,50,51,50,51,50,51,50,51,52,53,52,53,52,53,52,53,52,53,52,53,34,35,32,33,32,33,30,31,28,29,28,29,48,49,48,49,48,49,48,49,48,49,2,3,4,5,4,5,4,5,6,7,6,7,34,35,34,35,34,35,34,35,34,35,32,33,6,7,50,51,50,51,62,63,70,71,68,69,62,63,62,63,62,63,62,63,62,63,52,53,6,7
544,545,516,517,516,517,562,563,576,577,576,577,576,577,576,577,576,577,576,577,576,577,576,577,576,577,564,565,520,521,518,519,518,519,518,519,562,563,562,563,560,561,560,561,540,541,540,541,540,541,540,541,560,561,560,561,560,561,560,561,516,517,544,545,544,545,518,519,562,563,562,563,562,563,562,563,562,563,562,563,562,563,562,563,562,563,562,563,562,563,518,519,518,519,518,519,518,519,520,521,520,521,520,521,564,565,570,571,576,577,576,577,576,577,576,577,576,577,560,561,514,515,514,515,514,515,514,515,560,561,566,567,566,567,576,577,576,577,576,577,576,577,576,577,564,565,562,563,546,547,544,545,544,545,544,545,544,545,544,545,544,545,544,545,562,563,562,563,562,563,562,563,564,565,564,565,564,565,564,565,564,565,564,565,546,547,544,545,544,545,542,543,540,541,540,541,560,561,560,561,560,561,560,561,560,561,514,515,516,517,516,517,516,517,518,519,518,519,546,547,546,547,546,547,546,547,546,547,544,545,518,519,562,563,562,563,574,575,582,583,580,581,574,575,574,575,574,575,574,575,574,575,564,565,518,519
30,31,30,31,30,31,50,51,50,51,50,51,50,51,50,51,50,51,52,53,52,53,52,53,52,53,52,53,8,9,8,9,6,7,6,7,50,51,50,51,50,51,48,49,48,49,48,49,48,49,48,49,48,49,48,49,48,49,30,31,32,33,32,33,32,33,32,33,32,33,50,51,6,7,4,5,4,5,4,5,4,5,4,5,4,5,4,5,6,7,6,7,6,7,6,7,8,9,8,9,8,9,8,9,52,53,58,59,64,65,64,65,64,65,64,65,64,65,48,49,2,3,2,3,2,3,2,3,48,49,48,49,48,49,50,51,50,51,50,51,50,51,50,51,50,51,34,35,32,33,32,33,32,33,32,33,32,33,32,33,32,33,32,33,32,33,6,7,6,7,8,9,8,9,8,9,8,9,8,9,8,9,34,35,34,35,32,33,32,33,30,31,30,31,28,29,28,29,2,3,2,3,2,3,2,3,2,3,4,5,4,5,6,7,6,7,34,35,34,35,34,35,34,35,34,35,32,33,32,33,32,33,50,51,50,51,50,51,50,51,70,71,62,63,62,63,62,63,52,53,52,53,52,53,8,9
542,543,542,543,542,543,562,563,562,563,562,563,562,563,562,563,562,563,564,565,564,565,564,565,564,565,564,565,520,521,520,521,518,519,518,519,562,563,562,563,562,563,560,561,560,561,560,561,560,561,560,561,560,561,560,561,560,561,542,543,544,545,544,545,544,545,544,545,544,545,562,563,518,519,516,517,516,517,516,517,516,517,516,517,516,517,516,517,518,519,518,519,518,519,518,519,520,521,520,521,520,521,520,521,564,565,570,571,576,577,576,577,576,577,576,577,576,577,560,561,514,515,514,515,514,515,514,515,560,561,560,561,560,561,562,563,562,563,562,563,562,563,562,563,562,563,546,547,544,545,544,545,544,545,544,545,544,545,544,545,544,545,544,545,544,545,518,519,518,519,520,521,520,521,520,521,520,521,520,521,520,521,546,547,546,547,544,545,544,545,542,543,542,543,540,541,540,541,514,515,514,515,514,515,514,515,514,515,516,517,516,517,518,519,518,519,546,547,546,547,546,547,546,547,546,547,544,545,544,545,544,545,562,563,562,563,562,563,562,563,582,583,574,575,574,575,574,575,564,565,564,565,564,565,520,521
30,31,30,31,30,31,4,5,4,5,4,5,6,7,6,7,6,7,6,7,8,9,8,9,8,9,8,9,8,9,8,9,8,9,6,7,6,7,6,7,4,5,4,5,2,3,2,3,2,3,4,5,2,3,2,3,4,5,30,31,32,33,32,33,32,33,32,33,32,33,6,7,4,5,4,5,4,5,4,5,4,5,4,5,4,5,4,5,6,7,6,7,6,7,8,9,8,9,8,9,8,9,8,9,52,53,52,53,64,65,64,65,64,65,64,65,64,65,48,49,2,3,2,3,2,3,2,3,48,49,48,49,4,5,4,5,6,7,6,7,6,7,6,7,6,7,32,33,32,33,32,33,32,33,30,31,30,31,30,31,32,33,32,33,32,33,6,7,6,7,6,7,8,9,8,9,8,9,8,9,36,37,36,37,34,35,32,33,32,33,30,31,30,31,28,29,28,29,28,29,2,3,2,3,2,3,4,5,4,5,4,5,4,5,6,7,32,33,32,33,32,33,32,33,32,33,32,33,32,33,32,33,4,5,4,5,4,5,50,51,50,51,50,51,52,53,52,53,52,53,8,9,8,9,8,9
542,543,542,543,542,543,516,517,516,517,516,517,518,519,518,519,518,519,518,519,520,521,520,521,520,521,520,521,520,521,520,521,520,521,518,519,518,519,518,519,516,517,516,517,514,515,514,515,514,515,516,517,514,515,514,515,516,517,542,543,544,545,544,545,544,545,544,545,544,545,518,519,516,517,516,517,516,517,516,517,516,517,516,517,516,517,516,517,518,519,518,519,518,519,520,521,520,521,520,521,520,521,520,521,564,565,564,565,576,577,576,577,576,577,576,577,576,577,560,561,514,515,514,515,514,515,514,515,560,561,560,561,516,517,516,517,518,519,518,519,518,519,518,519,518,519,544,545,544,545,544,545,544,545,542,543,542,543,542,543,544,545,544,545,544,545,518,519,518,519,518,519,520,521,520,521,520,521,520,521,548,549,548,549,546,547,544,545,544,545,542,543,542,543,540,541,540,541,540,541,514,515,514,515,514,515,516,517,516,517,516,517,516,517,518,519,544,545,544,545,544,545,544,545,544,545,544,545,544,545,544,545,516,517,516,517,516,517,562,563,562,563,562,563,564,565,564,565,564,565,520,521,520,521,520,521
28,29,30,31,30,31,30,31,4,5,4,5,6,7,6,7,6,7,6,7,8,9,8,9,8,9,8,9,8,9,8,9,8,9,6,7,6,7,4,5,4,5,4,5,4,5,4,5,4,5,2,3,4,5,4,5,30,31,30,31,32,33,32,33,32,33,32,33,30,31,32,33,4,5,4,5,4,5,4,5,4,5,4,5,4,5,4,5,4,5,6,7,6,7,8,9,8,9,8,9,8,9,8,9,8,9,52,53,64,65,64,65,64,65,64,65,64,65,48,49,2,3,2,3,4,5,2,3,4,5,4,5,4,5,4,5,4,5,6,7,6,7,6,7,4,5,32,33,32,33,30,31,30,31,30,31,30,31,30,31,30,31,32,33,32,33,6,7,6,7,8,9,8,9,8,9,8,9,8,9,36,37,34,35,34,35,34,35,32,33,32,33,30,31,30,31,30,31,28,29,2,3,2,3,2,3,4,5,4,5,4,5,4,5,6,7,4,5,32,33,32,33,32,33,30,31,30,31,30,31,4,5,4,5,4,5,4,5,6,7,6,7,6,7,8,9,8,9,8,9,8,9,8,9,8,9
540,541,542,543,542,543,542,543,516,517,516,517,518,519,518,519,518,519,518,519,520,521,520,521,520,521,520,521,520,521,520,521,520,521,518,519,518,519,516,517,516,517,516,517,516,517,516,517,516,517,514,515,516,517,516,517,542,543,542,543,544,545,544,545,544,545,544,545,542,543,544,545,516,517,516,517,516,517,516,517,516,517,516,517,516,517,516,517,516,517,518,519,518,519,520,521,520,521,520,521,520,521,520,521,520,521,564,565,576,577,576,577,576,577,576,577,576,577,560,561,514,515,514,515,516,517,514,515,516,517,516,517,516,517,516,517,516,517,518,519,518,519,518,519,516,517,544,545,544,545,542,543,542,543,542,543,542,543,542,543,542,543,544,545,544,545,518,519,518,519,520,521,520,521,520,521,520,521,520,521,548,549,546,547,546,547,546,547,544,545,544,545,542,543,542,543,542,543,540,541,514,515,514,515,514,515,516,517,516,517,516,517,516,517,518,519,516,517,544,545,544,545,544,545,542,543,542,543,542,543,516,517,516,517,516,517,516,517,518,519,518,519,518,519,520,521,520,521,520,521,520,521,520,521,520,521
30,31,28,29,28,29,28,29,4,5,4,5,4,5,6,7,6,7,6,7,8,9,8,9,8,9,8,9,8,9,8,9,8,9,6,7,6,7,6,7,4,5,4,5,4,5,4,5,4,5,4,5,4,5,4,5,32,33,32,33,32,33,32,33,32,33,32,33,32,33,30,31,4,5,4,5,4,5,2,3,2,3,4,5,4,5,4,5,4,5,50,51,50,51,8,9,8,9,8,9,8,9,8,9,8,9,52,53,52,53,70,71,70,71,56,57,56,57,48,49,4,5,4,5,4,5,4,5,4,5,4,5,4,5,4,5,6,7,6,7,4,5,6,7,4,5,32,33,30,31,30,31,30,31,30,31,30,31,30,31,30,31,30,31,32,33,6,7,6,7,8,9,8,9,8,9,8,9,8,9,36,37,36,37,34,35,34,35,32,33,32,33,30,31,30,31,30,31,30,31,4,5,2,3,4,5,4,5,4,5,4,5,4,5,6,7,6,7,32,33,32,33,30,31,30,31,30,31,30,31,4,5,4,5,4,5,4,5,4,5,4,5,6,7,6,7,8,9,8,9,8,9,8,9,8,9
542,543,540,541,540,541,540,541,516,517,516,517,516,517,518,519,518,519,518,519,520,521,520,521,520,521,520,521,520,521,520,521,520,521,518,519,518,519,518,519,516,517,516,517,516,517,516,517,516,517,516,517,516,517,516,517,544,545,544,545,544,545,544,545,544,545,544,545,544,545,542,543,516,517,516,517,516,517,514,515,514,515,516,517,516,517,516,517,516,517,562,563,562,563,520,521,520,521,520,521,520,521,520,521,520,521,564,565,564,565,582,583,582,583,568,569,568,569,560,561,516,517,516,517,516,517,516,517,516,517,516,517,516,517,516,517,518,519,518,519,516,517,518,519,516,517,544,545,542,543,542,543,542,543,542,543,542,543,542,543,542,543,542,543,544,545,518,519,518,519,520,521,520,521,520,521,520,521,520,521,548,549,548,549,546,547,546,547,544,545,544,545,542,543,542,543,542,543,542,543,516,517,514,515,516,517,516,517,516,517,516,517,516,517,518,519,518,519,544,545,544,545,542,543,542,543,542,543,542,543,516,517,516,517,516,517,516,517,516,517,516,517,518,519,518,519,520,521,520,521,520,521,520,521,520,521
28,29,28,29,28,29,2,3,2,3,4,5,4,5,4,5,6,7,6,7,8,9,8,9,8,9,8,9,8,9,8,9,6,7,6,7,6,7,6,7,4,5,4,5,4,5,4,5,4,5,4,5,4,5,6,7,4,5,32,33,32,33,32,33,32,33,32,33,30,31,4,5,48,49,48,49,48,49,48,49,48,49,48,49,48,49,48,49,50,51,50,51,50,51,52,53,52,53,8,9,8,9,8,9,8,9,8,9,52,53,70,71,70,71,56,57,50,51,50,51,4,5,4,5,4,5,4,5,4,5,6,7,4,5,4,5,6,7,6,7,6,7,4,5,4,5,4,5,30,31,30,31,28,29,28,29,28,29,30,31,30,31,30,31,50,51,50,51,50,51,52,53,52,53,52,53,52,53,52,53,36,37,36,37,34,35,34,35,32,33,32,33,32,33,30,31,30,31,30,31,4,5,4,5,4,5,4,5,4,5,4,5,6,7,50,51,50,51,50,51,4,5,30,31,30,31,2,3,2,3,2,3,4,5,2,3,4,5,4,5,4,5,6,7,6,7,6,7,8,9,8,9,8,9,8,9
540,541,540,541,540,541,514,515,514,515,516,517,516,517,516,517,518,519,518,519,520,521,520,521,520,521,520,521,520,521,520,521,518,519,518,519,518,519,518,519,516,517,516,517,516,517,516,517,516,517,516,517,516,517,518,519,516,517,544,545,544,545,544,545,544,545,544,545,542,543,516,517,560,561,560,561,560,561,560,561,560,561,560,561,560,561,560,561,562,563,562,563,562,563,564,565,564,565,520,521,520,521,520,521,520,521,520,521,564,565,582,583,582,583,568,569,562,563,562,563,516,517,516,517,516,517,516,517,516,517,518,519,516,517,516,517,518,519,518,519,518,519,516,517,516,517,516,517,542,543,542,543,540,541,540,541,540,541,542,543,542,543,542,543,562,563,562,563,562,563,564,565,564,565,564,565,564,565,564,565,548,549,548,549,546,547,546,547,544,545,544,545,544,545,542,543,542,543,542,543,516,517,516,517,516,517,516,517,516,517,516,517,518,519,562,563,562,563,562,563,516,517,542,543,542,543,514,515,514,515,514,515,516,517,514,515,516,517,516,517,516,517,518,519,518,519,518,519,520,521,520,521,520,521,520,521
28,29,28,29,28,29,48,49,48,49,48,49,50,51,50,51,50,51,52,53,52,53,52,53,52,53,52,53,8,9,8,9,6,7,6,7,50,51,50,51,50,51,50,51,50,51,50,51,50,51,50,51,50,51,50,51,52,53,34,35,34,35,32,33,32,33,32,33,30,31,48,49,48,49,48,49,48,49,48,49,48,49,48,49,48,49,48,49,50,51,50,51,50,51,52,53,52,53,8,9,8,9,8,9,8,9,8,9,52,53,70,71,70,71,50,51,50,51,4,5,4,5,4,5,4,5,4,5,6,7,6,7,50,51,50,51,50,51,50,51,50,51,50,51,50,51,48,49,48,49,30,31,28,29,28,29,28,29,30,31,30,31,48,49,50,51,50,51,52,53,52,53,52,53,52,53,52,53,52,53,52,53,36,37,34,35,34,35,32,33,32,33,32,33,30,31,30,31,4,5,4,5,4,5,4,5,50,51,50,51,50,51,50,51,50,51,60,61,50,51,4,5,4,5,4,5,2,3,2,3,2,3,2,3,2,3,4,5,4,5,4,5,6,7,6,7,6,7,8,9,8,9,8,9,8,9
540,541,540,541,540,541,560,561,560,561,560,561,562,563,562,563,562,563,564,565,564,565,564,565,564,565,564,565,520,521,520,521,518,519,518,519,562,563,562,563,562,563,562,563,562,563,562,563,562,563,562,563,562,563,562,563,564,565,546,547,546,547,544,545,544,545,544,545,542,543,560,561,560,561,560,561,560,561,560,561,560,561,560,561,560,561,560,561,562,563,562,563,562,563,564,565,564,565,520,521,520,521,520,521,520,521,520,521,564,565,582,583,582,583,562,563,562,563,516,517,516,517,516,517,516,517,516,517,518,519,518,519,562,563,562,563,562,563,562,563,562,563,562,563,562,563,560,561,560,561,542,543,540,541,540,541,540,541,542,543,542,543,560,561,562,563,562,563,564,565,564,565,564,565,564,565,564,565,564,565,564,565,548,549,546,547,546,547,544,545,544,545,544,545,542,543,542,543,516,517,516,517,516,517,516,517,562,563,562,563,562,563,562,563,562,563,572,573,562,563,516,517,516,517,516,517,514,515,514,515,514,515,514,515,514,515,516,517,516,517,516,517,518,519,518,519,518,519,520,521,520,521,520,521,520,521
28,29,2,3,2,3,48,49,64,65,64,65,68,69,68,69,70,71,70,71,70,71,70,71,70,71,52,53,6,7,6,7,6,7,6,7,50,51,66,67,64,65,64,65,66,67,64,65,66,67,66,67,66,67,66,67,52,53,50,51,6,7,34,35,32,33,6,7,50,51,48,49,48,49,48,49,48,49,28,29,28,29,48,49,48,49,48,49,50,51,50,51,50,51,52,53,52,53,8,9,8,9,8,9,8,9,6,7,50,51,70,71,70,71,50,51,6,7,4,5,4,5,6,7,50,51,50,51,50,51,50,51,50,51,66,67,64,65,64,65,64,65,64,65,64,65,64,65,48,49,48,49,28,29,28,29,28,29,28,29,2,3,48,49,50,51,50,51,50,51,52,53,34,35,36,37,36,37,36,37,52,53,52,53,34,35,32,33,32,33,32,33,32,33,32,33,50,51,50,51,50,51,50,51,50,51,50,51,70,71,62,63,62,63,62,63,62,63,50,51,4,5,4,5,2,3,2,3,2,3,2,3,48,49,48,49,48,49,4,5,4,5,6,7,6,7,6,7,8,9,52,53,52,53,52,53
540,541,514,515,514,515,560,561,576,577,576,577,580,581,580,581,582,583,582,583,582,583,582,583,582,583,564,565,518,519,518,519,518,519,518,519,562,563,578,579,576,577,576,577,578,579,576,577,578,579,578,579,578,579,578,579,564,565,562,563,518,519,546,547,544,545,518,519,562,563,560,561,560,561,560,561,560,561,540,541,540,541,560,561,560,561,560,561,562,563,562,563,562,563,564,565,564,565,520,521,520,521,520,521,520,521,518,519,562,563,582,583,582,583,562,563,518,519,516,517,516,517,518,519,562,563,562,563,562,563,562,563,562,563,578,579,576,577,576,577,576,577,576,577,576,577,576,577,560,561,560,561,540,541,540,541,540,541,540,541,514,515,560,561,562,563,562,563,562,563,564,565,546,547,548,549,548,549,548,549,564,565,564,565,546,547,544,545,544,545,544,545,544,545,544,545,562,563,562,563,562,563,562,563,562,563,562,563,582,583,574,575,574,575,574,575,574,575,562,563,516,517,516,517,514,515,514,515,514,515,514,515,560,561,560,561,560,561,516,517,516,517,518,519,518,519,518,519,520,521,564,565,564,565,564,565
2,3,2,3,2,3,48,49,64,65,64,65,64,65,68,69,70,71,70,71,70,71,70,71,66,67,52,53,6,7,6,7,6,7,6,7,50,51,66,67,66,67,66,67,66,67,66,67,66,67,66,67,66,67,66,67,66,67,52,53,8,9,6,7,6,7,6,7,50,51,50,51,48,49,28,29,28,29,28,29,28,29,28,29,28,29,48,49,50,51,50,51,50,51,50,51,52,53,6,7,6,7,8,9,8,9,6,7,52,53,70,71,50,51,50,51,6,7,4,5,4,5,6,7,50,51,58,59,66,67,66,67,66,67,66,67,64,65,64,65,64,65,64,65,64,65,64,65,54,55,48,49,48,49,2,3,2,3,2,3,2,3,48,49,50,51,50,51,32,33,34,35,34,35,34,35,34,35,34,35,34,35,34,35,6,7,32,33,34,35,32,33,32,33,50,51,50,51,62,63,62,63,62,63,62,63,70,71,70,71,62,63,62,63,62,63,50,51,50,51,4,5,4,5,2,3,2,3,2,3,2,3,48,49,54,55,48,49,48,49,50,51,50,51,50,51,52,53,52,53,52,53,66,67,66,67
514,515,514,515,514,515,560,561,576,577,576,577,576,577,580,581,582,583,582,583,582,583,582,583,578,579,564,565,518,519,518,519,518,519,518,519,562,563,578,579,578,579,578,579,578,579,578,579,578,579,578,579,578,579,578,579,578,579,564,565,520,521,518,519,518,519,518,519,562,563,562,563,560,561,540,541,540,541,540,541,540,541,540,541,540,541,560,561,562,563,562,563,562,563,562,563,564,565,518,519,518,519,520,521,520,521,518,519,564,565,582,583,562,563,562,563,518,519,516,517,516,517,518,519,562,563,570,571,578,579,578,579,578,579,578,579,576,577,576,577,576,577,576,577,576,577,576,577,566,567,560,561,560,561,514,515,514,515,514,515,514,515,560,561,562,563,562,563,544,545,546,547,546,547,546,547,546,547,546,547,546,547,546,547,518,519,544,545,546,547,544,545,544,545,562,563,562,563,574,575,574,575,574,575,574,575,582,583,582,583,574,575,574,575,574,575,562,563,562,563,516,517,516,517,514,515,514,515,514,515,514,515,560,561,566,567,560,561,560,561,562,563,562,563,562,563,564,565,564,565,564,565,578,579,578,579
2,3,2,3,2,3,48,49,64,65,64,65,64,65,64,65,66,67,66,67,66,67,66,67,66,67,50,51,6,7,6,7,4,5,6,7,50,51,64,65,64,65,64,65,64,65,64,65,64,65,64,65,64,65,66,67,66,67,52,53,8,9,6,7,6,7,6,7,50,51,50,51,30,31,28,29,28,29,28,29,28,29,28,29,30,31,28,29,48,49,50,51,50,51,50,51,50,51,6,7,6,7,6,7,6,7,6,7,50,51,70,71,50,51,6,7,4,5,6,7,6,7,50,51,50,51,58,59,66,67,66,67,66,67,66,67,64,65,64,65,64,65,64,65,64,65,64,65,54,55,54,55,48,49,2,3,2,3,2,3,2,3,48,49,50,51,32,33,32,33,32,33,34,35,34,35,34,35,34,35,34,35,34,35,34,35,6,7,6,7,6,7,50,51,50,51,62,63,62,63,62,63,62,63,62,63,70,71,70,71,62,63,62,63,62,63,50,51,4,5,4,5,4,5,2,3,2,3,2,3,48,49,48,49,54,55,64,65,64,65,64,65,64,65,66,67,66,67,66,67,70,71,66,67,66,67
514,515,514,515,514,515,560,561,576,577,576,577,576,577,576,577,578,579,578,579,578,579,578,579,578,579,562,563,518,519,518,519,516,517,518,519,562,563,576,577,576,577,576,577,576,577,576,577,576,577,576,577,576,577,578,579,578,579,564,565,520,521,518,519,518,519,518,519,562,563,562,563,542,543,540,541,540,541,540,541,540,541,540,541,542,543,540,541,560,561,562,563,562,563,562,563,562,563,518,519,518,519,518,519,518,519,518,519,562,563,582,583,562,563,518,519,516,517,518,519,518,519,562,563,562,563,570,571,578,579,578,579,578,579,578,579,576,577,576,577,576,577,576,577,576,577,576,577,566,567,566,567,560,561,514,515,514,515,514,515,514,515,560,561,562,563,544,545,544,545,544,545,546,547,546,547,546,547,546,547,546,547,546,547,546,547,518,519,518,519,518,519,562,563,562,563,574,575,574,575,574,575,574,575,574,575,582,583,582,583,574,575,574,575,574,575,562,563,516,517,516,517,516,517,514,515,514,515,514,515,560,561,560,561,566,567,576,577,576,577,576,577,576,577,578,579,578,579,578,579,582,583,578,579,578,579
2,3,2,3,2,3,48,49,64,65,64,65,64,65,64,65,64,65,64,65,64,65,66,67,66,67,50,51,6,7,6,7,4,5,4,5,50,51,56,57,64,65,64,65,64,65,64,65,64,65,64,65,64,65,66,67,66,67,52,53,8,9,8,9,6,7,6,7,50,51,30,31,30,31,28,29,28,29,28,29,28,29,28,29,28,29,30,31,30,31,50,51,50,51,50,51,50,51,6,7,6,7,6,7,6,7,6,7,50,51,68,69,50,51,50,51,4,5,4,5,6,7,6,7,52,53,58,59,66,67,66,67,66,67,66,67,64,65,64,65,64,65,64,65,64,65,64,65,54,55,54,55,48,49,2,3,2,3,2,3,2,3,48,49,50,51,32,33,32,33,32,33,34,35,34,35,32,33,34,35,32,33,32,33,32,33,4,5,6,7,4,5,50,51,50,51,62,63,62,63,62,63,62,63,62,63,70,71,70,71,62,63,62,63,62,63,50,51,6,7,4,5,4,5,2,3,2,3,2,3,48,49,64,65,64,65,64,65,64,65,64,65,64,65,66,67,66,67,66,67,70,71,66,67,70,71
514,515,514,515,514,515,560,561,576,577,576,577,576,577,576,577,576,577,576,577,576,577,578,579,578,579,562,563,518,519,518,519,516,517,516,517,562,563,568,569,576,577,576,577,576,577,576,577,576,577,576,577,576,577,578,579,578,579,564,565,520,521,520,521,518,519,518,519,562,563,542,543,542,543,540,541,540,541,540,541,540,541,540,541,540,541,542,543,542,543,562,563,562,563,562,563,562,563,518,519,518,519,518,519,518,519,518,519,562,563,580,581,562,563,562,563,516,517,516,517,518,519,518,519,564,565,570,571,578,579,578,579,578,579,578,579,576,577,576,577,576,577,576,577,576,577,576,577,566,567,566,567,560,561,514,515,514,515,514,515,514,515,560,561,562,563,544,545,544,545,544,545,546,547,546,547,544,545,546,547,544,545,544,545,544,545,516,517,518,519,516,517,562,563,562,563,574,575,574,575,574,575,574,575,574,575,582,583,582,583,574,575,574,575,574,575,562,563,518,519,516,517,516,517,514,515,514,515,514,515,560,561,576,577,576,577,576,577,576,577,576,577,576,577,578,579,578,579,578,579,582,583,578,579,582,583
2,3,2,3,48,49,48,49,64,65,64,65,64,65,64,65,64,65,64,65,64,65,64,65,64,65,50,51,4,5,4,5,4,5,4,5,48,49,56,57,64,65,64,65,64,65,64,65,64,65,64,65,64,65,66,67,66,67,52,53,8,9,8,9,6,7,6,7,50,51,30,31,30,31,28,29,28,29,28,29,28,29,28,29,30,31,30,31,30,31,50,51,50,51,50,51,50,51,6,7,4,5,6,7,6,7,4,5,50,51,68,69,68,69,50,51,4,5,6,7,6,7,6,7,52,53,70,71,66,67,66,67,66,67,66,67,64,65,64,65,64,65,64,65,64,65,64,65,54,55,54,55,48,49,2,3,2,3,2,3,4,5,48,49,30,31,32,33,32,33,32,33,32,33,32,33,34,35,32,33,32,33,32,33,32,33,32,33,4,5,4,5,6,7,50,51,62,63,62,63,62,63,62,63,62,63,70,71,70,71,62,63,62,63,62,63,50,51,6,7,4,5,4,5,4,5,2,3,2,3,48,49,64,65,64,65,64,65,64,65,64,65,64,65,66,67,66,67,66,67,66,67,66,67,70,71
514,515,514,515,560,561,560,561,576,577,576,577,576,577,576,577,576,577,576,577,576,577,576,577,576,577,562,563,516,517,516,517,516,517,516,517,560,561,568,569,576,577,576,577,576,577,576,577,576,577,576,577,576,577,578,579,578,579,564,565,520,521,520,521,518,519,518,519,562,563,542,543,542,543,540,541,540,541,540,541,540,541,540,541,542,543,542,543,542,543,562,563,562,563,562,563,562,563,518,519,516,517,518,519,518,519,516,517,562,563,580,581,580,581,562,563,516,517,518,519,518,519,518,519,564,565,582,583,578,579,578,579,578,579,578,579,576,577,576,577,576,577,576,577,576,577,576,577,566,567,566,567,560,561,514,515,514,515,514,515,516,517,560,561,542,543,544,545,544,545,544,545,544,545,544,545,546,547,544,545,544,545,544,545,544,545,544,545,516,517,516,517,518,519,562,563,574,575,574,575,574,575,574,575,574,575,582,583,582,583,574,575,574,575,574,575,562,563,518,519,516,517,516,517,516,517,514,515,514,515,560,561,576,577,576,577,576,577,576,577,576,577,576,577,578,579,578,579,578,579,578,579,578,579,582,583
4,5,2,3,48,49,64,65,64,65,64,65,64,65,64,65,64,65,64,65,64,65,64,65,64,65,50,51,4,5,4,5,4,5,4,5,48,49,54,55,64,65,64,65,64,65,64,65,64,65,64,65,64,65,66,67,66,67,52,53,8,9,8,9,8,9,6,7,50,51,32,33,30,31,30,31,28,29,28,29,28,29,30,31,30,31,30,31,32,33,50,51,50,51,50,51,6,7,4,5,4,5,4,5,4,5,50,51,50,51,68,69,68,69,50,51,4,5,4,5,6,7,6,7,52,53,52,53,66,67,66,67,66,67,66,67,64,65,64,65,64,65,64,65,64,65,64,65,56,57,54,55,48,49,2,3,2,3,2,3,2,3,50,51,32,33,32,33,32,33,32,33,32,33,32,33,32,33,32,33,32,33,32,33,30,31,30,31,4,5,4,5,4,5,50,51,50,51,70,71,70,71,70,71,70,71,70,71,70,71,70,71,70,71,70,71,52,53,6,7,4,5,4,5,4,5,2,3,2,3,48,49,64,65,64,65,64,65,64,65,64,65,64,65,64,65,64,65,70,71,66,67,66,67,64,65
516,517,514,515,560,561,576,577,576,577,576,577,576,577,576,577,576,577,576,577,576,577,576,577,576,577,562,563,516,517,516,517,516,517,516,517,560,561,566,567,576,577,576,577,576,577,576,577,576,577,576,577,576,577,578,579,578,579,564,565,520,521,520,521,520,521,518,519,562,563,544,545,542,543,542,543,540,541,540,541,540,541,542,543,542,543,542,543,544,545,562,563,562,563,562,563,518,519,516,517,516,517,516,517,516,517,562,563,562,563,580,581,580,581,562,563,516,517,516,517,518,519,518,519,564,565,564,565,578,579,578,579,578,579,578,579,576,577,576,577,576,577,576,577,576,577,576,577,568,569,566,567,560,561,514,515,514,515,514,515,514,515,562,563,544,545,544,545,544,545,544,545,544,545,544,545,544,545,544,545,544,545,544,545,542,543,542,543,516,517,516,517,516,517,562,563,562,563,582,583,582,583,582,583,582,583,582,583,582,583,582,583,582,583,582,583,564,565,518,519,516,517,516,517,516,517,514,515,514,515,560,561,576,577,576,577,576,577,576,577,576,577,576,577,576,577,576,577,582,583,578,579,578,579,576,577
4,5,4,5,48,49,64,65,64,65,64,65,64,65,64,65,64,65,64,65,64,65,64,65,64,65,50,51,4,5,4,5,2,3,2,3,48,49,54,55,64,65,64,65,64,65,64,65,64,65,64,65,64,65,66,67,66,67,52,53,8,9,8,9,8,9,6,7,50,51,32,33,30,31,30,31,30,31,30,31,30,31,30,31,30,31,32,33,32,33,50,51,50,51,50,51,4,5,6,7,4,5,4,5,4,5,48,49,54,55,68,69,68,69,50,51,50,51,4,5,4,5,6,7,6,7,52,53,66,67,66,67,66,67,66,67,64,65,64,65,64,65,64,65,64,65,64,65,56,57,54,55,48,49,2,3,4,5,2,3,4,5,50,51,50,51,32,33,32,33,32,33,32,33,32,33,32,33,32,33,30,31,30,31,30,31,48,49,4,5,4,5,4,5,4,5,50,51,62,63,62,63,62,63,62,63,70,71,70,71,62,63,62,63,62,63,52,53,6,7,4,5,4,5,4,5,4,5,2,3,48,49,64,65,64,65,64,65,64,65,64,65,64,65,64,65,64,65,70,71,66,67,64,65,64,65
516,517,516,517,560,561,576,577,576,577,576,577,576,577,576,577,576,577,576,577,576,577,576,577,576,577,562,563,516,517,516,517,514,515,514,515,560,561,566,567,576,577,576,577,576,577,576,577,576,577,576,577,576,577,578,579,578,579,564,565,520,521,520,521,520,521,518,519,562,563,544,545,542,543,542,543,542,543,542,543,542,543,542,543,542,543,544,545,544,545,562,563,562,563,562,563,516,517,518,519,516,517,516,517,516,517,560,561,566,567,580,581,580,581,562,563,562,563,516,517,516,517,518,519,518,519,564,565,578,579,578,579,578,579,578,579,576,577,576,577,576,577,576,577,576,577,576,577,568,569,566,567,560,561,514,515,516,517,514,515,516,517,562,563,562,563,544,545,544,545,544,545,544,545,544,545,544,545,544,545,542,543,542,543,542,543,560,561,516,517,516,517,516,517,516,517,562,563,574,575,574,575,574,575,574,575,582,583,582,583,574,575,574,575,574,575,564,565,518,519,516,517,516,517,516,517,516,517,514,515,560,561,576,577,576,577,576,577,576,577,576,577,576,577,576,577,576,577,582,583,578,579,576,577,576,577
4,5,4,5,50,51,64,65,64,65,64,65,64,65,64,65,64,65,64,65,64,65,56,57,56,57,50,51,2,3,2,3,2,3,2,3,48,49,54,55,64,65,64,65,64,65,64,65,64,65,64,65,64,65,66,67,66,67,52,53,8,9,8,9,8,9,6,7,50,51,50,51,30,31,30,31,30,31,30,31,30,31,32,33,32,33,32,33,50,51,50,51,50,51,6,7,6,7,4,5,4,5,4,5,48,49,48,49,54,55,68,69,68,69,54,55,50,51,4,5,4,5,6,7,6,7,52,53,52,53,52,53,52,53,52,53,64,65,64,65,64,65,64,65,64,65,64,65,56,57,56,57,48,49,4,5,4,5,4,5,4,5,50,51,50,51,32,33,32,33,32,33,32,33,32,33,32,33,30,31,30,31,30,31,28,29,48,49,4,5,4,5,4,5,4,5,50,51,52,53,62,63,62,63,62,63,70,71,70,71,62,63,62,63,62,63,52,53,6,7,4,5,4,5,4,5,4,5,2,3,48,49,64,65,64,65,64,65,64,65,64,65,64,65,66,67,64,65,66,67,64,65,64,65,64,65
516,517,516,517,562,563,576,577,576,577,576,577,576,577,576,577,576,577,576,577,576,577,568,569,568,569,562,563,514,515,514,515,514,515,514,515,560,561,566,567,576,577,576,577,576,577,576,577,576,577,576,577,576,577,578,579,578,579,564,565,520,521,520,521,520,521,518,519,562,563,562,563,542,543,542,543,542,543,542,543,542,543,544,545,544,545,544,545,562,563,562,563,562,563,518,519,518,519,516,517,516,517,516,517,560,561,560,561,566,567,580,581,580,581,566,567,562,563,516,517,516,517,518,519,518,519,564,565,564,565,564,565,564,565,564,565,576,577,576,577,576,577,576,577,576,577,576,577,568,569,568,569,560,561,516,517,516,517,516,517,516,517,562,563,562,563,544,545,544,545,544,545,544,545,544,545,544,545,542,543,542,543,542,543,540,541,560,561,516,517,516,517,516,517,516,517,562,563,564,565,574,575,574,575,574,575,582,583,582,583,574,575,574,575,574,575,564,565,518,519,516,517,516,517,516,517,516,517,514,515,560,561,576,577,576,577,576,577,576,577,576,577,576,577,578,579,576,577,578,579,576,577,576,577,576,577
4,5,4,5,50,51,64,65,64,65,64,65,64,65,64,65,64,65,64,65,64,65,56,57,54,55,48,49,2,3,2,3,2,3,2,3,48,49,54,55,64,65,64,65,64,65,64,65,64,65,64,65,64,65,66,67,66,67,52,53,8,9,8,9,6,7,6,7,50,51,50,51,50,51,32,33,30,31,32,33,32,33,32,33,32,33,50,51,50,51,50,51,32,33,32,33,32,33,32,33,4,5,2,3,48,49,54,55,54,55,68,69,68,69,54,55,48,49,50,51,4,5,6,7,6,7,8,9,46,47,46,47,46,47,52,53,52,53,52,53,52,53,50,51,50,51,50,51,50,51,50,51,50,51,4,5,4,5,4,5,4,5,50,51,50,51,50,51,32,33,32,33,32,33,32,33,30,31,30,31,30,31,28,29,48,49,48,49,48,49,4,5,4,5,30,31,32,33,50,51,52,53,52,53,62,63,70,71,70,71,62,63,62,63,62,63,52,53,6,7,4,5,4,5,4,5,4,5,4,5,50,51,64,65,64,65,64,65,64,65,66,67,64,65,66,67,66,67,66,67,64,65,64,65,64,65
516,517,516,517,562,563,576,577,576,577,576,577,576,577,576,577,576,577,576,577,576,577,568,569,566,567,560,561,514,515,514,515,514,515,514,515,560,561,566,567,576,577,576,577,576,577,576,577,576,577,576,577,576,577,578,579,578,579,564,565,520,521,520,521,518,519,518,519,562,563,562,563,562,563,544,545,542,543,544,545,544,545,544,545,544,545,562,563,562,563,562,563,544,545,544,545,544,545,544,545,516,517,514,515,560,561,566,567,566,567,580,581,580,581,566,567,560,561,562,563,516,517,518,519,518,519,520,521,558,559,558,559,558,559,564,565,564,565,564,565,564,565,562,563,562,563,562,563,562,563,562,563,562,563,516,517,516,517,516,517,516,517,562,563,562,563,562,563,544,545,544,545,544,545,544,545,542,543,542,543,542,543,540,541,560,561,560,561,560,561,516,517,516,517,542,543,544,545,562,563,564,565,564,565,574,575,582,583,582,583,574,575,574,575,574,575,564,565,518,519,516,517,516,517,516,517,516,517,516,517,562,563,576,577,576,577,576,577,576,577,578,579,576,577,578,579,578,579,578,579,576,577,576,577,576,577
4,5,4,5,50,51,50,51,64,65,64,65,64,65,64,65,64,65,64,65,64,65,56,57,50,51,48,49,2,3,2,3,2,3,2,3,48,49,48,49,64,65,64,65,64,65,64,65,64,65,64,65,64,65,52,53,52,53,52,53,8,9,8,9,6,7,6,7,50,51,50,51,50,51,50,51,50,51,32,33,32,33,50,51,50,51,50,51,52,53,34,35,34,35,32,33,32,33,32,33,30,31,4,5,48,49,54,55,54,55,68,69,68,69,54,55,48,49,50,51,4,5,20,21,20,21,20,21,46,47,46,47,46,47,46,47,46,47,44,45,44,45,44,45,42,43,42,43,42,43,42,43,50,51,50,51,4,5,6,7,6,7,6,7,50,51,50,51,50,51,50,51,32,33,30,31,30,31,30,31,40,41,38,39,38,39,38,39,38,39,28,29,30,31,30,31,32,33,32,33,34,35,52,53,62,63,70,71,70,71,52,53,52,53,52,53,52,53,6,7,6,7,6,7,4,5,4,5,4,5,50,51,64,65,64,65,64,65,64,65,50,51,50,51,50,51,50,51,50,51,50,51,50,51,48,49
516,517,516,517,562,563,562,563,576,577,576,577,576,577,576,577,576,577,576,577,576,577,568,569,562,563,560,561,514,515,514,515,514,515,514,515,560,561,560,561,576,577,576,577,576,577,576,577,576,577,576,577,576,577,564,565,564,565,564,565,520,521,520,521,518,519,518,519,562,563,562,563,562,563,562,563,562,563,544,545,544,545,562,563,562,563,562,563,564,565,546,547,546,547,544,545,544,545,544,545,542,543,516,517,560,561,566,567,566,567,580,581,580,581,566,567,560,561,562,563,516,517,532,533,532,533,532,533,558,559,558,559,558,559,558,559,558,559,556,557,556,557,556,557,554,555,554,555,554,555,554,555,562,563,562,563,516,517,518,519,518,519,518,519,562,563,562,563,562,563,562,563,544,545,542,543,542,543,542,543,552,553,550,551,550,551,550,551,550,551,540,541,542,543,542,543,544,545,544,545,546,547,564,565,574,575,582,583,582,583,564,565,564,565,564,565,564,565,518,519,518,519,518,519,516,517,516,517,516,517,562,563,576,577,576,577,576,577,576,577,562,563,562,563,562,563,562,563,562,563,562,563,562,563,560,561
6,7,6,7,6,7,50,51,52,53,52,53,52,53,52,53,64,65,64,65,64,65,50,51,50,51,30,31,28,29,28,29,28,29,28,29,28,29,48,49,48,49,50,51,50,51,50,51,50,51,50,51,52,53,52,53,8,9,8,9,8,9,6,7,6,7,6,7,6,7,6,7,6,7,4,5,6,7,6,7,6,7,6,7,6,7,6,7,34,35,34,35,34,35,32,33,32,33,30,31,30,31,30,31,48,49,48,49,54,55,68,69,48,49,48,49,48,49,18,19,18,19,20,21,20,21,20,21,44,45,46,47,46,47,44,45,44,45,44,45,44,45,44,45,42,43,42,43,42,43,42,43,42,43,42,43,42,43,42,43,44,45,44,45,44,45,44,45,44,45,42,43,42,43,42,43,40,41,38,39,38,39,38,39,38,39,38,39,38,39,28,29,30,31,30,31,32,33,32,33,34,35,52,53,52,53,52,53,52,53,52,53,8,9,6,7,6,7,6,7,6,7,4,5,4,5,4,5,4,5,50,51,50,51,50,51,50,51,50,51,52,53,6,7,6,7,6,7,4,5,4,5,4,5,4,5
518,519,518,519,518,519,562,563,564,565,564,565,564,565,564,565,576,577,576,577,576,577,562,563,562,563,542,543,540,541,540,541,540,541,540,541,540,541,560,561,560,561,562,563,562,563,562,563,562,563,562,563,564,565,564,565,520,521,520,521,520,521,518,519,518,519,518,519,518,519,518,519,518,519,516,517,518,519,518,519,518,519,518,519,518,519,518,519,546,547,546,547,546,547,544,545,544,545,542,543,542,543,542,543,560,561,560,561,566,567,580,581,560,561,560,561,560,561,530,531,530,531,532,533,532,533,532,533,556,557,558,559,558,559,556,557,556,557,556,557,556,557,556,557,554,555,554,555,554,555,554,555,554,555,554,555,554,555,554,555,556,557,556,557,556,557,556,557,556,557,554,555,554,555,554,555,552,553,550,551,550,551,550,551,550,551,550,551,550,551,540,541,542,543,542,543,544,545,544,545,546,547,564,565,564,565,564,565,564,565,564,565,520,521,518,519,518,519,518,519,518,519,516,517,516,517,516,517,516,517,562,563,562,563,562,563,562,563,562,563,564,565,518,519,518,519,518,519,516,517,516,517,516,517,516,517
6,7,6,7,6,7,8,9,8,9,8,9,8,9,52,53,52,53,50,51,50,51,50,51,32,33,30,31,28,29,28,29,28,29,28,29,28,29,28,29,2,3,4,5,4,5,4,5,6,7,6,7,6,7,6,7,6,7,6,7,6,7,6,7,6,7,6,7,6,7,4,5,6,7,6,7,6,7,6,7,6,7,6,7,6,7,34,35,34,35,36,37,34,35,32,33,32,33,32,33,30,31,30,31,30,31,48,49,48,49,48,49,48,49,18,19,18,19,18,19,18,19,18,19,20,21,20,21,44,45,44,45,44,45,44,45,44,45,44,45,44,45,44,45,42,43,42,43,42,43,42,43,42,43,44,45,44,45,44,45,44,45,44,45,44,45,44,45,44,45,44,45,42,43,40,41,40,41,40,41,38,39,38,39,38,39,38,39,28,29,28,29,30,31,30,31,32,33,32,33,32,33,34,35,6,7,6,7,8,9,6,7,6,7,6,7,6,7,6,7,4,5,6,7,6,7,6,7,6,7,6,7,6,7,6,7,6,7,6,7,6,7,6,7,6,7,6,7,6,7,4,5,4,5,2,3
518,519,518,519,518,519,520,521,520,521,520,521,520,521,564,565,564,565,562,563,562,563,562,563,544,545,542,543,540,541,540,541,540,541,540,541,540,541,540,541,514,515,516,517,516,517,516,517,518,519,518,519,518,519,518,519,518,519,518,519,518,519,518,519,518,519,518,519,518,519,516,517,518,519,518,519,518,519,518,519,518,519,518,519,518,519,546,547,546,547,548,549,546,547,544,545,544,545,544,545,542,543,542,543,542,543,560,561,560,561,560,561,560,561,530,531,530,531,530,531,530,531,530,531,532,533,532,533,556,557,556,557,556,557,556,557,556,557,556,557,556,557,556,557,554,555,554,555,554,555,554,555,554,555,556,557,556,557,556,557,556,557,556,557,556,557,556,557,556,557,556,557,554,555,552,553,552,553,552,553,550,551,550,551,550,551,550,551,540,541,540,541,542,543,542,543,544,545,544,545,544,545,546,547,518,519,518,519,520,521,518,519,518,519,518,519,518,519,518,519,516,517,518,519,518,519,518,519,518,519,518,519,518,519,518,519,518,519,518,519,518,519,518,519,518,519,518,519,518,519,516,517,516,517,514,515
6,7,6,7,8,9,8,9,8,9,8,9,8,9,8,9,8,9,8,9,6,7,32,33,30,31,30,31,30,31,28,29,28,29,28,29,28,29,28,29,28,29,4,5,4,5,4,5,4,5,6,7,6,7,6,7,6,7,6,7,6,7,6,7,4,5,4,5,4,5,4,5,4,5,6,7,6,7,6,7,6,7,8,9,8,9,36,37,36,37,34,35,34,35,34,35,32,33,32,33,30,31,30,31,28,29,48,49,48,49,18,19,18,19,18,19,18,19,18,19,18,19,18,19,20,21,20,21,44,45,44,45,44,45,42,43,44,45,42,43,42,43,42,43,42,43,42,43,42,43,42,43,42,43,44,45,44,45,44,45,44,45,44,45,44,45,46,47,44,45,44,45,42,43,42,43,40,41,40,41,38,39,38,39,38,39,38,39,28,29,28,29,30,31,30,31,30,31,32,33,34,35,34,35,6,7,6,7,6,7,6,7,6,7,6,7,6,7,4,5,4,5,4,5,4,5,4,5,6,7,6,7,6,7,6,7,6,7,6,7,8,9,6,7,6,7,6,7,6,7,4,5,4,5,2,3
518,519,518,519,520,521,520,521,520,521,520,521,520,521,520,521,520,521,520,521,518,519,544,545,542,543,542,543,542,543,540,541,540,541,540,541,540,541,540,541,540,541,516,517,516,517,516,517,516,517,518,519,518,519,518,519,518,519,518,519,518,519,518,519,516,517,516,517,516,517,516,517,516,517,518,519,518,519,518,519,518,519,520,521,520,521,548,549,548,549,546,547,546,547,546,547,544,545,544,545,542,543,542,543,540,541,560,561,560,561,530,531,530,531,530,531,530,531,530,531,530,531,530,531,532,533,532,533,556,557,556,557,556,557,554,555,556,557,554,555,554,555,554,555,554,555,554,555,554,555,554,555,554,555,556,557,556,557,556,557,556,557,556,557,556,557,558,559,556,557,556,557,554,555,554,555,552,553,552,553,550,551,550,551,550,551,550,551,540,541,540,541,542,543,542,543,542,543,544,545,546,547,546,547,518,519,518,519,518,519,518,519,518,519,518,519,518,519,516,517,516,517,516,517,516,517,516,517,518,519,518,519,518,519,518,519,518,519,518,519,520,521,518,519,518,519,518,519,518,519,516,517,516,517,514,515
6,7,6,7,8,9,8,9,8,9,8,9,8,9,8,9,8,9,6,7,6,7,32,33,32,33,30,31,30,31,30,31,28,29,28,29,28,29,28,29,30,31,4,5,4,5,14,15,4,5,6,7,6,7,6,7,6,7,6,7,4,5,4,5,4,5,4,5,4,5,4,5,4,5,6,7,6,7,6,7,6,7,16,17,8,9,36,37,36,37,36,37,36,37,34,35,34,35,32,33,32,33,30,31,28,29,18,19,18,19,14,15,18,19,18,19,18,19,18,19,18,19,18,19,20,21,20,21,42,43,42,43,42,43,42,43,42,43,42,43,42,43,42,43,40,41,42,43,42,43,42,43,42,43,44,45,44,45,46,47,46,47,46,47,46,47,46,47,46,47,44,45,42,43,42,43,40,41,40,41,38,39,38,39,38,39,38,39,38,39,28,29,30,31,30,31,30,31,32,33,32,33,6,7,6,7,6,7,6,7,6,7,6,7,6,7,4,5,6,7,4,5,6,7,4,5,6,7,6,7,6,7,8,9,8,9,8,9,16,17,8,9,8,9,6,7,6,7,6,7,6,7,4,5,2,3
518,519,518,519,520,521,520,521,520,521,520,521,520,521,520,521,520,521,518,519,518,519,544,545,544,545,542,543,542,543,542,543,540,541,540,541,540,541,540,541,542,543,516,517,516,517,526,527,516,517,518,519,518,519,518,519,518,519,518,519,516,517,516,517,516,517,516,517,516,517,516,517,516,517,518,519,518,519,518,519,518,519,528,529,520,521,548,549,548,549,548,549,548,549,546,547,546,547,544,545,544,545,542,543,540,541,530,531,530,531,526,527,530,531,530,531,530,531,530,531,530,531,530,531,532,533,532,533,554,555,554,555,554,555,554,555,554,555,554,555,554,555,554,555,552,553,554,555,554,555,554,555,554,555,556,557,556,557,558,559,558,559,558,559,558,559,558,559,558,559,556,557,554,555,554,555,552,553,552,553,550,551,550,551,550,551,550,551,550,551,540,541,542,543,542,543,542,543,544,545,544,545,518,519,518,519,518,519,518,519,518,519,518,519,518,519,516,517,518,519,516,517,518,519,516,517,518,519,518,519,518,519,520,521,520,521,520,521,528,529,520,521,520,521,518,519,518,519,518,519,518,519,516,517,514,515
6,7,6,7,6,7,8,9,8,9,8,9,8,9,8,9,8,9,8,9,6,7,32,33,32,33,32,33,30,31,30,31,28,29,30,31,30,31,28,29,30,31,4,5,4,5,14,15,6,7,4,5,6,7,6,7,4,5,4,5,4,5,4,5,4,5,4,5,4,5,4,5,4,5,4,5,6,7,6,7,6,7,16,17,8,9,36,37,36,37,36,37,36,37,36,37,34,35,32,33,32,33,30,31,30,31,18,19,18,19,14,15,18,19,18,19,18,19,48,49,50,51,18,19,18,19,20,21,18,19,50,51,50,51,42,43,42,43,40,41,42,43,40,41,42,43,40,41,42,43,42,43,44,45,44,45,46,47,44,45,46,47,46,47,46,47,46,47,46,47,44,45,42,43,42,43,42,43,40,41,40,41,40,41,38,39,38,39,38,39,30,31,30,31,30,31,30,31,32,33,32,33,6,7,6,7,6,7,6,7,6,7,4,5,4,5,4,5,4,5,4,5,4,5,6,7,6,7,6,7,6,7,8,9,8,9,8,9,16,17,8,9,8,9,6,7,6,7,6,7,4,5,4,5,2,3
518,519,518,519,518,519,520,521,520,521,520,521,520,521,520,521,520,521,520,521,518,519,544,545,544,545,544,545,542,543,542,543,540,541,542,543,542,543,540,541,542,543,516,517,516,517,526,527,518,519,516,517,518,519,518,519,516,517,516,517,516,517,516,517,516,517,516,517,516,517,516,517,516,517,516,517,518,519,518,519,518,519,528,529,520,521,548,549,548,549,548,549,548,549,548,549,546,547,544,545,544,545,542,543,542,543,530,531,530,531,526,527,530,531,530,531,530,531,560,561,562,563,530,531,530,531,532,533,530,531,562,563,562,563,554,555,554,555,552,553,554,555,552,553,554,555,552,553,554,555,554,555,556,557,556,557,558,559,556,557,558,559,558,559,558,559,558,559,558,559,556,557,554,555,554,555,554,555,552,553,552,553,552,553,550,551,550,551,550,551,542,543,542,543,542,543,542,543,544,545,544,545,518,519,518,519,518,519,518,519,518,519,516,517,516,517,516,517,516,517,516,517,516,517,518,519,518,519,518,519,518,519,520,521,520,521,520,521,528,529,520,521,520,521,518,519,518,519,518,519,516,517,516,517,514,515
6,7,6,7,8,9,8,9,8,9,8,9,8,9,8,9,8,9,8,9,6,7,32,33,32,33,32,33,30,31,30,31,30,31,30,31,30,31,30,31,30,31,4,5,4,5,14,15,6,7,4,5,4,5,4,5,4,5,4,5,4,5,4,5,2,3,4,5,2,3,4,5,4,5,6,7,6,7,6,7,8,9,16,17,8,9,8,9,36,37,36,37,36,37,34,35,34,35,34,35,32,33,30,31,18,19,18,19,18,19,14,15,18,19,48,49,50,51,48,49,50,51,18,19,20,21,18,19,18,19,50,51,50,51,50,51,50,51,50,51,50,51,48,49,48,49,48,49,50,51,50,51,44,45,44,45,44,45,46,47,46,47,46,47,46,47,46,47,46,47,44,45,44,45,42,43,42,43,48,49,48,49,48,49,48,49,48,49,2,3,2,3,4,5,30,31,32,33,6,7,4,5,6,7,4,5,6,7,6,7,4,5,4,5,4,5,4,5,4,5,4,5,4,5,4,5,4,5,6,7,6,7,8,9,8,9,8,9,16,17,8,9,8,9,8,9,6,7,6,7,6,7,4,5,4,5
518,519,518,519,520,521,520,521,520,521,520,521,520,521,520,521,520,521,520,521,518,519,544,545,544,545,544,545,542,543,542,543,542,543,542,543,542,543,542,543,542,543,516,517,516,517,526,527,518,519,516,517,516,517,516,517,516,517,516,517,516,517,516,517,514,515,516,517,514,515,516,517,516,517,518,519,518,519,518,519,520,521,528,529,520,521,520,521,548,549,548,549,548,549,546,547,546,547,546,547,544,545,542,543,530,531,530,531,530,531,526,527,530,531,560,561,562,563,560,561,562,563,530,531,532,533,530,531,530,531,562,563,562,563,562,563,562,563,562,563,562,563,560,561,560,561,560,561,562,563,562,563,556,557,556,557,556,557,558,559,558,559,558,559,558,559,558,559,558,559,556,557,556,557,554,555,554,555,560,561,560,561,560,561,560,561,560,561,514,515,514,515,516,517,542,543,544,545,518,519,516,517,518,519,516,517,518,519,518,519,516,517,516,517,516,517,516,517,516,517,516,517,516,517,516,517,516,517,518,519,518,519,520,521,520,521,520,521,528,529,520,521,520,521,520,521,518,519,518,519,518,519,516,517,516,517
6,7,6,7,6,7,8,9,8,9,8,9,8,9,8,9,8,9,8,9,8,9,34,35,32,33,32,33,32,33,30,31,30,31,30,31,30,31,32,33,32,33,4,5,6,7,16,17,6,7,4,5,4,5,4,5,50,51,48,49,2,3,2,3,2,3,2,3,48,49,48,49,50,51,50,51,50,51,50,51,52,53,16,17,52,53,52,53,52,53,36,37,36,37,34,35,34,35,32,33,32,33,18,19,18,19,18,19,18,19,14,15,48,49,48,49,68,69,68,69,50,51,18,19,18,19,20,21,20,21,50,51,68,69,64,65,64,65,64,65,64,65,64,65,64,65,64,65,64,65,50,51,50,51,50,51,44,45,46,47,46,47,46,47,52,53,52,53,52,53,52,53,52,53,50,51,50,51,50,51,64,65,64,65,64,65,48,49,2,3,4,5,4,5,4,5,4,5,4,5,50,51,6,7,6,7,4,5,4,5,4,5,48,49,48,49,48,49,48,49,48,49,48,49,4,5,6,7,6,7,6,7,8,9,8,9,8,9,16,17,8,9,52,53,52,53,52,53,52,53,50,51,4,5,4,5
518,519,518,519,518,519,520,521,520,521,520,521,520,521,520,521,520,521,520,521,520,521,546,547,544,545,544,545,544,545,542,543,542,543,542,543,542,543,544,545,544,545,516,517,518,519,528,529,518,519,516,517,516,517,516,517,562,563,560,561,514,515,514,515,514,515,514,515,560,561,560,561,562,563,562,563,562,563,562,563,564,565,528,529,564,565,564,565,564,565,548,549,548,549,546,547,546,547,544,545,544,545,530,531,530,531,530,531,530,531,526,527,560,561,560,561,580,581,580,581,562,563,530,531,530,531,532,533,532,533,562,563,580,581,576,577,576,577,576,577,576,577,576,577,576,577,576,577,576,577,562,563,562,563,562,563,556,557,558,559,558,559,558,559,564,565,564,565,564,565,564,565,564,565,562,563,562,563,562,563,576,577,576,577,576,577,560,561,514,515,516,517,516,517,516,517,516,517,516,517,562,563,518,519,518,519,516,517,516,517,516,517,560,561,560,561,560,561,560,561,560,561,560,561,516,517,518,519,518,519,518,519,520,521,520,521,520,521,528,529,520,521,564,565,564,565,564,565,564,565,562,563,516,517,516,517
4,5,6,7,6,7,6,7,52,53,52,53,52,53,52,53,8,9,8,9,8,9,34,35,32,33,32,33,32,33,30,31,30,31,30,31,32,33,32,33,32,33,50,51,50,51,16,17,50,51,50,51,50,51,50,51,48,49,48,49,48,49,2,3,2,3,2,3,2,3,48,49,54,55,56,57,56,57,56,57,52,53,16,17,52,53,58,59,52,53,52,53,36,37,36,37,34,35,34,35,20,21,18,19,50,51,50,51,48,49,14,15,50,51,68,69,68,69,68,69,50,51,20,21,20,21,18,19,18,19,50,51,68,69,64,65,64,65,64,65,64,65,64,65,64,65,64,65,64,65,64,65,66,67,50,51,44,45,46,47,46,47,46,47,52,53,66,67,66,67,66,67,66,67,66,67,66,67,64,65,64,65,64,65,64,65,48,49,4,5,4,5,4,5,4,5,6,7,6,7,50,51,50,51,50,51,50,51,50,51,48,49,48,49,48,49,48,49,48,49,48,49,2,3,4,5,4,5,6,7,52,53,52,53,52,53,52,53,16,17,52,53,52,53,58,59,58,59,58,59,50,51,4,5,4,5
516,517,518,519,518,519,518,519,564,565,564,565,564,565,564,565,520,521,520,521,520,521,546,547,544,545,544,545,544,545,542,543,542,543,542,543,544,545,544,545,544,545,562,563,562,563,528,529,562,563,562,563,562,563,562,563,560,561,560,561,560,561,514,515,514,515,514,515,514,515,560,561,566,567,568,569,568,569,568,569,564,565,528,529,564,565,570,571,564,565,564,565,548,549,548,549,546,547,546,547,532,533,530,531,562,563,562,563,560,561,526,527,562,563,580,581,580,581,580,581,562,563,532,533,532,533,530,531,530,531,562,563,580,581,576,577,576,577,576,577,576,577,576,577,576,577,576,577,576,577,576,577,578,579,562,563,556,557,558,559,558,559,558,559,564,565,578,579,578,579,578,579,578,579,578,579,578,579,576,577,576,577,576,577,576,577,560,561,516,517,516,517,516,517,516,517,518,519,518,519,562,563,562,563,562,563,562,563,562,563,560,561,560,561,560,561,560,561,560,561,560,561,514,515,516,517,516,517,518,519,564,565,564,565,564,565,564,565,528,529,564,565,564,565,570,571,570,571,570,571,562,563,516,517,516,517
4,5,6,7,6,7,6,7,52,53,58,59,58,59,52,53,52,53,52,53,50,51,50,51,32,33,32,33,32,33,32,33,32,33,32,33,32,33,34,35,6,7,50,51,52,53,16,17,50,51,66,67,64,65,64,65,64,65,64,65,48,49,2,3,2,3,2,3,2,3,48,49,54,55,56,57,56,57,56,57,52,53,16,17,52,53,58,59,58,59,52,53,20,21,20,21,20,21,20,21,20,21,20,21,50,51,64,65,50,51,14,15,50,51,66,67,70,71,70,71,50,51,20,21,20,21,20,21,18,19,50,51,68,69,68,69,64,65,64,65,64,65,64,65,64,65,64,65,64,65,64,65,64,65,50,51,44,45,44,45,46,47,46,47,52,53,66,67,66,67,66,67,70,71,70,71,70,71,68,69,68,69,64,65,64,65,50,51,4,5,4,5,16,17,16,17,16,17,16,17,14,15,14,15,14,15,14,15,14,15,14,15,14,15,14,15,14,15,14,15,14,15,14,15,4,5,4,5,6,7,50,51,58,59,58,59,52,53,16,17,52,53,64,65,64,65,64,65,64,65,50,51,6,7,4,5
516,517,518,519,518,519,518,519,564,565,570,571,570,571,564,565,564,565,564,565,562,563,562,563,544,545,544,545,544,545,544,545,544,545,544,545,544,545,546,547,518,519,562,563,564,565,528,529,562,563,578,579,576,577,576,577,576,577,576,577,560,561,514,515,514,515,514,515,514,515,560,561,566,567,568,569,568,569,568,569,564,565,528,529,564,565,570,571,570,571,564,565,532,533,532,533,532,533,532,533,532,533,532,533,562,563,576,577,562,563,526,527,562,563,578,579,582,583,582,583,562,563,532,533,532,533,532,533,530,531,562,563,580,581,580,581,576,577,576,577,576,577,576,577,576,577,576,577,576,577,576,577,576,577,562,563,556,557,556,557,558,559,558,559,564,565,578,579,578,579,578,579,582,583,582,583,582,583,580,581,580,581,576,577,576,577,562,563,516,517,516,517,528,529,528,529,528,529,528,529,526,527,526,527,526,527,526,527,526,527,526,527,526,527,526,527,526,527,526,527,526,527,526,527,516,517,516,517,518,519,562,563,570,571,570,571,564,565,528,529,564,565,576,577,576,577,576,577,576,577,562,563,518,519,516,517
4,5,6,7,6,7,6,7,52,53,58,59,58,59,70,71,70,71,56,57,56,57,50,51,50,51,32,33,32,33,32,33,32,33,32,33,32,33,6,7,6,7,52,53,50,51,16,17,50,51,56,57,66,67,64,65,64,65,64,65,48,49,2,3,2,3,2,3,2,3,48,49,54,55,56,57,56,57,56,57,50,51,16,17,52,53,58,59,58,59,52,53,20,21,20,21,20,21,20,21,20,21,20,21,50,51,66,67,50,51,16,17,50,51,66,67,70,71,52,53,52,53,20,21,20,21,20,21,50,51,50,51,64,65,64,65,64,65,64,65,64,65,64,65,64,65,64,65,64,65,64,65,66,67,50,51,44,45,46,47,46,47,46,47,52,53,64,65,64,65,64,65,64,65,64,65,64,65,64,65,64,65,64,65,64,65,50,51,6,7,6,7,6,7,6,7,6,7,6,7,50,51,50,51,50,51,50,51,48,49,48,49,48,49,48,49,48,49,48,49,48,49,2,3,4,5,4,5,4,5,50,51,58,59,58,59,52,53,16,17,52,53,64,65,64,65,64,65,64,65,50,51,4,5,4,5
516,517,518,519,518,519,518,519,564,565,570,571,570,571,582,583,582,583,568,569,568,569,562,563,562,563,544,545,544,545,544,545,544,545,544,545,544,545,518,519,518,519,564,565,562,563,528,529,562,563,568,569,578,579,576,577,576,577,576,577,560,561,514,515,514,515,514,515,514,515,560,561,566,567,568,569,568,569,568,569,562,563,528,529,564,565,570,571,570,571,564,565,532,533,532,533,532,533,532,533,532,533,532,533,562,563,578,579,562,563,528,529,562,563,578,579,582,583,564,565,564,565,532,533,532,533,532,533,562,563,562,563,576,577,576,577,576,577,576,577,576,577,576,577,576,577,576,577,576,577,576,577,578,579,562,563,556,557,558,559,558,559,558,559,564,565,576,577,576,577,576,577,576,577,576,577,576,577,576,577,576,577,576,577,576,577,562,563,518,519,518,519,518,519,518,519,518,519,518,519,562,563,562,563,562,563,562,563,560,561,560,561,560,561,560,561,560,561,560,561,560,561,514,515,516,517,516,517,516,517,562,563,570,571,570,571,564,565,528,529,564,565,576,577,576,577,576,577,576,577,562,563,516,517,516,517
4,5,6,7,6,7,6,7,52,53,70,71,70,71,70,71,70,71,70,71,70,71,68,69,50,51,50,51,50,51,6,7,6,7,6,7,6,7,8,9,6,7,52,53,52,53,16,17,52,53,66,67,66,67,64,65,64,65,64,65,48,49,2,3,2,3,2,3,2,3,48,49,54,55,56,57,56,57,56,57,50,51,16,17,52,53,58,59,58,59,52,53,20,21,20,21,20,21,20,21,20,21,18,19,50,51,66,67,50,51,16,17,50,51,66,67,66,67,52,53,20,21,20,21,20,21,20,21,50,51,64,65,64,65,64,65,64,65,64,65,64,65,64,65,64,65,64,65,64,65,64,65,50,51,50,51,42,43,44,45,44,45,52,53,52,53,64,65,64,65,64,65,64,65,64,65,64,65,64,65,64,65,64,65,70,71,50,51,6,7,6,7,6,7,6,7,6,7,6,7,50,51,56,57,56,57,56,57,54,55,54,55,54,55,54,55,54,55,54,55,48,49,2,3,2,3,4,5,6,7,50,51,58,59,58,59,52,53,16,17,52,53,64,65,64,65,64,65,64,65,50,51,6,7,4,5
516,517,518,519,518,519,518,519,564,565,582,583,582,583,582,583,582,583,582,583,582,583,580,581,562,563,562,563,562,563,518,519,518,519,518,519,518,519,520,521,518,519,564,565,564,565,528,529,564,565,578,579,578,579,576,577,576,577,576,577,560,561,514,515,514,515,514,515,514,515,560,561,566,567,568,569,568,569,568,569,562,563,528,529,564,565,570,571,570,571,564,565,532,533,532,533,532,533,532,533,532,533,530,531,562,563,578,579,562,563,528,529,562,563,578,579,578,579,564,565,532,533,532,533,532,533,532,533,562,563,576,577,576,577,576,577,576,577,576,577,576,577,576,577,576,577,576,577,576,577,576,577,562,563,562,563,554,555,556,557,556,557,564,565,564,565,576,577,576,577,576,577,576,577,576,577,576,577,576,577,576,577,576,577,582,583,562,563,518,519,518,519,518,519,518,519,518,519,518,519,562,563,568,569,568,569,568,569,566,567,566,567,566,567,566,567,566,567,566,567,560,561,514,515,514,515,516,517,518,519,562,563,570,571,570,571,564,565,528,529,564,565,576,577,576,577,576,577,576,577,562,563,518,519,516,517
4,5,4,5,6,7,6,7,52,53,70,71,70,71,70,71,70,71,70,71,70,71,68,69,68,69,50,51,50,51,6,7,6,7,6,7,6,7,8,9,8,9,52,53,52,53,16,17,52,53,66,67,66,67,64,65,64,65,64,65,48,49,2,3,2,3,2,3,2,3,48,49,54,55,64,65,64,65,64,65,50,51,16,17,52,53,58,59,56,57,50,51,20,21,20,21,20,21,18,19,20,21,18,19,50,51,66,67,50,51,16,17,52,53,66,67,66,67,52,53,20,21,20,21,20,21,20,21,50,51,50,51,50,51,48,49,48,49,48,49,48,49,48,49,48,49,48,49,48,49,50,51,50,51,42,43,44,45,44,45,44,45,52,53,70,71,64,65,64,65,64,65,64,65,64,65,64,65,64,65,64,65,64,65,50,51,52,53,6,7,6,7,8,9,8,9,6,7,52,53,50,51,56,57,56,57,56,57,54,55,54,55,54,55,54,55,54,55,54,55,48,49,2,3,4,5,4,5,4,5,50,51,56,57,58,59,52,53,16,17,52,53,64,65,64,65,64,65,64,65,50,51,6,7,4,5
516,517,516,517,518,519,518,519,564,565,582,583,582,583,582,583,582,583,582,583,582,583,580,581,580,581,562,563,562,563,518,519,518,519,518,519,518,519,520,521,520,521,564,565,564,565,528,529,564,565,578,579,578,579,576,577,576,577,576,577,560,561,514,515,514,515,514,515,514,515,560,561,566,567,576,577,576,577,576,577,562,563,528,529,564,565,570,571,568,569,562,563,532,533,532,533,532,533,530,531,532,533,530,531,562,563,578,579,562,563,528,529,564,565,578,579,578,579,564,565,532,533,532,533,532,533,532,533,562,563,562,563,562,563,560,561,560,561,560,561,560,561,560,561,560,561,560,561,560,561,562,563,562,563,554,555,556,557,556,557,556,557,564,565,582,583,576,577,576,577,576,577,576,577,576,577,576,577,576,577,576,577,576,577,562,563,564,565,518,519,518,519,520,521,520,521,518,519,564,565,562,563,568,569,568,569,568,569,566,567,566,567,566,567,566,567,566,567,566,567,560,561,514,515,516,517,516,517,516,517,562,563,568,569,570,571,564,565,528,529,564,565,576,577,576,577,576,577,576,577,562,563,518,519,516,517
4,5,6,7,6,7,50,51,50,51,56,57,56,57,70,71,68,69,56,57,56,57,56,57,56,57,50,51,6,7,6,7,6,7,6,7,8,9,8,9,52,53,52,53,52,53,16,17,52,53,66,67,66,67,64,65,64,65,64,65,48,49,2,3,2,3,2,3,2,3,48,49,54,55,64,65,64,65,64,65,50,51,16,17,50,51,56,57,56,57,50,51,20,21,18,19,18,19,18,19,18,19,18,19,50,51,66,67,50,51,16,17,52,53,66,67,66,67,52,53,20,21,20,21,20,21,20,21,16,17,14,15,14,15,14,15,14,15,14,15,14,15,14,15,14,15,14,15,14,15,14,15,14,15,16,17,16,17,16,17,44,45,50,51,70,71,64,65,64,65,64,65,64,65,64,65,64,65,64,65,64,65,64,65,50,51,6,7,6,7,8,9,8,9,8,9,8,9,52,53,58,59,58,59,56,57,56,57,54,55,54,55,54,55,54,55,54,55,54,55,48,49,2,3,4,5,4,5,4,5,50,51,56,57,56,57,52,53,16,17,52,53,64,65,64,65,64,65,64,65,50,51,6,7,6,7
516,517,518,519,518,519,562,563,562,563,568,569,568,569,582,583,580,581,568,569,568,569,568,569,568,569,562,563,518,519,518,519,518,519,518,519,520,521,520,521,564,565,564,565,564,565,528,529,564,565,578,579,578,579,576,577,576,577,576,577,560,561,514,515,514,515,514,515,514,515,560,561,566,567,576,577,576,577,576,577,562,563,528,529,562,563,568,569,568,569,562,563,532,533,530,531,530,531,530,531,530,531,530,531,562,563,578,579,562,563,528,529,564,565,578,579,578,579,564,565,532,533,532,533,532,533,532,533,528,529,526,527,526,527,526,527,526,527,526,527,526,527,526,527,526,527,526,527,526,527,526,527,526,527,528,529,528,529,528,529,556,557,562,563,582,583,576,577,576,577,576,577,576,577,576,577,576,577,576,577,576,577,576,577,562,563,518,519,518,519,520,521,520,521,520,521,520,521,564,565,570,571,570,571,568,569,568,569,566,567,566,567,566,567,566,567,566,567,566,567,560,561,514,515,516,517,516,517,516,517,562,563,568,569,568,569,564,565,528,529,564,565,576,577,576,577,576,577,576,577,562,563,518,519,518,519
4,5,4,5,6,7,50,51,56,57,56,57,56,57,68,69,68,69,56,57,54,55,56,57,56,57,50,51,4,5,6,7,6,7,6,7,8,9,8,9,52,53,52,53,52,53,16,17,52,53,52,53,50,51,64,65,64,65,64,65,48,49,2,3,2,3,2,3,2,3,48,49,54,55,64,65,64,65,64,65,50,51,16,17,50,51,56,57,56,57,50,51,18,19,18,19,18,19,18,19,18,19,18,19,50,51,66,67,50,51,16,17,52,53,66,67,52,53,52,53,36,37,36,37,34,35,34,35,50,51,50,51,50,51,48,49,48,49,48,49,48,49,48,49,48,49,48,49,48,49,48,49,50,51,42,43,42,43,42,43,42,43,50,51,70,71,64,65,64,65,64,65,64,65,64,65,64,65,64,65,64,65,64,65,52,53,6,7,6,7,8,9,8,9,8,9,8,9,52,53,58,59,56,57,56,57,56,57,56,57,54,55,54,55,54,55,54,55,48,49,48,49,2,3,2,3,4,5,4,5,50,51,56,57,56,57,50,51,16,17,50,51,64,65,64,65,64,65,64,65,50,51,6,7,4,5
516,517,516,517,518,519,562,563,568,569,568,569,568,569,580,581,580,581,568,569,566,567,568,569,568,569,562,563,516,517,518,519,518,519,518,519,520,521,520,521,564,565,564,565,564,565,528,529,564,565,564,565,562,563,576,577,576,577,576,577,560,561,514,515,514,515,514,515,514,515,560,561,566,567,576,577,576,577,576,577,562,563,528,529,562,563,568,569,568,569,562,563,530,531,530,531,530,531,530,531,530,531,530,531,562,563,578,579,562,563,528,529,564,565,578,579,564,565,564,565,548,549,548,549,546,547,546,547,562,563,562,563,562,563,560,561,560,561,560,561,560,561,560,561,560,561,560,561,560,561,560,561,562,563,554,555,554,555,554,555,554,555,562,563,582,583,576,577,576,577,576,577,576,577,576,577,576,577,576,577,576,577,576,577,564,565,518,519,518,519,520,521,520,521,520,521,520,521,564,565,570,571,568,569,568,569,568,569,568,569,566,567,566,567,566,567,566,567,560,561,560,561,514,515,514,515,516,517,516,517,562,563,568,569,568,569,562,563,528,529,562,563,576,577,576,577,576,577,576,577,562,563,518,519,516,517
4,5,4,5,6,7,50,51,56,57,56,57,56,57,68,69,68,69,54,55,54,55,54,55,48,49,48,49,4,5,6,7,6,7,8,9,8,9,8,9,8,9,8,9,8,9,16,17,8,9,8,9,50,51,50,51,50,51,50,51,48,49,4,5,2,3,2,3,2,3,48,49,56,57,64,65,64,65,64,65,50,51,16,17,50,51,56,57,56,57,50,51,18,19,18,19,18,19,18,19,18,19,18,19,50,51,64,65,52,53,16,17,52,53,52,53,52,53,36,37,36,37,36,37,36,37,34,35,34,35,50,51,50,51,64,65,64,65,64,65,54,55,54,55,64,65,64,65,64,65,64,65,50,51,42,43,42,43,42,43,42,43,50,51,68,69,64,65,64,65,64,65,64,65,64,65,64,65,64,65,64,65,64,65,52,53,6,7,8,9,8,9,8,9,8,9,8,9,52,53,58,59,56,57,56,57,56,57,56,57,54,55,54,55,54,55,54,55,48,49,2,3,2,3,2,3,4,5,50,51,50,51,50,51,56,57,50,51,16,17,50,51,64,65,64,65,64,65,64,65,50,51,4,5,4,5
516,517,516,517,518,519,562,563,568,569,568,569,568,569,580,581,580,581,566,567,566,567,566,567,560,561,560,561,516,517,518,519,518,519,520,521,520,521,520,521,520,521,520,521,520,521,528,529,520,521,520,521,562,563,562,563,562,563,562,563,560,561,516,517,514,515,514,515,514,515,560,561,568,569,576,577,576,577,576,577,562,563,528,529,562,563,568,569,568,569,562,563,530,531,530,531,530,531,530,531,530,531,530,531,562,563,576,577,564,565,528,529,564,565,564,565,564,565,548,549,548,549,548,549,548,549,546,547,546,547,562,563,562,563,576,577,576,577,576,577,566,567,566,567,576,577,576,577,576,577,576,577,562,563,554,555,554,555,554,555,554,555,562,563,580,581,576,577,576,577,576,577,576,577,576,577,576,577,576,577,576,577,576,577,564,565,518,519,520,521,520,521,520,521,520,521,520,521,564,565,570,571,568,569,568,569,568,569,568,569,566,567,566,567,566,567,566,567,560,561,514,515,514,515,514,515,516,517,562,563,562,563,562,563,568,569,562,563,528,529,562,563,576,577,576,577,576,577,576,577,562,563,516,517,516,517
4,5,4,5,4,5,50,51,56,57,56,57,56,57,68,69,68,69,54,55,54,55,54,55,48,49,4,5,4,5,4,5,6,7,6,7,8,9,8,9,8,9,8,9,8,9,16,17,8,9,6,7,6,7,6,7,6,7,50,51,48,49,4,5,4,5,4,5,4,5,50,51,50,51,64,65,64,65,64,65,50,51,14,15,50,51,56,57,56,57,50,51,18,19,18,19,18,19,18,19,18,19,18,19,50,51,50,51,52,53,16,17,52,53,52,53,36,37,36,37,36,37,36,37,36,37,34,35,34,35,32,33,50,51,50,51,48,49,48,49,48,49,48,49,48,49,50,51,50,51,50,51,50,51,42,43,42,43,42,43,42,43,50,51,50,51,64,65,64,65,64,65,64,65,64,65,64,65,64,65,64,65,64,65,50,51,6,7,8,9,8,9,8,9,8,9,8,9,52,53,58,59,58,59,56,57,56,57,56,57,56,57,54,55,54,55,48,49,48,49,4,5,4,5,4,5,4,5,4,5,4,5,50,51,50,51,50,51,14,15,50,51,50,51,48,49,48,49,50,51,50,51,30,31,32,33
516,517,516,517,516,517,562,563,568,569,568,569,568,569,580,581,580,581,566,567,566,567,566,567,560,561,516,517,516,517,516,517,518,519,518,519,520,521,520,521,520,521,520,521,520,521,528,529,520,521,518,519,518,519,518,519,518,519,562,563,560,561,516,517,516,517,516,517,516,517,562,563,562,563,576,577,576,577,576,577,562,563,526,527,562,563,568,569,568,569,562,563,530,531,530,531,530,531,530,531,530,531,530,531,562,563,562,563,564,565,528,529,564,565,564,565,548,549,548,549,548,549,548,549,548,549,546,547,546,547,544,545,562,563,562,563,560,561,560,561,560,561,560,561,560,561,562,563,562,563,562,563,562,563,554,555,554,555,554,555,554,555,562,563,562,563,576,577,576,577,576,577,576,577,576,577,576,577,576,577,576,577,576,577,562,563,518,519,520,521,520,521,520,521,520,521,520,521,564,565,570,571,570,571,568,569,568,569,568,569,568,569,566,567,566,567,560,561,560,561,516,517,516,517,516,517,516,517,516,517,516,517,562,563,562,563,562,563,526,527,562,563,562,563,560,561,560,561,562,563,562,563,542,543,544,545
6,7,6,7,6,7,50,51,56,57,56,57,54,55,68,69,68,69,54,55,54,55,48,49,48,49,2,3,4,5,4,5,6,7,6,7,6,7,8,9,8,9,8,9,8,9,16,17,8,9,6,7,6,7,6,7,4,5,4,5,4,5,48,49,4,5,4,5,4,5,4,5,50,51,64,65,64,65,64,65,50,51,16,17,50,51,56,57,54,55,48,49,48,49,18,19,18,19,18,19,18,19,18,19,18,19,50,51,50,51,16,17,52,53,36,37,36,37,36,37,36,37,36,37,36,37,34,35,34,35,32,33,32,33,42,43,40,41,40,41,40,41,40,41,40,41,42,43,40,41,42,43,42,43,42,43,42,43,42,43,42,43,40,41,50,51,48,49,48,49,48,49,48,49,48,49,48,49,48,49,68,69,70,71,50,51,8,9,8,9,8,9,8,9,8,9,8,9,52,53,52,53,52,53,50,51,50,51,56,57,50,51,48,49,48,49,48,49,4,5,4,5,4,5,4,5,4,5,6,7,4,5,4,5,6,7,4,5,14,15,4,5,4,5,4,5,4,5,48,49,30,31,30,31,32,33
518,519,518,519,518,519,562,563,568,569,568,569,566,567,580,581,580,581,566,567,566,567,560,561,560,561,514,515,516,517,516,517,518,519,518,519,518,519,520,521,520,521,520,521,520,521,528,529,520,521,518,519,518,519,518,519,516,517,516,517,516,517,560,561,516,517,516,517,516,517,516,517,562,563,576,577,576,577,576,577,562,563,528,529,562,563,568,569,566,567,560,561,560,561,530,531,530,531,530,531,530,531,530,531,530,531,562,563,562,563,528,529,564,565,548,549,548,549,548,549,548,549,548,549,548,549,546,547,546,547,544,545,544,545,554,555,552,553,552,553,552,553,552,553,552,553,554,555,552,553,554,555,554,555,554,555,554,555,554,555,554,555,552,553,562,563,560,561,560,561,560,561,560,561,560,561,560,561,560,561,580,581,582,583,562,563,520,521,520,521,520,521,520,521,520,521,520,521,564,565,564,565,564,565,562,563,562,563,568,569,562,563,560,561,560,561,560,561,516,517,516,517,516,517,516,517,516,517,518,519,516,517,516,517,518,519,516,517,526,527,516,517,516,517,516,517,516,517,560,561,542,543,542,543,544,545
6,7,6,7,6,7,50,51,56,57,54,55,54,55,68,69,68,69,48,49,48,49,48,49,2,3,4,5,4,5,4,5,6,7,6,7,6,7,8,9,8,9,8,9,8,9,16,17,8,9,6,7,6,7,6,7,6,7,4,5,4,5,4,5,4,5,4,5,4,5,6,7,50,51,64,65,64,65,64,65,50,51,16,17,50,51,56,57,56,57,48,49,48,49,18,19,18,19,18,19,18,19,18,19,18,19,50,51,50,51,16,17,52,53,34,35,36,37,36,37,36,37,36,37,36,37,34,35,34,35,32,33,32,33,42,43,40,41,40,41,40,41,42,43,42,43,42,43,42,43,42,43,42,43,42,43,42,43,42,43,42,43,40,41,40,41,40,41,40,41,38,39,38,39,38,39,40,41,48,49,50,51,50,51,50,51,6,7,6,7,8,9,8,9,8,9,8,9,8,9,8,9,6,7,6,7,50,51,50,51,50,51,4,5,4,5,4,5,4,5,4,5,4,5,6,7,6,7,4,5,6,7,6,7,4,5,4,5,14,15,4,5,4,5,4,5,2,3,28,29,30,31,28,29,30,31
518,519,518,519,518,519,562,563,568,569,566,567,566,567,580,581,580,581,560,561,560,561,560,561,514,515,516,517,516,517,516,517,518,519,518,519,518,519,520,521,520,521,520,521,520,521,528,529,520,521,518,519,518,519,518,519,518,519,516,517,516,517,516,517,516,517,516,517,516,517,518,519,562,563,576,577,576,577,576,577,562,563,528,529,562,563,568,569,568,569,560,561,560,561,530,531,530,531,530,531,530,531,530,531,530,531,562,563,562,563,528,529,564,565,546,547,548,549,548,549,548,549,548,549,548,549,546,547,546,547,544,545,544,545,554,555,552,553,552,553,552,553,554,555,554,555,554,555,554,555,554,555,554,555,554,555,554,555,554,555,554,555,552,553,552,553,552,553,552,553,550,551,550,551,550,551,552,553,560,561,562,563,562,563,562,563,518,519,518,519,520,521,520,521,520,521,520,521,520,521,520,521,518,519,518,519,562,563,562,563,562,563,516,517,516,517,516,517,516,517,516,517,516,517,518,519,518,519,516,517,518,519,518,519,516,517,516,517,526,527,516,517,516,517,516,517,514,515,540,541,542,543,540,541,542,543
6,7,6,7,6,7,50,51,56,57,56,57,54,55,48,49,48,49,48,49,2,3,2,3,2,3,2,3,4,5,4,5,6,7,6,7,6,7,8,9,8,9,8,9,8,9,16,17,8,9,6,7,6,7,6,7,6,7,4,5,4,5,4,5,4,5,6,7,6,7,6,7,50,51,50,51,56,57,56,57,50,51,16,17,50,51,50,51,48,49,48,49,2,3,2,3,18,19,18,19,18,19,18,19,18,19,50,51,50,51,16,17,20,21,36,37,36,37,36,37,36,37,36,37,34,35,34,35,34,35,32,33,32,33,42,43,42,43,42,43,42,43,42,43,42,43,42,43,44,45,44,45,44,45,44,45,42,43,42,43,40,41,40,41,40,41,38,39,38,39,38,39,38,39,38,39,40,41,40,41,40,41,42,43,44,45,6,7,6,7,8,9,8,9,8,9,8,9,8,9,8,9,6,7,6,7,6,7,6,7,4,5,4,5,4,5,4,5,4,5,6,7,6,7,6,7,6,7,6,7,6,7,6,7,6,7,4,5,14,15,4,5,2,3,2,3,2,3,28,29,28,29,28,29,30,31
518,519,518,519,518,519,562,563,568,569,568,569,566,567,560,561,560,561,560,561,514,515,514,515,514,515,514,515,516,517,516,517,518,519,518,519,518,519,520,521,520,521,520,521,520,521,528,529,520,521,518,519,518,519,518,519,518,519,516,517,516,517,516,517,516,517,518,519,518,519,518,519,562,563,562,563,568,569,568,569,562,563,528,529,562,563,562,563,560,561,560,561,514,515,514,515,530,531,530,531,530,531,530,531,530,531,562,563,562,563,528,529,532,533,548,549,548,549,548,549,548,549,548,549,546,547,546,547,546,547,544,545,544,545,554,555,554,555,554,555,554,555,554,555,554,555,554,555,556,557,556,557,556,557,556,557,554,555,554,555,552,553,552,553,552,553,550,551,550,551,550,551,550,551,550,551,552,553,552,553,552,553,554,555,556,557,518,519,518,519,520,521,520,521,520,521,520,521,520,521,520,521,518,519,518,519,518,519,518,519,516,517,516,517,516,517,516,517,516,517,518,519,518,519,518,519,518,519,518,519,518,519,518,519,518,519,516,517,526,527,516,517,514,515,514,515,514,515,540,541,540,541,540,541,542,543
6,7,6,7,6,7,56,57,56,57,56,57,54,55,54,55,2,3,2,3,2,3,2,3,2,3,2,3,4,5,4,5,4,5,6,7,6,7,6,7,58,59,58,59,58,59,58,59,58,59,56,57,6,7,6,7,6,7,6,7,4,5,6,7,6,7,6,7,6,7,6,7,6,7,58,59,58,59,56,57,56,57,56,57,56,57,4,5,4,5,2,3,2,3,2,3,18,19,18,19,18,19,18,19,18,19,18,19,18,19,20,21,20,21,34,35,34,35,34,35,36,37,36,37,34,35,34,35,32,33,32,33,32,33,42,43,42,43,42,43,42,43,42,43,44,45,44,45,44,45,44,45,44,45,44,45,44,45,42,43,42,43,40,41,40,41,38,39,38,39,38,39,38,39,38,39,38,39,38,39,40,41,42,43,42,43,44,45,44,45,44,45,8,9,8,9,8,9,8,9,8,9,6,7,6,7,6,7,6,7,6,7,4,5,4,5,6,7,4,5,6,7,6,7,44,45,6,7,50,51,50,51,6,7,6,7,4,5,4,5,4,5,2,3,2,3,2,3,28,29,28,29,28,29,30,31
518,519,518,519,518,519,568,569,568,569,568,569,566,567,566,567,514,515,514,515,514,515,514,515,514,515,514,515,516,517,516,517,516,517,518,519,518,519,518,519,570,571,570,571,570,571,570,571,570,571,568,569,518,519,518,519,518,519,518,519,516,517,518,519,518,519,518,519,518,519,518,519,518,519,570,571,570,571,568,569,568,569,568,569,568,569,516,517,516,517,514,515,514,515,514,515,530,531,530,531,530,531,530,531,530,531,530,531,530,531,532,533,532,533,546,547,546,547,546,547,548,549,548,549,546,547,546,547,544,545,544,545,544,545,554,555,554,555,554,555,554,555,554,555,556,557,556,557,556,557,556,557,556,557,556,557,556,557,554,555,554,555,552,553,552,553,550,551,550,551,550,551,550,551,550,551,550,551,550,551,552,553,554,555,554,555,556,557,556,557,556,557,520,521,520,521,520,521,520,521,520,521,518,519,518,519,518,519,518,519,518,519,516,517,516,517,518,519,516,517,518,519,518,519,556,557,518,519,562,563,562,563,518,519,518,519,516,517,516,517,516,517,514,515,514,515,514,515,540,541,540,541,540,541,542,543
8,9,8,9,6,7,6,7,4,5,4,5,4,5,4,5,2,3,2,3,2,3,2,3,2,3,2,3,2,3,4,5,4,5,6,7,6,7,58,59,56,57,62,63,62,63,62,63,56,57,56,57,56,57,56,57,56,57,4,5,4,5,6,7,6,7,6,7,6,7,6,7,6,7,8,9,8,9,6,7,6,7,6,7,4,5,4,5,4,5,2,3,2,3,2,3,18,19,18,19,18,19,18,19,18,19,18,19,18,19,20,21,20,21,20,21,34,35,34,35,34,35,34,35,34,35,34,35,32,33,32,33,50,51,50,51,50,51,50,51,50,51,50,51,52,53,52,53,52,53,20,21,20,21,20,21,20,21,20,21,18,19,50,51,40,41,40,41,38,39,38,39,38,39,38,39,38,39,40,41,40,41,42,43,42,43,42,43,44,45,44,45,8,9,8,9,8,9,6,7,6,7,6,7,6,7,6,7,4,5,6,7,4,5,6,7,6,7,6,7,6,7,44,45,52,53,52,53,52,53,50,51,50,51,50,51,50,51,48,49,48,49,48,49,48,49,48,49,28,29,28,29,28,29,30,31
520,521,520,521,518,519,518,519,516,517,516,517,516,517,516,517,514,515,514,515,514,515,514,515,514,515,514,515,514,515,516,517,516,517,518,519,518,519,570,571,568,569,574,575,574,575,574,575,568,569,568,569,568,569,568,569,568,569,516,517,516,517,518,519,518,519,518,519,518,519,518,519,518,519,520,521,520,521,518,519,518,519,518,519,516,517,516,517,516,517,514,515,514,515,514,515,530,531,530,531,530,531,530,531,530,531,530,531,530,531,532,533,532,533,532,533,546,547,546,547,546,547,546,547,546,547,546,547,544,545,544,545,562,563,562,563,562,563,562,563,562,563,562,563,564,565,564,565,564,565,532,533,532,533,532,533,532,533,532,533,530,531,562,563,552,553,552,553,550,551,550,551,550,551,550,551,550,551,552,553,552,553,554,555,554,555,554,555,556,557,556,557,520,521,520,521,520,521,518,519,518,519,518,519,518,519,518,519,516,517,518,519,516,517,518,519,518,519,518,519,518,519,556,557,564,565,564,565,564,565,562,563,562,563,562,563,562,563,560,561,560,561,560,561,560,561,560,561,540,541,540,541,540,541,542,543
8,9,8,9,6,7,6,7,6,7,4,5,4,5,4,5,2,3,2,3,2,3,2,3,2,3,2,3,4,5,4,5,64,65,64,65,56,57,56,57,62,63,56,57,56,57,56,57,56,57,56,57,56,57,56,57,56,57,56,57,56,57,6,7,6,7,6,7,8,9,8,9,8,9,8,9,8,9,8,9,6,7,6,7,6,7,4,5,4,5,2,3,2,3,2,3,18,19,18,19,18,19,18,19,18,19,18,19,18,19,20,21,20,21,20,21,20,21,34,35,34,35,32,33,34,35,32,33,32,33,56,57,50,51,56,57,56,57,56,57,56,57,56,57,58,59,52,53,52,53,20,21,20,21,20,21,20,21,20,21,20,21,48,49,48,49,48,49,48,49,48,49,48,49,48,49,48,49,38,39,40,41,40,41,42,43,44,45,44,45,44,45,6,7,6,7,6,7,6,7,6,7,6,7,6,7,6,7,6,7,6,7,6,7,6,7,6,7,6,7,44,45,44,45,52,53,52,53,52,53,52,53,50,51,50,51,50,51,48,49,48,49,48,49,48,49,48,49,48,49,28,29,28,29,28,29
520,521,520,521,518,519,518,519,518,519,516,517,516,517,516,517,514,515,514,515,514,515,514,515,514,515,514,515,516,517,516,517,576,577,576,577,568,569,568,569,574,575,568,569,568,569,568,569,568,569,568,569,568,569,568,569,568,569,568,569,568,569,518,519,518,519,518,519,520,521,520,521,520,521,520,521,520,521,520,521,518,519,518,519,518,519,516,517,516,517,514,515,514,515,514,515,530,531,530,531,530,531,530,531,530,531,530,531,530,531,532,533,532,533,532,533,532,533,546,547,546,547,544,545,546,547,544,545,544,545,568,569,562,563,568,569,568,569,568,569,568,569,568,569,570,571,564,565,564,565,532,533,532,533,532,533,532,533,532,533,532,533,560,561,560,561,560,561,560,561,560,561,560,561,560,561,560,561,550,551,552,553,552,553,554,555,556,557,556,557,556,557,518,519,518,519,518,519,518,519,518,519,518,519,518,519,518,519,518,519,518,519,518,519,518,519,518,519,518,519,556,557,556,557,564,565,564,565,564,565,564,565,562,563,562,563,562,563,560,561,560,561,560,561,560,561,560,561,560,561,540,541,540,541,540,541
8,9,8,9,6,7,6,7,6,7,4,5,4,5,4,5,2,3,2,3,2,3,2,3,54,55,54,55,64,65,64,65,64,65,66,67,56,57,56,57,56,57,56,57,56,57,56,57,56,57,56,57,56,57,56,57,56,57,56,57,56,57,66,67,6,7,8,9,8,9,8,9,8,9,8,9,8,9,8,9,8,9,6,7,6,7,4,5,4,5,2,3,2,3,2,3,64,65,64,65,18,19,18,19,18,19,18,19,18,19,18,19,20,21,20,21,56,57,56,57,32,33,32,33,32,33,32,33,64,65,56,57,56,57,56,57,56,57,56,57,56,57,58,59,58,59,52,53,20,21,20,21,20,21,20,21,20,21,20,21,50,51,50,51,60,61,60,61,60,61,60,61,60,61,68,69,48,49,48,49,50,51,50,51,4,5,42,43,42,43,44,45,6,7,6,7,6,7,6,7,6,7,6,7,6,7,4,5,6,7,4,5,6,7,6,7,6,7,44,45,46,47,46,47,52,53,52,53,52,53,52,53,52,53,50,51,50,51,32,33,30,31,48,49,48,49,48,49,48,49,48,49,28,29,28,29
520,521,520,521,518,519,518,519,518,519,516,517,516,517,516,517,514,515,514,515,514,515,514,515,566,567,566,567,576,577,576,577,576,577,578,579,568,569,568,569,568,569,568,569,568,569,568,569,568,569,568,569,568,569,568,569,568,569,568,569,568,569,578,579,518,519,520,521,520,521,520,521,520,521,520,521,520,521,520,521,520,521,518,519,518,519,516,517,516,517,514,515,514,515,514,515,576,577,576,577,530,531,530,531,530,531,530,531,530,531,530,531,532,533,532,533,568,569,568,569,544,545,544,545,544,545,544,545,576,577,568,569,568,569,568,569,568,569,568,569,568,569,570,571,570,571,564,565,532,533,532,533,532,533,532,533,532,533,532,533,562,563,562,563,572,573,572,573,572,573,572,573,572,573,580,581,560,561,560,561,562,563,562,563,516,517,554,555,554,555,556,557,518,519,518,519,518,519,518,519,518,519,518,519,518,519,516,517,518,519,516,517,518,519,518,519,518,519,556,557,558,559,558,559,564,565,564,565,564,565,564,565,564,565,562,563,562,563,544,545,542,543,560,561,560,561,560,561,560,561,560,561,540,541,540,541
8,9,8,9,8,9,6,7,6,7,4,5,4,5,4,5,2,3,2,3,54,55,54,55,54,55,64,65,64,65,64,65,64,65,56,57,56,57,56,57,56,57,56,57,56,57,56,57,56,57,54,55,56,57,56,57,56,57,56,57,64,65,66,67,66,67,66,67,58,59,8,9,8,9,8,9,8,9,8,9,6,7,6,7,6,7,4,5,4,5,4,5,2,3,2,3,64,65,64,65,64,65,18,19,18,19,18,19,18,19,20,21,56,57,56,57,56,57,56,57,56,57,56,57,64,65,64,65,64,65,56,57,56,57,56,57,56,57,56,57,56,57,58,59,58,59,52,53,20,21,20,21,20,21,20,21,20,21,20,21,50,51,60,61,60,61,60,61,60,61,60,61,60,61,68,69,68,69,60,61,60,61,50,51,50,51,6,7,6,7,6,7,6,7,50,51,50,51,50,51,50,51,50,51,50,51,50,51,4,5,4,5,50,51,50,51,44,45,44,45,46,47,46,47,52,53,52,53,52,53,52,53,52,53,34,35,32,33,30,31,30,31,28,29,28,29,48,49,48,49,48,49,48,49,38,39
520,521,520,521,520,521,518,519,518,519,516,517,516,517,516,517,514,515,514,515,566,567,566,567,566,567,576,577,576,577,576,577,576,577,568,569,568,569,568,569,568,569,568,569,568,569,568,569,568,569,566,567,568,569,568,569,568,569,568,569,576,577,578,579,578,579,578,579,570,571,520,521,520,521,520,521,520,521,520,521,518,519,518,519,518,519,516,517,516,517,516,517,514,515,514,515,576,577,576,577,576,577,530,531,530,531,530,531,530,531,532,533,568,569,568,569,568,569,568,569,568,569,568,569,576,577,576,577,576,577,568,569,568,569,568,569,568,569,568,569,568,569,570,571,570,571,564,565,532,533,532,533,532,533,532,533,532,533,532,533,562,563,572,573,572,573,572,573,572,573,572,573,572,573,580,581,580,581,572,573,572,573,562,563,562,563,518,519,518,519,518,519,518,519,562,563,562,563,562,563,562,563,562,563,562,563,562,563,516,517,516,517,562,563,562,563,556,557,556,557,558,559,558,559,564,565,564,565,564,565,564,565,564,565,546,547,544,545,542,543,542,543,540,541,540,541,560,561,560,561,560,561,560,561,550,551
66,67,58,59,8,9,8,9,6,7,6,7,4,5,4,5,54,55,54,55,54,55,54,55,54,55,56,57,64,65,64,65,66,67,66,67,56,57,56,57,56,57,56,57,56,57,54,55,54,55,54,55,54,55,54,55,56,57,54,55,64,65,66,67,66,67,66,67,58,59,58,59,8,9,8,9,8,9,8,9,8,9,6,7,6,7,6,7,4,5,4,5,54,55,54,55,64,65,64,65,64,65,64,65,56,57,56,57,56,57,56,57,56,57,60,61,60,61,60,61,60,61,54,55,54,55,64,65,64,65,64,65,56,57,56,57,56,57,56,57,64,65,64,65,64,65,52,53,20,21,20,21,20,21,20,21,20,21,20,21,50,51,60,61,60,61,60,61,60,61,60,61,60,61,68,69,68,69,60,61,60,61,60,61,50,51,50,51,50,51,50,51,50,51,50,51,60,61,60,61,60,61,60,61,60,61,50,51,50,51,50,51,50,51,50,51,44,45,44,45,46,47,46,47,52,53,52,53,52,53,52,53,34,35,34,35,32,33,32,33,30,31,30,31,30,31,28,29,48,49,48,49,48,49,40,41
578,579,570,571,520,521,520,521,518,519,518,519,516,517,516,517,566,567,566,567,566,567,566,567,566,567,568,569,576,577,576,577,578,579,578,579,568,569,568,569,568,569,568,569,568,569,566,567,566,567,566,567,566,567,566,567,568,569,566,567,576,577,578,579,578,579,578,579,570,571,570,571,520,521,520,521,520,521,520,521,520,521,518,519,518,519,518,519,516,517,516,517,566,567,566,567,576,577,576,577,576,577,576,577,568,569,568,569,568,569,568,569,568,569,572,573,572,573,572,573,572,573,566,567,566,567,576,577,576,577,576,577,568,569,568,569,568,569,568,569,576,577,576,577,576,577,564,565,532,533,532,533,532,533,532,533,532,533,532,533,562,563,572,573,572,573,572,573,572,573,572,573,572,573,580,581,580,581,572,573,572,573,572,573,562,563,562,563,562,563,562,563,562,563,562,563,572,573,572,573,572,573,572,573,572,573,562,563,562,563,562,563,562,563,562,563,556,557,556,557,558,559,558,559,564,565,564,565,564,565,564,565,546,547,546,547,544,545,544,545,542,543,542,543,542,543,540,541,560,561,560,561,560,561,552,553
66,67,58,59,58,59,58,59,56,57,56,57,56,57,56,57,56,57,56,57,56,57,54,55,56,57,56,57,64,65,64,65,66,67,66,67,56,57,56,57,56,57,56,57,54,55,54,55,54,55,54,55,54,55,54,55,54,55,56,57,64,65,66,67,66,67,66,67,58,59,58,59,58,59,8,9,8,9,8,9,8,9,6,7,6,7,56,57,56,57,56,57,54,55,54,55,64,65,64,65,64,65,64,65,56,57,60,61,62,63,62,63,60,61,60,61,60,61,60,61,54,55,54,55,54,55,64,65,64,65,64,65,54,55,54,55,56,57,56,57,64,65,64,65,64,65,52,53,20,21,20,21,20,21,20,21,20,21,20,21,50,51,62,63,60,61,60,61,60,61,60,61,60,61,68,69,68,69,60,61,60,61,60,61,60,61,60,61,60,61,62,63,60,61,60,61,60,61,60,61,60,61,60,61,60,61,68,69,68,69,60,61,60,61,50,51,44,45,46,47,46,47,46,47,52,53,52,53,52,53,36,37,34,35,34,35,32,33,32,33,30,31,30,31,30,31,30,31,30,31,48,49,48,49,40,41
578,579,570,571,570,571,570,571,568,569,568,569,568,569,568,569,568,569,568,569,568,569,566,567,568,569,568,569,576,577,576,577,578,579,578,579,568,569,568,569,568,569,568,569,566,567,566,567,566,567,566,567,566,567,566,567,566,567,568,569,576,577,578,579,578,579,578,579,570,571,570,571,570,571,520,521,520,521,520,521,520,521,518,519,518,519,568,569,568,569,568,569,566,567,566,567,576,577,576,577,576,577,576,577,568,569,572,573,574,575,574,575,572,573,572,573,572,573,572,573,566,567,566,567,566,567,576,577,576,577,576,577,566,567,566,567,568,569,568,569,576,577,576,577,576,577,564,565,532,533,532,533,532,533,532,533,532,533,532,533,562,563,574,575,572,573,572,573,572,573,572,573,572,573,580,581,580,581,572,573,572,573,572,573,572,573,572,573,572,573,574,575,572,573,572,573,572,573,572,573,572,573,572,573,572,573,580,581,580,581,572,573,572,573,562,563,556,557,558,559,558,559,558,559,564,565,564,565,564,565,548,549,546,547,546,547,544,545,544,545,542,543,542,543,542,543,542,543,542,543,560,561,560,561,552,553
66,67,58,59,58,59,56,57,56,57,56,57,56,57,56,57,56,57,56,57,56,57,56,57,56,57,56,57,66,67,66,67,66,67,66,67,56,57,56,57,56,57,56,57,54,55,54,55,54,55,54,55,54,55,54,55,54,55,54,55,64,65,66,67,66,67,66,67,58,59,58,59,58,59,58,59,58,59,58,59,58,59,56,57,56,57,56,57,60,61,60,61,60,61,56,57,64,65,64,65,64,65,64,65,56,57,62,63,62,63,62,63,62,63,60,61,60,61,60,61,60,61,54,55,54,55,64,65,64,65,64,65,54,55,64,65,64,65,64,65,64,65,64,65,64,65,52,53,20,21,20,21,20,21,20,21,20,21,20,21,50,51,62,63,60,61,60,61,60,61,60,61,60,61,68,69,68,69,60,61,60,61,62,63,62,63,62,63,60,61,60,61,60,61,60,61,60,61,60,61,60,61,60,61,60,61,68,69,68,69,60,61,60,61,50,51,44,45,44,45,44,45,46,47,52,53,52,53,52,53,36,37,36,37,34,35,32,33,32,33,32,33,30,31,30,31,30,31,30,31,50,51,50,51,42,43
578,579,570,571,570,571,568,569,568,569,568,569,568,569,568,569,568,569,568,569,568,569,568,569,568,569,568,569,578,579,578,579,578,579,578,579,568,569,568,569,568,569,568,569,566,567,566,567,566,567,566,567,566,567,566,567,566,567,566,567,576,577,578,579,578,579,578,579,570,571,570,571,570,571,570,571,570,571,570,571,570,571,568,569,568,569,568,569,572,573,572,573,572,573,568,569,576,577,576,577,576,577,576,577,568,569,574,575,574,575,574,575,574,575,572,573,572,573,572,573,572,573,566,567,566,567,576,577,576,577,576,577,566,567,576,577,576,577,576,577,576,577,576,577,576,577,564,565,532,533,532,533,532,533,532,533,532,533,532,533,562,563,574,575,572,573,572,573,572,573,572,573,572,573,580,581,580,581,572,573,572,573,574,575,574,575,574,575,572,573,572,573,572,573,572,573,572,573,572,573,572,573,572,573,572,573,580,581,580,581,572,573,572,573,562,563,556,557,556,557,556,557,558,559,564,565,564,565,564,565,548,549,548,549,546,547,544,545,544,545,544,545,542,543,542,543,542,543,542,543,562,563,562,563,554,555
66,67,58,59,58,59,58,59,56,57,56,57,56,57,56,57,56,57,56,57,56,57,56,57,62,63,56,57,66,67,66,67,66,67,66,67,56,57,56,57,56,57,54,55,54,55,54,55,54,55,54,55,54,55,54,55,64,65,54,55,64,65,64,65,66,67,66,67,58,59,58,59,58,59,58,59,58,59,58,59,62,63,62,63,62,63,62,63,60,61,60,61,60,61,56,57,64,65,64,65,64,65,66,67,56,57,62,63,62,63,62,63,62,63,60,61,60,61,60,61,54,55,54,55,64,65,64,65,64,65,54,55,54,55,64,65,64,65,64,65,64,65,64,65,64,65,52,53,20,21,20,21,20,21,20,21,20,21,20,21,50,51,70,71,68,69,68,69,68,69,68,69,68,69,68,69,68,69,70,71,70,71,70,71,70,71,70,71,68,69,68,69,68,69,68,69,68,69,68,69,68,69,68,69,68,69,68,69,68,69,68,69,68,69,50,51,44,45,44,45,46,47,46,47,52,53,52,53,52,53,36,37,34,35,34,35,32,33,32,33,32,33,30,31,30,31,30,31,30,31,50,51,50,51,42,43
578,579,570,571,570,571,570,571,568,569,568,569,568,569,568,569,568,569,568,569,568,569,568,569,574,575,568,569,578,579,578,579,578,579,578,579,568,569,568,569,568,569,566,567,566,567,566,567,566,567,566,567,566,567,566,567,576,577,566,567,576,577,576,577,578,579,578,579,570,571,570,571,570,571,570,571,570,571,570,571,574,575,574,575,574,575,574,575,572,573,572,573,572,573,568,569,576,577,576,577,576,577,578,579,568,569,574,575,574,575,574,575,574,575,572,573,572,573,572,573,566,567,566,567,576,577,576,577,576,577,566,567,566,567,576,577,576,577,576,577,576,577,576,577,576,577,564,565,532,533,532,533,532,533,532,533,532,533,532,533,562,563,582,583,580,581,580,581,580,581,580,581,580,581,580,581,580,581,582,583,582,583,582,583,582,583,582,583,580,581,580,581,580,581,580,581,580,581,580,581,580,581,580,581,580,581,580,581,580,581,580,581,580,581,562,563,556,557,556,557,558,559,558,559,564,565,564,565,564,565,548,549,546,547,546,547,544,545,544,545,544,545,542,543,542,543,542,543,542,543,562,563,562,563,554,555
66,67,58,59,56,57,56,57,56,57,56,57,56,57,56,57,56,57,62,63,56,57,62,63,62,63,58,59,66,67,66,67,66,67,66,67,56,57,56,57,56,57,54,55,54,55,54,55,54,55,54,55,54,55,64,65,64,65,54,55,54,55,64,65,64,65,66,67,58,59,58,59,58,59,58,59,58,59,58,59,58,59,62,63,62,63,62,63,60,61,60,61,62,63,56,57,66,67,66,67,66,67,66,67,56,57,62,63,62,63,62,63,62,63,60,61,60,61,60,61,54,55,54,55,64,65,64,65,64,65,54,55,54,55,64,65,64,65,64,65,64,65,64,65,64,65,52,53,20,21,20,21,20,21,20,21,20,21,20,21,50,51,50,51,60,61,60,61,60,61,60,61,62,63,70,71,70,71,62,63,62,63,62,63,62,63,62,63,62,63,60,61,60,61,60,61,60,61,60,61,60,61,60,61,60,61,68,69,68,69,60,61,60,61,50,51,44,45,44,45,44,45,46,47,52,53,52,53,52,53,34,35,34,35,34,35,32,33,32,33,32,33,32,33,32,33,32,33,32,33,50,51,50,51,42,43
578,579,570,571,568,569,568,569,568,569,568,569,568,569,568,569,568,569,574,575,568,569,574,575,574,575,570,571,578,579,578,579,578,579,578,579,568,569,568,569,568,569,566,567,566,567,566,567,566,567,566,567,566,567,576,577,576,577,566,567,566,567,576,577,576,577,578,579,570,571,570,571,570,571,570,571,570,571,570,571,570,571,574,575,574,575,574,575,572,573,572,573,574,575,568,569,578,579,578,579,578,579,578,579,568,569,574,575,574,575,574,575,574,575,572,573,572,573,572,573,566,567,566,567,576,577,576,577,576,577,566,567,566,567,576,577,576,577,576,577,576,577,576,577,576,577,564,565,532,533,532,533,532,533,532,533,532,533,532,533,562,563,562,563,572,573,572,573,572,573,572,573,574,575,582,583,582,583,574,575,574,575,574,575,574,575,574,575,574,575,572,573,572,573,572,573,572,573,572,573,572,573,572,573,572,573,580,581,580,581,572,573,572,573,562,563,556,557,556,557,556,557,558,559,564,565,564,565,564,565,546,547,546,547,546,547,544,545,544,545,544,545,544,545,544,545,544,545,544,545,562,563,562,563,554,555
66,67,56,57,56,57,56,57,56,57,56,57,56,57,56,57,62,63,62,63,62,63,62,63,58,59,58,59,66,67,66,67,66,67,66,67,56,57,56,57,56,57,54,55,54,55,54,55,54,55,64,65,64,65,64,65,64,65,64,65,54,55,64,65,66,67,66,67,66,67,58,59,58,59,58,59,58,59,56,57,56,57,62,63,62,63,60,61,62,63,60,61,60,61,56,57,66,67,66,67,66,67,66,67,58,59,62,63,62,63,62,63,62,63,62,63,60,61,60,61,54,55,54,55,64,65,64,65,64,65,54,55,54,55,64,65,64,65,64,65,64,65,64,65,64,65,52,53,52,53,20,21,20,21,20,21,20,21,20,21,20,21,50,51,62,63,60,61,60,61,62,63,62,63,70,71,70,71,62,63,62,63,62,63,62,63,62,63,62,63,62,63,60,61,60,61,60,61,60,61,60,61,60,61,60,61,68,69,68,69,60,61,60,61,50,51,42,43,44,45,44,45,46,47,52,53,52,53,52,53,52,53,34,35,34,35,34,35,32,33,32,33,32,33,32,33,32,33,50,51,50,51,50,51,50,51
578,579,568,569,568,569,568,569,568,569,568,569,568,569,568,569,574,575,574,575,574,575,574,575,570,571,570,571,578,579,578,579,578,579,578,579,568,569,568,569,568,569,566,567,566,567,566,567,566,567,576,577,576,577,576,577,576,577,576,577,566,567,576,577,578,579,578,579,578,579,570,571,570,571,570,571,570,571,568,569,568,569,574,575,574,575,572,573,574,575,572,573,572,573,568,569,578,579,578,579,578,579,578,579,570,571,574,575,574,575,574,575,574,575,574,575,572,573,572,573,566,567,566,567,576,577,576,577,576,577,566,567,566,567,576,577,576,577,576,577,576,577,576,577,576,577,564,565,564,565,532,533,532,533,532,533,532,533,532,533,532,533,562,563,574,575,572,573,572,573,574,575,574,575,582,583,582,583,574,575,574,575,574,575,574,575,574,575,574,575,574,575,572,573,572,573,572,573,572,573,572,573,572,573,572,573,580,581,580,581,572,573,572,573,562,563,554,555,556,557,556,557,558,559,564,565,564,565,564,565,564,565,546,547,546,547,546,547,544,545,544,545,544,545,544,545,544,545,562,563,562,563,562,563,562,563
66,67,66,67,66,67,66,67,64,65,64,65,66,67,56,57,56,57,56,57,62,63,62,63,58,59,66,67,66,67,66,67,66,67,58,59,56,57,56,57,56,57,54,55,54,55,54,55,54,55,64,65,64,65,64,65,64,65,64,65,54,55,64,65,66,67,66,67,66,67,58,59,56,57,56,57,56,57,56,57,56,57,62,63,60,61,60,61,60,61,62,63,60,61,56,57,66,67,66,67,66,67,66,67,58,59,62,63,62,63,62,63,62,63,62,63,60,61,60,61,60,61,54,55,64,65,64,65,64,65,54,55,54,55,64,65,64,65,64,65,64,65,64,65,64,65,56,57,52,53,20,21,20,21,20,21,20,21,20,21,20,21,50,51,62,63,60,61,62,63,62,63,62,63,70,71,70,71,62,63,62,63,62,63,62,63,62,63,62,63,62,63,60,61,60,61,60,61,60,61,60,61,60,61,60,61,68,69,68,69,60,61,60,61,50,51,42,43,44,45,44,45,44,45,52,53,52,53,52,53,52,53,52,53,32,33,32,33,32,33,32,33,32,33,32,33,50,51,50,51,50,51,50,51,52,53
578,579,578,579,578,579,578,579,576,577,576,577,578,579,568,569,568,569,568,569,574,575,574,575,570,571,578,579,578,579,578,579,578,579,570,571,568,569,568,569,568,569,566,567,566,567,566,567,566,567,576,577,576,577,576,577,576,577,576,577,566,567,576,577,578,579,578,579,578,579,570,571,568,569,568,569,568,569,568,569,568,569,574,575,572,573,572,573,572,573,574,575,572,573,568,569,578,579,578,579,578,579,578,579,570,571,574,575,574,575,574,575,574,575,574,575,572,573,572,573,572,573,566,567,576,577,576,577,576,577,566,567,566,567,576,577,576,577,576,577,576,577,576,577,576,577,568,569,564,565,532,533,532,533,532,533,532,533,532,533,532,533,562,563,574,575,572,573,574,575,574,575,574,575,582,583,582,583,574,575,574,575,574,575,574,575,574,575,574,575,574,575,572,573,572,573,572,573,572,573,572,573,572,573,572,573,580,581,580,581,572,573,572,573,562,563,554,555,556,557,556,557,556,557,564,565,564,565,564,565,564,565,564,565,544,545,544,545,544,545,544,545,544,545,544,545,562,563,562,563,562,563,562,563,564,565
64,65,66,67,64,65,64,65,64,65,64,65,64,65,64,65,66,67,56,57,58,59,58,59,58,59,66,67,66,67,66,67,66,67,58,59,56,57,56,57,56,57,56,57,54,55,54,55,54,55,54,55,64,65,64,65,64,65,64,65,54,55,64,65,64,65,66,67,66,67,56,57,56,57,56,57,56,57,56,57,56,57,60,61,60,61,60,61,60,61,62,63,56,57,56,57,66,67,66,67,66,67,66,67,58,59,58,59,58,59,58,59,56,57,56,57,56,57,60,61,54,55,54,55,64,65,64,65,64,65,54,55,54,55,64,65,64,65,64,65,64,65,64,65,64,65,56,57,52,53,20,21,20,21,20,21,18,19,18,19,20,21,50,51,50,51,62,63,62,63,62,63,62,63,70,71,70,71,62,63,62,63,62,63,62,63,62,63,62,63,62,63,60,61,60,61,60,61,60,61,60,61,60,61,60,61,68,69,68,69,60,61,60,61,50,51,42,43,44,45,44,45,44,45,52,53,52,53,50,51,50,51,50,51,50,51,50,51,32,33,32,33,50,51,50,51,50,51,50,51,52,53,52,53,46,47
576,577,578,579,576,577,576,577,576,577,576,577,576,577,576,577,578,579,568,569,570,571,570,571,570,571,578,579,578,579,578,579,578,579,570,571,568,569,568,569,568,569,568,569,566,567,566,567,566,567,566,567,576,577,576,577,576,577,576,577,566,567,576,577,576,577,578,579,578,579,568,569,568,569,568,569,568,569,568,569,568,569,572,573,572,573,572,573,572,573,574,575,568,569,568,569,578,579,578,579,578,579,578,579,570,571,570,571,570,571,570,571,568,569,568,569,568,569,572,573,566,567,566,567,576,577,576,577,576,577,566,567,566,567,576,577,576,577,576,577,576,577,576,577,576,577,568,569,564,565,532,533,532,533,532,533,530,531,530,531,532,533,562,563,562,563,574,575,574,575,574,575,574,575,582,583,582,583,574,575,574,575,574,575,574,575,574,575,574,575,574,575,572,573,572,573,572,573,572,573,572,573,572,573,572,573,580,581,580,581,572,573,572,573,562,563,554,555,556,557,556,557,556,557,564,565,564,565,562,563,562,563,562,563,562,563,562,563,544,545,544,545,562,563,562,563,562,563,562,563,564,565,564,565,558,559
64,65,64,65,64,65,64,65,64,65,64,65,64,65,64,65,66,67,66,67,66,67,66,67,66,67,66,67,66,67,66,67,66,67,58,59,58,59,56,57,56,57,56,57,54,55,54,55,54,55,54,55,64,65,64,65,64,65,64,65,56,57,64,65,64,65,64,65,66,67,56,57,56,57,56,57,56,57,56,57,56,57,56,57,60,61,60,61,60,61,62,63,56,57,66,67,66,67,66,67,66,67,66,67,66,67,66,67,66,67,66,67,66,67,66,67,56,57,56,57,54,55,54,55,64,65,64,65,64,65,54,55,54,55,64,65,64,65,64,65,50,51,50,51,50,51,50,51,50,51,20,21,18,19,20,21,18,19,18,19,18,19,18,19,50,51,50,51,50,51,62,63,62,63,70,71,70,71,62,63,62,63,62,63,62,63,52,53,52,53,50,51,50,51,60,61,60,61,60,61,60,61,60,61,60,61,68,69,68,69,60,61,60,61,50,51,42,43,42,43,42,43,44,45,50,51,50,51,50,51,50,51,50,51,50,51,50,51,50,51,50,51,50,51,50,51,50,51,52,53,52,53,52,53,46,47
576,577,576,577,576,577,576,577,576,577,576,577,576,577,576,577,578,579,578,579,578,579,578,579,578,579,578,579,578,579,578,579,578,579,570,571,570,571,568,569,568,569,568,569,566,567,566,567,566,567,566,567,576,577,576,577,576,577,576,577,568,569,576,577,576,577,576,577,578,579,568,569,568,569,568,569,568,569,568,569,568,569,568,569,572,573,572,573,572,573,574,575,568,569,578,579,578,579,578,579,578,579,578,579,578,579,578,579,578,579,578,579,578,579,578,579,568,569,568,569,566,567,566,567,576,577,576,577,576,577,566,567,566,567,576,577,576,577,576,577,562,563,562,563,562,563,562,563,562,563,532,533,530,531,532,533,530,531,530,531,530,531,530,531,562,563,562,563,562,563,574,575,574,575,582,583,582,583,574,575,574,575,574,575,574,575,564,565,564,565,562,563,562,563,572,573,572,573,572,573,572,573,572,573,572,573,580,581,580,581,572,573,572,573,562,563,554,555,554,555,554,555,556,557,562,563,562,563,562,563,562,563,562,563,562,563,562,563,562,563,562,563,562,563,562,563,562,563,564,565,564,565,564,565,558,559
64,65,56,57,56,57,54,55,54,55,54,55,56,57,64,65,64,65,66,67,66,67,66,67,66,67,66,67,66,67,66,67,58,59,58,59,58,59,56,57,56,57,56,57,54,55,54,55,54,55,64,65,64,65,64,65,64,65,64,65,56,57,64,65,64,65,66,67,66,67,56,57,56,57,56,57,56,57,54,55,54,55,54,55,54,55,60,61,60,61,60,61,56,57,66,67,66,67,66,67,66,67,66,67,66,67,66,67,66,67,66,67,66,67,66,67,66,67,64,65,56,57,54,55,64,65,64,65,64,65,54,55,48,49,48,49,48,49,50,51,50,51,20,21,20,21,20,21,18,19,18,19,18,19,18,19,18,19,18,19,18,19,18,19,18,19,18,19,50,51,50,51,62,63,70,71,70,71,62,63,62,63,52,53,52,53,52,53,34,35,34,35,50,51,48,49,48,49,60,61,60,61,60,61,60,61,68,69,68,69,60,61,60,61,50,51,42,43,42,43,42,43,42,43,50,51,50,51,50,51,50,51,50,51,50,51,50,51,50,51,50,51,50,51,50,51,52,53,52,53,46,47,46,47,46,47
576,577,568,569,568,569,566,567,566,567,566,567,568,569,576,577,576,577,578,579,578,579,578,579,578,579,578,579,578,579,578,579,570,571,570,571,570,571,568,569,568,569,568,569,566,567,566,567,566,567,576,577,576,577,576,577,576,577,576,577,568,569,576,577,576,577,578,579,578,579,568,569,568,569,568,569,568,569,566,567,566,567,566,567,566,567,572,573,572,573,572,573,568,569,578,579,578,579,578,579,578,579,578,579,578,579,578,579,578,579,578,579,578,579,578,579,578,579,576,577,568,569,566,567,576,577,576,577,576,577,566,567,560,561,560,561,560,561,562,563,562,563,532,533,532,533,532,533,530,531,530,531,530,531,530,531,530,531,530,531,530,531,530,531,530,531,530,531,562,563,562,563,574,575,582,583,582,583,574,575,574,575,564,565,564,565,564,565,546,547,546,547,562,563,560,561,560,561,572,573,572,573,572,573,572,573,580,581,580,581,572,573,572,573,562,563,554,555,554,555,554,555,554,555,562,563,562,563,562,563,562,563,562,563,562,563,562,563,562,563,562,563,562,563,562,563,564,565,564,565,558,559,558,559,558,559
56,57,54,55,60,61,60,61,60,61,60,61,54,55,56,57,56,57,66,67,66,67,66,67,66,67,66,67,66,67,66,67,58,59,62,63,62,63,58,59,56,57,56,57,56,57,56,57,54,55,64,65,64,65,64,65,64,65,64,65,56,57,64,65,64,65,66,67,64,65,56,57,56,57,56,57,56,57,54,55,54,55,54,55,54,55,54,55,60,61,60,61,56,57,66,67,66,67,66,67,66,67,66,67,66,67,66,67,66,67,66,67,66,67,66,67,66,67,64,65,64,65,64,65,64,65,64,65,18,19,18,19,18,19,18,19,18,19,20,21,18,19,20,21,18,19,20,21,18,19,18,19,18,19,18,19,18,19,18,19,18,19,18,19,18,19,18,19,20,21,50,51,52,53,52,53,70,71,62,63,62,63,52,53,36,37,34,35,34,35,34,35,32,33,32,33,50,51,60,61,60,61,60,61,60,61,68,69,68,69,60,61,60,61,50,51,42,43,42,43,42,43,42,43,50,51,50,51,50,51,50,51,48,49,48,49,50,51,50,51,50,51,50,51,50,51,44,45,44,45,44,45,46,47,46,47
568,569,566,567,572,573,572,573,572,573,572,573,566,567,568,569,568,569,578,579,578,579,578,579,578,579,578,579,578,579,578,579,570,571,574,575,574,575,570,571,568,569,568,569,568,569,568,569,566,567,576,577,576,577,576,577,576,577,576,577,568,569,576,577,576,577,578,579,576,577,568,569,568,569,568,569,568,569,566,567,566,567,566,567,566,567,566,567,572,573,572,573,568,569,578,579,578,579,578,579,578,579,578,579,578,579,578,579,578,579,578,579,578,579,578,579,578,579,576,577,576,577,576,577,576,577,576,577,530,531,530,531,530,531,530,531,530,531,532,533,530,531,532,533,530,531,532,533,530,531,530,531,530,531,530,531,530,531,530,531,530,531,530,531,530,531,530,531,532,533,562,563,564,565,564,565,582,583,574,575,574,575,564,565,548,549,546,547,546,547,546,547,544,545,544,545,562,563,572,573,572,573,572,573,572,573,580,581,580,581,572,573,572,573,562,563,554,555,554,555,554,555,554,555,562,563,562,563,562,563,562,563,560,561,560,561,562,563,562,563,562,563,562,563,562,563,556,557,556,557,556,557,558,559,558,559
54,55,60,61,60,61,60,61,60,61,60,61,60,61,60,61,56,57,56,57,56,57,58,59,66,67,66,67,66,67,58,59,58,59,62,63,58,59,58,59,56,57,56,57,56,57,56,57,54,55,64,65,64,65,64,65,64,65,64,65,56,57,64,65,66,67,64,65,66,67,56,57,56,57,56,57,54,55,54,55,54,55,54,55,54,55,54,55,60,61,60,61,56,57,66,67,66,67,66,67,66,67,58,59,58,59,58,59,58,59,58,59,58,59,56,57,66,67,64,65,64,65,64,65,64,65,64,65,18,19,18,19,18,19,18,19,18,19,18,19,18,19,18,19,20,21,18,19,18,19,18,19,18,19,18,19,18,19,18,19,18,19,18,19,18,19,18,19,20,21,20,21,20,21,52,53,52,53,52,53,52,53,52,53,36,37,36,37,34,35,34,35,32,33,32,33,50,51,48,49,48,49,48,49,48,49,48,49,50,51,50,51,50,51,50,51,42,43,42,43,42,43,42,43,42,43,42,43,50,51,48,49,48,49,48,49,48,49,48,49,40,41,40,41,42,43,44,45,44,45,44,45,46,47,46,47
566,567,572,573,572,573,572,573,572,573,572,573,572,573,572,573,568,569,568,569,568,569,570,571,578,579,578,579,578,579,570,571,570,571,574,575,570,571,570,571,568,569,568,569,568,569,568,569,566,567,576,577,576,577,576,577,576,577,576,577,568,569,576,577,578,579,576,577,578,579,568,569,568,569,568,569,566,567,566,567,566,567,566,567,566,567,566,567,572,573,572,573,568,569,578,579,578,579,578,579,578,579,570,571,570,571,570,571,570,571,570,571,570,571,568,569,578,579,576,577,576,577,576,577,576,577,576,577,530,531,530,531,530,531,530,531,530,531,530,531,530,531,530,531,532,533,530,531,530,531,530,531,530,531,530,531,530,531,530,531,530,531,530,531,530,531,530,531,532,533,532,533,532,533,564,565,564,565,564,565,564,565,564,565,548,549,548,549,546,547,546,547,544,545,544,545,562,563,560,561,560,561,560,561,560,561,560,561,562,563,562,563,562,563,562,563,554,555,554,555,554,555,554,555,554,555,554,555,562,563,560,561,560,561,560,561,560,561,560,561,552,553,552,553,554,555,556,557,556,557,556,557,558,559,558,559
54,55,60,61,60,61,60,61,60,61,60,61,60,61,60,61,60,61,62,63,62,63,58,59,66,67,66,67,66,67,58,59,58,59,62,63,62,63,56,57,56,57,56,57,56,57,56,57,56,57,56,57,64,65,64,65,66,67,66,67,56,57,66,67,66,67,66,67,64,65,56,57,56,57,54,55,54,55,54,55,54,55,54,55,54,55,54,55,60,61,54,55,56,57,66,67,66,67,66,67,66,67,58,59,58,59,58,59,58,59,58,59,58,59,56,57,56,57,56,57,64,65,64,65,64,65,64,65,18,19,18,19,18,19,20,21,20,21,18,19,20,21,20,21,18,19,18,19,18,19,18,19,18,19,18,19,18,19,18,19,18,19,18,19,18,19,18,19,18,19,20,21,20,21,20,21,20,21,52,53,52,53,36,37,36,37,36,37,34,35,34,35,32,33,32,33,30,31,42,43,48,49,48,49,48,49,50,51,50,51,50,51,50,51,42,43,42,43,42,43,42,43,42,43,42,43,40,41,40,41,40,41,38,39,38,39,38,39,40,41,40,41,40,41,42,43,44,45,44,45,46,47,46,47,46,47
566,567,572,573,572,573,572,573,572,573,572,573,572,573,572,573,572,573,574,575,574,575,570,571,578,579,578,579,578,579,570,571,570,571,574,575,574,575,568,569,568,569,568,569,568,569,568,569,568,569,568,569,576,577,576,577,578,579,578,579,568,569,578,579,578,579,578,579,576,577,568,569,568,569,566,567,566,567,566,567,566,567,566,567,566,567,566,567,572,573,566,567,568,569,578,579,578,579,578,579,578,579,570,571,570,571,570,571,570,571,570,571,570,571,568,569,568,569,568,569,576,577,576,577,576,577,576,577,530,531,530,531,530,531,532,533,532,533,530,531,532,533,532,533,530,531,530,531,530,531,530,531,530,531,530,531,530,531,530,531,530,531,530,531,530,531,530,531,530,531,532,533,532,533,532,533,532,533,564,565,564,565,548,549,548,549,548,549,546,547,546,547,544,545,544,545,542,543,554,555,560,561,560,561,560,561,562,563,562,563,562,563,562,563,554,555,554,555,554,555,554,555,554,555,554,555,552,553,552,553,552,553,550,551,550,551,550,551,552,553,552,553,552,553,554,555,556,557,556,557,558,559,558,559,558,559
54,55,60,61,60,61,60,61,60,61,60,61,60,61,60,61,60,61,60,61,62,63,56,57,58,59,66,67,66,67,66,67,58,59,62,63,62,63,56,57,56,57,56,57,56,57,56,57,56,57,56,57,56,57,56,57,66,67,66,67,56,57,66,67,66,67,66,67,64,65,56,57,56,57,54,55,54,55,54,55,54,55,54,55,54,55,60,61,54,55,54,55,56,57,66,67,66,67,66,67,66,67,58,59,58,59,58,59,58,59,58,59,58,59,56,57,56,57,56,57,56,57,18,19,64,65,64,65,18,19,20,21,20,21,20,21,20,21,20,21,20,21,20,21,18,19,18,19,18,19,18,19,18,19,18,19,18,19,18,19,18,19,18,19,18,19,18,19,18,19,20,21,20,21,20,21,20,21,20,21,20,21,36,37,36,37,34,35,34,35,34,35,32,33,32,33,32,33,42,43,42,43,42,43,50,51,50,51,50,51,42,43,42,43,42,43,44,45,42,43,42,43,40,41,40,41,40,41,40,41,38,39,38,39,38,39,38,39,40,41,40,41,42,43,42,43,44,45,44,45,52,53,46,47,46,47
566,567,572,573,572,573,572,573,572,573,572,573,572,573,572,573,572,573,572,573,574,575,568,569,570,571,578,579,578,579,578,579,570,571,574,575,574,575,568,569,568,569,568,569,568,569,568,569,568,569,568,569,568,569,568,569,578,579,578,579,568,569,578,579,578,579,578,579,576,577,568,569,568,569,566,567,566,567,566,567,566,567,566,567,566,567,572,573,566,567,566,567,568,569,578,579,578,579,578,579,578,579,570,571,570,571,570,571,570,571,570,571,570,571,568,569,568,569,568,569,568,569,530,531,576,577,576,577,530,531,532,533,532,533,532,533,532,533,532,533,532,533,532,533,530,531,530,531,530,531,530,531,530,531,530,531,530,531,530,531,530,531,530,531,530,531,530,531,530,531,532,533,532,533,532,533,532,533,532,533,532,533,548,549,548,549,546,547,546,547,546,547,544,545,544,545,544,545,554,555,554,555,554,555,562,563,562,563,562,563,554,555,554,555,554,555,556,557,554,555,554,555,552,553,552,553,552,553,552,553,550,551,550,551,550,551,550,551,552,553,552,553,554,555,554,555,556,557,556,557,564,565,558,559,558,559
54,55,60,61,60,61,60,61,60,61,60,61,60,61,60,61,60,61,60,61,62,63,62,63,58,59,66,67,66,67,66,67,58,59,62,63,62,63,62,63,56,57,56,57,56,57,56,57,56,57,56,57,56,57,58,59,66,67,58,59,58,59,66,67,66,67,66,67,66,67,56,57,56,57,54,55,54,55,54,55,54,55,54,55,54,55,54,55,54,55,54,55,56,57,64,65,66,67,66,67,66,67,58,59,58,59,58,59,58,59,58,59,56,57,56,57,56,57,56,57,56,57,64,65,64,65,66,67,20,21,20,21,20,21,20,21,20,21,20,21,20,21,20,21,18,19,18,19,18,19,48,49,48,49,48,49,48,49,48,49,48,49,18,19,18,19,18,19,18,19,20,21,20,21,20,21,20,21,20,21,20,21,20,21,34,35,34,35,34,35,32,33,32,33,32,33,42,43,42,43,42,43,42,43,42,43,42,43,44,45,44,45,44,45,44,45,42,43,42,43,42,43,42,43,40,41,40,41,38,39,38,39,38,39,38,39,38,39,38,39,40,41,40,41,42,43,50,51,52,53,52,53,46,47,46,47
566,567,572,573,572,573,572,573,572,573,572,573,572,573,572,573,572,573,572,573,574,575,574,575,570,571,578,579,578,579,578,579,570,571,574,575,574,575,574,575,568,569,568,569,568,569,568,569,568,569,568,569,568,569,570,571,578,579,570,571,570,571,578,579,578,579,578,579,578,579,568,569,568,569,566,567,566,567,566,567,566,567,566,567,566,567,566,567,566,567,566,567,568,569,576,577,578,579,578,579,578,579,570,571,570,571,570,571,570,571,570,571,568,569,568,569,568,569,568,569,568,569,576,577,576,577,578,579,532,533,532,533,532,533,532,533,532,533,532,533,532,533,532,533,530,531,530,531,530,531,560,561,560,561,560,561,560,561,560,561,560,561,530,531,530,531,530,531,530,531,532,533,532,533,532,533,532,533,532,533,532,533,532,533,546,547,546,547,546,547,544,545,544,545,544,545,554,555,554,555,554,555,554,555,554,555,554,555,556,557,556,557,556,557,556,557,554,555,554,555,554,555,554,555,552,553,552,553,550,551,550,551,550,551,550,551,550,551,550,551,552,553,552,553,554,555,562,563,564,565,564,565,558,559,558,559
54,55,60,61,60,61,60,61,60,61,60,61,60,61,60,61,60,61,60,61,62,63,62,63,58,59,66,67,66,67,66,67,56,57,62,63,62,63,62,63,56,57,56,57,56,57,56,57,56,57,56,57,58,59,58,59,58,59,58,59,66,67,66,67,66,67,66,67,56,57,56,57,56,57,54,55,54,55,54,55,54,55,54,55,54,55,54,55,54,55,54,55,56,57,56,57,66,67,66,67,66,67,66,67,58,59,58,59,58,59,56,57,56,57,56,57,56,57,56,57,56,57,64,65,64,65,66,67,20,21,20,21,20,21,20,21,20,21,20,21,20,21,50,51,50,51,50,51,50,51,48,49,60,61,60,61,60,61,60,61,48,49,48,49,48,49,48,49,18,19,18,19,20,21,20,21,20,21,20,21,20,21,20,21,34,35,34,35,32,33,34,35,32,33,32,33,42,43,42,43,42,43,44,45,42,43,42,43,44,45,44,45,44,45,44,45,50,51,44,45,42,43,42,43,40,41,38,39,38,39,38,39,38,39,38,39,38,39,38,39,48,49,48,49,50,51,50,51,50,51,44,45,44,45,46,47
566,567,572,573,572,573,572,573,572,573,572,573,572,573,572,573,572,573,572,573,574,575,574,575,570,571,578,579,578,579,578,579,568,569,574,575,574,575,574,575,568,569,568,569,568,569,568,569,568,569,568,569,570,571,570,571,570,571,570,571,578,579,578,579,578,579,578,579,568,569,568,569,568,569,566,567,566,567,566,567,566,567,566,567,566,567,566,567,566,567,566,567,568,569,568,569,578,579,578,579,578,579,578,579,570,571,570,571,570,571,568,569,568,569,568,569,568,569,568,569,568,569,576,577,576,577,578,579,532,533,532,533,532,533,532,533,532,533,532,533,532,533,562,563,562,563,562,563,562,563,560,561,572,573,572,573,572,573,572,573,560,561,560,561,560,561,560,561,530,531,530,531,532,533,532,533,532,533,532,533,532,533,532,533,546,547,546,547,544,545,546,547,544,545,544,545,554,555,554,555,554,555,556,557,554,555,554,555,556,557,556,557,556,557,556,557,562,563,556,557,554,555,554,555,552,553,550,551,550,551,550,551,550,551,550,551,550,551,550,551,560,561,560,561,562,563,562,563,562,563,556,557,556,557,558,559
54,55,60,61,60,61,60,61,60,61,60,61,60,61,60,61,60,61,60,61,60,61,62,63,56,57,66,67,66,67,66,67,56,57,62,63,62,63,60,61,56,57,56,57,56,57,56,57,56,57,56,57,56,57,58,59,58,59,58,59,66,67,66,67,66,67,66,67,56,57,56,57,56,57,56,57,54,55,54,55,54,55,54,55,54,55,54,55,54,55,54,55,56,57,56,57,66,67,66,67,66,67,66,67,56,57,56,57,56,57,56,57,56,57,56,57,56,57,56,57,64,65,64,65,66,67,66,67,58,59,52,53,52,53,52,53,52,53,52,53,52,53,52,53,70,71,60,61,60,61,60,61,60,61,60,61,60,61,60,61,48,49,48,49,48,49,48,49,50,51,18,19,20,21,20,21,20,21,20,21,20,21,20,21,20,21,20,21,34,35,32,33,42,43,42,43,50,51,50,51,42,43,44,45,44,45,44,45,44,45,44,45,44,45,52,53,52,53,44,45,42,43,42,43,40,41,40,41,48,49,48,49,48,49,48,49,48,49,48,49,48,49,60,61,60,61,62,63,50,51,44,45,44,45,44,45
566,567,572,573,572,573,572,573,572,573,572,573,572,573,572,573,572,573,572,573,572,573,574,575,568,569,578,579,578,579,578,579,568,569,574,575,574,575,572,573,568,569,568,569,568,569,568,569,568,569,568,569,568,569,570,571,570,571,570,571,578,579,578,579,578,579,578,579,568,569,568,569,568,569,568,569,566,567,566,567,566,567,566,567,566,567,566,567,566,567,566,567,568,569,568,569,578,579,578,579,578,579,578,579,568,569,568,569,568,569,568,569,568,569,568,569,568,569,568,569,576,577,576,577,578,579,578,579,570,571,564,565,564,565,564,565,564,565,564,565,564,565,564,565,582,583,572,573,572,573,572,573,572,573,572,573,572,573,572,573,560,561,560,561,560,561,560,561,562,563,530,531,532,533,532,533,532,533,532,533,532,533,532,533,532,533,532,533,546,547,544,545,554,555,554,555,562,563,562,563,554,555,556,557,556,557,556,557,556,557,556,557,556,557,564,565,564,565,556,557,554,555,554,555,552,553,552,553,560,561,560,561,560,561,560,561,560,561,560,561,560,561,572,573,572,573,574,575,562,563,556,557,556,557,556,557
54,55,60,61,60,61,60,61,60,61,60,61,60,61,60,61,60,61,60,61,60,61,62,63,56,57,66,67,66,67,64,65,56,57,60,61,60,61,60,61,60,61,56,57,56,57,56,57,56,57,56,57,58,59,58,59,58,59,66,67,66,67,66,67,66,67,58,59,56,57,56,57,56,57,56,57,54,55,54,55,54,55,54,55,54,55,54,55,54,55,54,55,56,57,56,57,66,67,66,67,66,67,66,67,56,57,56,57,56,57,56,57,56,57,56,57,56,57,56,57,64,65,66,67,66,67,66,67,58,59,62,63,62,63,62,63,62,63,62,63,62,63,70,71,70,71,62,63,60,61,60,61,60,61,60,61,60,61,60,61,48,49,48,49,48,49,48,49,50,51,50,51,50,51,20,21,20,21,20,21,20,21,20,21,20,21,42,43,42,43,42,43,42,43,42,43,50,51,50,51,50,51,50,51,50,51,46,47,46,47,52,53,52,53,52,53,52,53,44,45,44,45,42,43,40,41,40,41,48,49,60,61,60,61,60,61,60,61,68,69,68,69,60,61,60,61,60,61,50,51,44,45,42,43,44,45
566,567,572,573,572,573,572,573,572,573,572,573,572,573,572,573,572,573,572,573,572,573,574,575,568,569,578,579,578,579,576,577,568,569,572,573,572,573,572,573,572,573,568,569,568,569,568,569,568,569,568,569,570,571,570,571,570,571,578,579,578,579,578,579,578,579,570,571,568,569,568,569,568,569,568,569,566,567,566,567,566,567,566,567,566,567,566,567,566,567,566,567,568,569,568,569,578,579,578,579,578,579,578,579,568,569,568,569,568,569,568,569,568,569,568,569,568,569,568,569,576,577,578,579,578,579,578,579,570,571,574,575,574,575,574,575,574,575,574,575,574,575,582,583,582,583,574,575,572,573,572,573,572,573,572,573,572,573,572,573,560,561,560,561,560,561,560,561,562,563,562,563,562,563,532,533,532,533,532,533,532,533,532,533,532,533,554,555,554,555,554,555,554,555,554,555,562,563,562,563,562,563,562,563,562,563,558,559,558,559,564,565,564,565,564,565,564,565,556,557,556,557,554,555,552,553,552,553,560,561,572,573,572,573,572,573,572,573,580,581,580,581,572,573,572,573,572,573,562,563,556,557,554,555,556,557
56,57,60,61,60,61,60,61,60,61,60,61,60,61,60,61,60,61,60,61,60,61,62,63,56,57,66,67,64,65,64,65,56,57,60,61,60,61,60,61,60,61,56,57,56,57,56,57,56,57,56,57,58,59,58,59,58,59,66,67,66,67,66,67,66,67,58,59,56,57,56,57,56,57,54,55,54,55,54,55,54,55,54,55,54,55,54,55,54,55,56,57,54,55,56,57,56,57,66,67,64,65,66,67,64,65,56,57,56,57,56,57,56,57,54,55,56,57,56,57,64,65,64,65,66,67,66,67,58,59,62,63,62,63,62,63,62,63,62,63,62,63,70,71,70,71,62,63,60,61,60,61,60,61,60,61,60,61,60,61,48,49,48,49,48,49,48,49,50,51,50,51,50,51,50,51,50,51,20,21,20,21,20,21,42,43,42,43,40,41,42,43,40,41,40,41,50,51,50,51,50,51,52,53,52,53,52,53,52,53,52,53,52,53,52,53,52,53,44,45,42,43,42,43,42,43,40,41,48,49,60,61,60,61,60,61,60,61,68,69,68,69,60,61,60,61,60,61,50,51,42,43,42,43,44,45
568,569,572,573,572,573,572,573,572,573,572,573,572,573,572,573,572,573,572,573,572,573,574,575,568,569,578,579,576,577,576,577,568,569,572,573,572,573,572,573,572,573,568,569,568,569,568,569,568,569,568,569,570,571,570,571,570,571,578,579,578,579,578,579,578,579,570,571,568,569,568,569,568,569,566,567,566,567,566,567,566,567,566,567,566,567,566,567,566,567,568,569,566,567,568,569,568,569,578,579,576,577,578,579,576,577,568,569,568,569,568,569,568,569,566,567,568,569,568,569,576,577,576,577,578,579,578,579,570,571,574,575,574,575,574,575,574,575,574,575,574,575,582,583,582,583,574,575,572,573,572,573,572,573,572,573,572,573,572,573,560,561,560,561,560,561,560,561,562,563,562,563,562,563,562,563,562,563,532,533,532,533,532,533,554,555,554,555,552,553,554,555,552,553,552,553,562,563,562,563,562,563,564,565,564,565,564,565,564,565,564,565,564,565,564,565,564,565,556,557,554,555,554,555,554,555,552,553,560,561,572,573,572,573,572,573,572,573,580,581,580,581,572,573,572,573,572,573,562,563,554,555,554,555,556,557
56,57,60,61,60,61,60,61,60,61,60,61,60,61,60,61,60,61,62,63,62,63,60,61,56,57,64,65,64,65,64,65,56,57,54,55,60,61,60,61,60,61,56,57,56,57,56,57,56,57,58,59,58,59,58,59,66,67,66,67,66,67,66,67,58,59,58,59,58,59,56,57,56,57,56,57,54,55,54,55,54,55,60,61,60,61,54,55,54,55,56,57,56,57,56,57,56,57,64,65,66,67,64,65,64,65,56,57,56,57,64,65,64,65,64,65,54,55,64,65,64,65,66,67,66,67,56,57,58,59,70,71,70,71,70,71,70,71,70,71,70,71,70,71,70,71,70,71,70,71,68,69,68,69,68,69,68,69,68,69,48,49,48,49,48,49,48,49,50,51,50,51,50,51,50,51,50,51,50,51,50,51,50,51,40,41,42,43,40,41,40,41,40,41,42,43,50,51,50,51,50,51,50,51,52,53,52,53,52,53,52,53,52,53,52,53,52,53,44,45,44,45,42,43,42,43,40,41,48,49,68,69,68,69,68,69,68,69,68,69,68,69,68,69,68,69,68,69,50,51,42,43,42,43,42,43
568,569,572,573,572,573,572,573,572,573,572,573,572,573,572,573,572,573,574,575,574,575,572,573,568,569,576,577,576,577,576,577,568,569,566,567,572,573,572,573,572,573,568,569,568,569,568,569,568,569,570,571,570,571,570,571,578,579,578,579,578,579,578,579,570,571,570,571,570,571,568,569,568,569,568,569,566,567,566,567,566,567,572,573,572,573,566,567,566,567,568,569,568,569,568,569,568,569,576,577,578,579,576,577,576,577,568,569,568,569,576,577,576,577,576,577,566,567,576,577,576,577,578,579,578,579,568,569,570,571,582,583,582,583,582,583,582,583,582,583,582,583,582,583,582,583,582,583,582,583,580,581,580,581,580,581,580,581,580,581,560,561,560,561,560,561,560,561,562,563,562,563,562,563,562,563,562,563,562,563,562,563,562,563,552,553,554,555,552,553,552,553,552,553,554,555,562,563,562,563,562,563,562,563,564,565,564,565,564,565,564,565,564,565,564,565,564,565,556,557,556,557,554,555,554,555,552,553,560,561,580,581,580,581,580,581,580,581,580,581,580,581,580,581,580,581,580,581,562,563,554,555,554,555,554,555
56,57,60,61,60,61,60,61,60,61,60,61,60,61,60,61,60,61,62,63,62,63,62,63,56,57,56,57,64,65,64,65,64,65,54,55,60,61,60,61,60,61,60,61,56,57,56,57,56,57,56,57,58,59,58,59,66,67,66,67,66,67,66,67,58,59,58,59,58,59,56,57,56,57,60,61,60,61,60,61,60,61,60,61,60,61,54,55,56,57,64,65,64,65,64,65,66,67,64,65,66,67,64,65,64,65,54,55,54,55,64,65,64,65,64,65,54,55,64,65,64,65,64,65,66,67,56,57,62,63,62,63,62,63,62,63,62,63,62,63,62,63,70,71,70,71,62,63,60,61,60,61,60,61,60,61,60,61,60,61,48,49,50,51,48,49,50,51,50,51,50,51,50,51,50,51,50,51,50,51,50,51,50,51,40,41,40,41,40,41,40,41,40,41,40,41,50,51,50,51,50,51,50,51,52,53,52,53,52,53,52,53,52,53,52,53,52,53,46,47,44,45,42,43,42,43,40,41,48,49,60,61,60,61,60,61,60,61,68,69,68,69,60,61,60,61,60,61,50,51,42,43,42,43,42,43
568,569,572,573,572,573,572,573,572,573,572,573,572,573,572,573,572,573,574,575,574,575,574,575,568,569,568,569,576,577,576,577,576,577,566,567,572,573,572,573,572,573,572,573,568,569,568,569,568,569,568,569,570,571,570,571,578,579,578,579,578,579,578,579,570,571,570,571,570,571,568,569,568,569,572,573,572,573,572,573,572,573,572,573,572,573,566,567,568,569,576,577,576,577,576,577,578,579,576,577,578,579,576,577,576,577,566,567,566,567,576,577,576,577,576,577,566,567,576,577,576,577,576,577,578,579,568,569,574,575,574,575,574,575,574,575,574,575,574,575,574,575,582,583,582,583,574,575,572,573,572,573,572,573,572,573,572,573,572,573,560,561,562,563,560,561,562,563,562,563,562,563,562,563,562,563,562,563,562,563,562,563,562,563,552,553,552,553,552,553,552,553,552,553,552,553,562,563,562,563,562,563,562,563,564,565,564,565,564,565,564,565,564,565,564,565,564,565,558,559,556,557,554,555,554,555,552,553,560,561,572,573,572,573,572,573,572,573,580,581,580,581,572,573,572,573,572,573,562,563,554,555,554,555,554,555
56,57,60,61,60,61,60,61,60,61,60,61,62,63,60,61,62,63,62,63,62,63,62,63,60,61,56,57,64,65,64,65,64,65,54,55,60,61,54,55,54,55,54,55,54,55,56,57,56,57,56,57,58,59,66,67,66,67,66,67,66,67,58,59,58,59,58,59,58,59,62,63,62,63,62,63,60,61,60,61,60,61,60,61,56,57,56,57,66,67,66,67,64,65,66,67,66,67,64,65,64,65,64,65,64,65,64,65,54,55,54,55,54,55,64,65,54,55,64,65,64,65,64,65,66,67,56,57,62,63,62,63,62,63,62,63,62,63,62,63,62,63,70,71,70,71,62,63,62,63,60,61,60,61,60,61,60,61,60,61,50,51,50,51,50,51,50,51,50,51,50,51,50,51,50,51,50,51,50,51,50,51,48,49,40,41,40,41,38,39,40,41,38,39,40,41,50,51,50,51,50,51,50,51,52,53,52,53,52,53,52,53,52,53,52,53,52,53,46,47,44,45,42,43,42,43,42,43,50,51,60,61,60,61,60,61,60,61,68,69,68,69,60,61,60,61,62,63,50,51,50,51,42,43,42,43
568,569,572,573,572,573,572,573,572,573,572,573,574,575,572,573,574,575,574,575,574,575,574,575,572,573,568,569,576,577,576,577,576,577,566,567,572,573,566,567,566,567,566,567,566,567,568,569,568,569,568,569,570,571,578,579,578,579,578,579,578,579,570,571,570,571,570,571,570,571,574,575,574,575,574,575,572,573,572,573,572,573,572,573,568,569,568,569,578,579,578,579,576,577,578,579,578,579,576,577,576,577,576,577,576,577,576,577,566,567,566,567,566,567,576,577,566,567,576,577,576,577,576,577,578,579,568,569,574,575,574,575,574,575,574,575,574,575,574,575,574,575,582,583,582,583,574,575,574,575,572,573,572,573,572,573,572,573,572,573,562,563,562,563,562,563,562,563,562,563,562,563,562,563,562,563,562,563,562,563,562,563,560,561,552,553,552,553,550,551,552,553,550,551,552,553,562,563,562,563,562,563,562,563,564,565,564,565,564,565,564,565,564,565,564,565,564,565,558,559,556,557,554,555,554,555,554,555,562,563,572,573,572,573,572,573,572,573,580,581,580,581,572,573,572,573,574,575,562,563,562,563,554,555,554,555
56,57,62,63,60,61,60,61,60,61,62,63,62,63,62,63,62,63,62,63,62,63,62,63,62,63,56,57,64,65,64,65,64,65,54,55,54,55,54,55,64,65,64,65,64,65,56,57,56,57,56,57,56,57,66,67,66,67,66,67,66,67,58,59,58,59,58,59,58,59,62,63,62,63,62,63,60,61,60,61,60,61,56,57,56,57,64,65,66,67,66,67,66,67,66,67,66,67,66,67,66,67,64,65,64,65,64,65,64,65,64,65,54,55,54,55,54,55,64,65,64,65,64,65,66,67,56,57,62,63,62,63,62,63,62,63,62,63,62,63,62,63,70,71,70,71,62,63,60,61,60,61,60,61,60,61,60,61,60,61,50,51,50,51,50,51,50,51,74,75,72,73,74,75,72,73,74,75,72,73,74,75,72,73,40,41,38,39,38,39,38,39,38,39,38,39,48,49,50,51,74,75,72,73,74,75,72,73,74,75,72,73,74,75,72,73,52,53,46,47,44,45,42,43,42,43,42,43,50,51,60,61,60,61,60,61,60,61,68,69,68,69,62,63,62,63,62,63,62,63,50,51,42,43,40,41
568,569,574,575,572,573,572,573,572,573,574,575,574,575,574,575,574,575,574,575,574,575,574,575,574,575,568,569,576,577,576,577,576,577,566,567,566,567,566,567,576,577,576,577,576,577,568,569,568,569,568,569,568,569,578,579,578,579,578,579,578,579,570,571,570,571,570,571,570,571,574,575,574,575,574,575,572,573,572,573,572,573,568,569,568,569,576,577,578,579,578,579,578,579,578,579,578,579,578,579,578,579,576,577,576,577,576,577,576,577,576,577,566,567,566,567,566,567,576,577,576,577,576,577,578,579,568,569,574,575,574,575,574,575,574,575,574,575,574,575,574,575,582,583,582,583,574,575,572,573,572,573,572,573,572,573,572,573,572,573,562,563,562,563,562,563,562,563,586,587,584,585,586,587,584,585,586,587,584,585,586,587,584,585,552,553,550,551,550,551,550,551,550,551,550,551,560,561,562,563,586,587,584,585,586,587,584,585,586,587,584,585,586,587,584,585,564,565,558,559,556,557,554,555,554,555,554,555,562,563,572,573,572,573,572,573,572,573,580,581,580,581,574,575,574,575,574,575,574,575,562,563,554,555,552,553
56,57,56,57,62,63,62,63,62,63,62,63,62,63,62,63,62,63,62,63,62,63,62,63,62,63,56,57,64,65,64,65,64,65,64,65,64,65,64,65,64,65,64,65,64,65,64,65,64,65,66,67,56,57,66,67,66,67,66,67,66,67,66,67,66,67,66,67,56,57,56,57,62,63,62,63,60,61,60,61,62,63,56,57,66,67,66,67,66,67,66,67,66,67,66,67,66,67,66,67,64,65,64,65,64,65,64,65,64,65,64,65,64,65,54,55,54,55,64,65,64,65,64,65,64,65,56,57,62,63,62,63,62,63,62,63,62,63,62,63,62,63,70,71,70,71,62,63,62,63,60,61,60,61,60,61,60,61,62,63,50,51,50,51,50,51,74,75,72,73,74,75,72,73,74,75,72,73,74,75,72,73,74,75,72,73,38,39,38,39,38,39,38,39,38,39,48,49,74,75,72,73,74,75,72,73,74,75,72,73,74,75,72,73,74,75,72,73,44,45,44,45,44,45,42,43,42,43,50,51,50,51,50,51,60,61,60,61,68,69,70,71,62,63,62,63,62,63,62,63,50,51,42,43,42,43
568,569,568,569,574,575,574,575,574,575,574,575,574,575,574,575,574,575,574,575,574,575,574,575,574,575,568,569,576,577,576,577,576,577,576,577,576,577,576,577,576,577,576,577,576,577,576,577,576,577,578,579,568,569,578,579,578,579,578,579,578,579,578,579,578,579,578,579,568,569,568,569,574,575,574,575,572,573,572,573,574,575,568,569,578,579,578,579,578,579,578,579,578,579,578,579,578,579,578,579,576,577,576,577,576,577,576,577,576,577,576,577,576,577,566,567,566,567,576,577,576,577,576,577,576,577,568,569,574,575,574,575,574,575,574,575,574,575,574,575,574,575,582,583,582,583,574,575,574,575,572,573,572,573,572,573,572,573,574,575,562,563,562,563,562,563,586,587,584,585,586,587,584,585,586,587,584,585,586,587,584,585,586,587,584,585,550,551,550,551,550,551,550,551,550,551,560,561,586,587,584,585,586,587,584,585,586,587,584,585,586,587,584,585,586,587,584,585,556,557,556,557,556,557,554,555,554,555,562,563,562,563,562,563,572,573,572,573,580,581,582,583,574,575,574,575,574,575,574,575,562,563,554,555,554,555
66,67,56,57,56,57,62,63,62,63,62,63,62,63,62,63,62,63,62,63,62,63,62,63,62,63,56,57,64,65,64,65,64,65,64,65,64,65,64,65,64,65,64,65,64,65,64,65,64,65,64,65,66,67,66,67,66,67,66,67,66,67,66,67,66,67,66,67,66,67,56,57,56,57,60,61,60,61,62,63,62,63,56,57,66,67,66,67,66,67,66,67,66,67,66,67,66,67,66,67,64,65,64,65,64,65,64,65,64,65,64,65,64,65,64,65,64,65,64,65,64,65,64,65,64,65,56,57,62,63,62,63,62,63,62,63,62,63,62,63,62,63,70,71,70,71,62,63,62,63,60,61,60,61,62,63,62,63,62,63,50,51,52,53,50,51,72,73,74,75,72,73,74,75,72,73,74,75,72,73,74,75,72,73,74,75,18,19,18,19,18,19,38,39,38,39,48,49,72,73,74,75,72,73,74,75,72,73,74,75,72,73,74,75,72,73,74,75,50,51,42,43,44,45,32,33,32,33,32,33,32,33,50,51,50,51,62,63,70,71,70,71,62,63,62,63,62,63,62,63,50,51,42,43,42,43
578,579,568,569,568,569,574,575,574,575,574,575,574,575,574,575,574,575,574,575,574,575,574,575,574,575,568,569,576,577,576,577,576,577,576,577,576,577,576,577,576,577,576,577,576,577,576,577,576,577,576,577,578,579,578,579,578,579,578,579,578,579,578,579,578,579,578,579,578,579,568,569,568,569,572,573,572,573,574,575,574,575,568,569,578,579,578,579,578,579,578,579,578,579,578,579,578,579,578,579,576,577,576,577,576,577,576,577,576,577,576,577,576,577,576,577,576,577,576,577,576,577,576,577,576,577,568,569,574,575,574,575,574,575,574,575,574,575,574,575,574,575,582,583,582,583,574,575,574,575,572,573,572,573,574,575,574,575,574,575,562,563,564,565,562,563,584,585,586,587,584,585,586,587,584,585,586,587,584,585,586,587,584,585,586,587,530,531,530,531,530,531,550,551,550,551,560,561,584,585,586,587,584,585,586,587,584,585,586,587,584,585,586,587,584,585,586,587,562,563,554,555,556,557,544,545,544,545,544,545,544,545,562,563,562,563,574,575,582,583,582,583,574,575,574,575,574,575,574,575,562,563,554,555,554,555
66,67,66,67,56,57,56,57,56,57,62,63,62,63,62,63,62,63,62,63,62,63,62,63,56,57,56,57,64,65,64,65,64,65,64,65,64,65,64,65,64,65,64,65,64,65,64,65,64,65,64,65,66,67,66,67,66,67,66,67,66,67,66,67,66,67,66,67,66,67,66,67,56,57,56,57,62,63,62,63,62,63,56,57,66,67,66,67,66,67,66,67,66,67,66,67,66,67,66,67,64,65,64,65,54,55,54,55,64,65,64,65,64,65,64,65,64,65,64,65,64,65,64,65,64,65,56,57,56,57,62,63,62,63,62,63,62,63,62,63,62,63,70,71,70,71,62,63,60,61,60,61,60,61,62,63,50,51,50,51,50,51,52,53,52,53,52,53,72,73,74,75,72,73,74,75,72,73,74,75,72,73,74,75,18,19,18,19,18,19,18,19,38,39,38,39,40,41,40,41,72,73,74,75,72,73,74,75,72,73,74,75,72,73,74,75,52,53,50,51,42,43,32,33,32,33,32,33,32,33,32,33,32,33,50,51,52,53,70,71,70,71,62,63,62,63,62,63,62,63,50,51,42,43,32,33
578,579,578,579,568,569,568,569,568,569,574,575,574,575,574,575,574,575,574,575,574,575,574,575,568,569,568,569,576,577,576,577,576,577,576,577,576,577,576,577,576,577,576,577,576,577,576,577,576,577,576,577,578,579,578,579,578,579,578,579,578,579,578,579,578,579,578,579,578,579,578,579,568,569,568,569,574,575,574,575,574,575,568,569,578,579,578,579,578,579,578,579,578,579,578,579,578,579,578,579,576,577,576,577,566,567,566,567,576,577,576,577,576,577,576,577,576,577,576,577,576,577,576,577,576,577,568,569,568,569,574,575,574,575,574,575,574,575,574,575,574,575,582,583,582,583,574,575,572,573,572,573,572,573,574,575,562,563,562,563,562,563,564,565,564,565,564,565,584,585,586,587,584,585,586,587,584,585,586,587,584,585,586,587,530,531,530,531,530,531,530,531,550,551,550,551,552,553,552,553,584,585,586,587,584,585,586,587,584,585,586,587,584,585,586,587,564,565,562,563,554,555,544,545,544,545,544,545,544,545,544,545,544,545,562,563,564,565,582,583,582,583,574,575,574,575,574,575,574,575,562,563,554,555,544,545
64,65,66,67,66,67,66,67,58,59,58,59,58,59,58,59,62,63,62,63,58,59,58,59,56,57,66,67,64,65,64,65,64,65,64,65,64,65,64,65,54,55,54,55,54,55,64,65,64,65,64,65,66,67,66,67,66,67,66,67,66,67,66,67,66,67,64,65,64,65,64,65,64,65,56,57,60,61,62,63,62,63,58,59,66,67,66,67,66,67,66,67,66,67,66,67,66,67,66,67,66,67,66,67,56,57,54,55,54,55,54,55,64,65,64,65,64,65,64,65,64,65,64,65,64,65,66,67,56,57,50,51,62,63,62,63,62,63,62,63,62,63,70,71,68,69,60,61,62,63,60,61,62,63,50,51,50,51,20,21,20,21,20,21,20,21,20,21,20,21,20,21,20,21,20,21,18,19,18,19,18,19,18,19,18,19,18,19,18,19,18,19,38,39,38,39,38,39,40,41,42,43,42,43,42,43,42,43,52,53,52,53,52,53,50,51,50,51,50,51,32,33,32,33,32,33,32,33,32,33,32,33,34,35,34,35,52,53,52,53,70,71,62,63,52,53,52,53,52,53,50,51,42,43,32,33
576,577,578,579,578,579,578,579,570,571,570,571,570,571,570,571,574,575,574,575,570,571,570,571,568,569,578,579,576,577,576,577,576,577,576,577,576,577,576,577,566,567,566,567,566,567,576,577,576,577,576,577,578,579,578,579,578,579,578,579,578,579,578,579,578,579,576,577,576,577,576,577,576,577,568,569,572,573,574,575,574,575,570,571,578,579,578,579,578,579,578,579,578,579,578,579,578,579,578,579,578,579,578,579,568,569,566,567,566,567,566,567,576,577,576,577,576,577,576,577,576,577,576,577,576,577,578,579,568,569,562,563,574,575,574,575,574,575,574,575,574,575,582,583,580,581,572,573,574,575,572,573,574,575,562,563,562,563,532,533,532,533,532,533,532,533,532,533,532,533,532,533,532,533,532,533,530,531,530,531,530,531,530,531,530,531,530,531,530,531,530,531,550,551,550,551,550,551,552,553,554,555,554,555,554,555,554,555,564,565,564,565,564,565,562,563,562,563,562,563,544,545,544,545,544,545,544,545,544,545,544,545,546,547,546,547,564,565,564,565,582,583,574,575,564,565,564,565,564,565,562,563,554,555,544,545
64,65,66,67,66,67,66,67,66,67,66,67,66,67,58,59,58,59,58,59,58,59,66,67,66,67,66,67,64,65,64,65,64,65,54,55,54,55,54,55,54,55,54,55,54,55,56,57,56,57,56,57,64,65,66,67,66,67,66,67,64,65,66,67,64,65,64,65,64,65,64,65,64,65,56,57,60,61,62,63,62,63,58,59,58,59,66,67,66,67,66,67,66,67,66,67,66,67,66,67,66,67,56,57,56,57,64,65,64,65,54,55,54,55,64,65,64,65,64,65,64,65,64,65,64,65,64,65,20,21,50,51,50,51,50,51,66,67,64,65,66,67,64,65,64,65,50,51,50,51,50,51,50,51,50,51,20,21,20,21,20,21,20,21,20,21,20,21,20,21,20,21,20,21,20,21,20,21,18,19,18,19,18,19,18,19,18,19,18,19,18,19,38,39,40,41,40,41,40,41,42,43,42,43,42,43,42,43,44,45,42,43,42,43,42,43,50,51,42,43,32,33,32,33,32,33,32,33,32,33,32,33,34,35,34,35,44,45,52,53,52,53,52,53,52,53,44,45,44,45,44,45,32,33,32,33
576,577,578,579,578,579,578,579,578,579,578,579,578,579,570,571,570,571,570,571,570,571,578,579,578,579,578,579,576,577,576,577,576,577,566,567,566,567,566,567,566,567,566,567,566,567,568,569,568,569,568,569,576,577,578,579,578,579,578,579,576,577,578,579,576,577,576,577,576,577,576,577,576,577,568,569,572,573,574,575,574,575,570,571,570,571,578,579,578,579,578,579,578,579,578,579,578,579,578,579,578,579,568,569,568,569,576,577,576,577,566,567,566,567,576,577,576,577,576,577,576,577,576,577,576,577,576,577,532,533,562,563,562,563,562,563,578,579,576,577,578,579,576,577,576,577,562,563,562,563,562,563,562,563,562,563,532,533,532,533,532,533,532,533,532,533,532,533,532,533,532,533,532,533,532,533,532,533,530,531,530,531,530,531,530,531,530,531,530,531,530,531,550,551,552,553,552,553,552,553,554,555,554,555,554,555,554,555,556,557,554,555,554,555,554,555,562,563,554,555,544,545,544,545,544,545,544,545,544,545,544,545,546,547,546,547,556,557,564,565,564,565,564,565,564,565,556,557,556,557,556,557,544,545,544,545
64,65,64,65,66,67,66,67,66,67,66,67,66,67,66,67,66,67,66,67,66,67,66,67,66,67,66,67,66,67,64,65,54,55,54,55,54,55,54,55,54,55,54,55,54,55,56,57,56,57,56,57,56,57,64,65,66,67,64,65,64,65,64,65,64,65,64,65,64,65,64,65,64,65,56,57,60,61,60,61,62,63,62,63,58,59,58,59,66,67,66,67,66,67,66,67,66,67,66,67,56,57,56,57,56,57,64,65,64,65,64,65,54,55,54,55,54,55,64,65,64,65,64,65,64,65,64,65,18,19,18,19,20,21,50,51,50,51,50,51,50,51,50,51,50,51,50,51,18,19,18,19,18,19,20,21,20,21,20,21,20,21,20,21,20,21,20,21,20,21,20,21,20,21,20,21,20,21,20,21,18,19,18,19,18,19,18,19,18,19,18,19,38,39,40,41,40,41,40,41,42,43,42,43,42,43,42,43,42,43,42,43,42,43,42,43,42,43,42,43,30,31,30,31,30,31,32,33,32,33,32,33,34,35,34,35,44,45,46,47,46,47,46,47,46,47,46,47,44,45,44,45,32,33,32,33
576,577,576,577,578,579,578,579,578,579,578,579,578,579,578,579,578,579,578,579,578,579,578,579,578,579,578,579,578,579,576,577,566,567,566,567,566,567,566,567,566,567,566,567,566,567,568,569,568,569,568,569,568,569,576,577,578,579,576,577,576,577,576,577,576,577,576,577,576,577,576,577,576,577,568,569,572,573,572,573,574,575,574,575,570,571,570,571,578,579,578,579,578,579,578,579,578,579,578,579,568,569,568,569,568,569,576,577,576,577,576,577,566,567,566,567,566,567,576,577,576,577,576,577,576,577,576,577,530,531,530,531,532,533,562,563,562,563,562,563,562,563,562,563,562,563,562,563,530,531,530,531,530,531,532,533,532,533,532,533,532,533,532,533,532,533,532,533,532,533,532,533,532,533,532,533,532,533,532,533,530,531,530,531,530,531,530,531,530,531,530,531,550,551,552,553,552,553,552,553,554,555,554,555,554,555,554,555,554,555,554,555,554,555,554,555,554,555,554,555,542,543,542,543,542,543,544,545,544,545,544,545,546,547,546,547,556,557,558,559,558,559,558,559,558,559,558,559,556,557,556,557,544,545,544,545
64,65,64,65,66,67,66,67,66,67,66,67,66,67,66,67,66,67,66,67,66,67,66,67,66,67,66,67,64,65,56,57,56,57,56,57,54,55,54,55,54,55,56,57,56,57,56,57,56,57,56,57,56,57,64,65,64,65,64,65,64,65,64,65,64,65,64,65,64,65,64,65,64,65,56,57,60,61,60,61,62,63,62,63,62,63,58,59,58,59,66,67,66,67,66,67,66,67,58,59,56,57,56,57,56,57,54,55,64,65,64,65,64,65,64,65,54,55,54,55,64,65,64,65,64,65,18,19,18,19,18,19,18,19,18,19,18,19,18,19,18,19,18,19,18,19,18,19,18,19,18,19,18,19,20,21,20,21,20,21,20,21,20,21,20,21,20,21,20,21,20,21,20,21,20,21,20,21,20,21,18,19,18,19,18,19,18,19,18,19,18,19,40,41,40,41,48,49,50,51,50,51,42,43,42,43,42,43,42,43,42,43,42,43,40,41,40,41,40,41,30,31,30,31,30,31,30,31,32,33,32,33,34,35,34,35,46,47,46,47,46,47,46,47,46,47,46,47,44,45,44,45,44,45,32,33
576,577,576,577,578,579,578,579,578,579,578,579,578,579,578,579,578,579,578,579,578,579,578,579,578,579,578,579,576,577,568,569,568,569,568,569,566,567,566,567,566,567,568,569,568,569,568,569,568,569,568,569,568,569,576,577,576,577,576,577,576,577,576,577,576,577,576,577,576,577,576,577,576,577,568,569,572,573,572,573,574,575,574,575,574,575,570,571,570,571,578,579,578,579,578,579,578,579,570,571,568,569,568,569,568,569,566,567,576,577,576,577,576,577,576,577,566,567,566,567,576,577,576,577,576,577,530,531,530,531,530,531,530,531,530,531,530,531,530,531,530,531,530,531,530,531,530,531,530,531,530,531,530,531,532,533,532,533,532,533,532,533,532,533,532,533,532,533,532,533,532,533,532,533,532,533,532,533,532,533,530,531,530,531,530,531,530,531,530,531,530,531,552,553,552,553,560,561,562,563,562,563,554,555,554,555,554,555,554,555,554,555,554,555,552,553,552,553,552,553,542,543,542,543,542,543,542,543,544,545,544,545,546,547,546,547,558,559,558,559,558,559,558,559,558,559,558,559,556,557,556,557,556,557,544,545
64,65,64,65,66,67,56,57,66,67,66,67,66,67,66,67,66,67,66,67,66,67,66,67,66,67,66,67,66,67,56,57,56,57,56,57,56,57,56,57,56,57,56,57,56,57,56,57,56,57,56,57,56,57,56,57,64,65,64,65,64,65,64,65,64,65,64,65,64,65,64,65,54,55,54,55,60,61,60,61,62,63,62,63,62,63,62,63,58,59,58,59,58,59,58,59,58,59,58,59,58,59,56,57,56,57,56,57,64,65,54,55,54,55,64,65,64,65,56,57,56,57,66,67,64,65,66,67,20,21,20,21,18,19,18,19,18,19,18,19,18,19,18,19,18,19,18,19,18,19,18,19,18,19,20,21,20,21,20,21,20,21,20,21,20,21,20,21,20,21,20,21,20,21,20,21,20,21,20,21,20,21,50,51,48,49,48,49,40,41,40,41,40,41,40,41,40,41,50,51,50,51,50,51,50,51,50,51,42,43,40,41,40,41,40,41,40,41,40,41,40,41,30,31,30,31,30,31,32,33,32,33,34,35,44,45,44,45,36,37,36,37,46,47,46,47,46,47,46,47,44,45,44,45,32,33
576,577,576,577,578,579,568,569,578,579,578,579,578,579,578,579,578,579,578,579,578,579,578,579,578,579,578,579,578,579,568,569,568,569,568,569,568,569,568,569,568,569,568,569,568,569,568,569,568,569,568,569,568,569,568,569,576,577,576,577,576,577,576,577,576,577,576,577,576,577,576,577,566,567,566,567,572,573,572,573,574,575,574,575,574,575,574,575,570,571,570,571,570,571,570,571,570,571,570,571,570,571,568,569,568,569,568,569,576,577,566,567,566,567,576,577,576,577,568,569,568,569,578,579,576,577,578,579,532,533,532,533,530,531,530,531,530,531,530,531,530,531,530,531,530,531,530,531,530,531,530,531,530,531,532,533,532,533,532,533,532,533,532,533,532,533,532,533,532,533,532,533,532,533,532,533,532,533,532,533,532,533,562,563,560,561,560,561,552,553,552,553,552,553,552,553,552,553,562,563,562,563,562,563,562,563,562,563,554,555,552,553,552,553,552,553,552,553,552,553,552,553,542,543,542,543,542,543,544,545,544,545,546,547,556,557,556,557,548,549,548,549,558,559,558,559,558,559,558,559,556,557,556,557,544,545
54,55,64,65,64,65,66,67,58,59,58,59,58,59,66,67,66,67,66,67,66,67,66,67,66,67,66,67,66,67,56,57,56,57,56,57,56,57,56,57,56,57,56,57,56,57,56,57,56,57,56,57,56,57,56,57,56,57,64,65,64,65,64,65,64,65,64,65,64,65,54,55,54,55,60,61,60,61,60,61,62,63,62,63,62,63,62,63,62,63,62,63,62,63,58,59,58,59,58,59,58,59,56,57,56,57,56,57,56,57,64,65,56,57,64,65,56,57,56,57,56,57,64,65,66,67,66,67,18,19,18,19,18,19,18,19,18,19,18,19,18,19,18,19,18,19,18,19,18,19,18,19,18,19,20,21,20,21,20,21,20,21,20,21,20,21,20,21,52,53,52,53,52,53,52,53,52,53,50,51,50,51,50,51,50,51,48,49,40,41,42,43,42,43,42,43,42,43,50,51,60,61,62,63,62,63,50,51,50,51,48,49,50,51,48,49,40,41,48,49,48,49,38,39,30,31,30,31,30,31,32,33,44,45,34,35,34,35,36,37,36,37,36,37,36,37,46,47,46,47,44,45,44,45,42,43
566,567,576,577,576,577,578,579,570,571,570,571,570,571,578,579,578,579,578,579,578,579,578,579,578,579,578,579,578,579,568,569,568,569,568,569,568,569,568,569,568,569,568,569,568,569,568,569,568,569,568,569,568,569,568,569,568,569,576,577,576,577,576,577,576,577,576,577,576,577,566,567,566,567,572,573,572,573,572,573,574,575,574,575,574,575,574,575,574,575,574,575,574,575,570,571,570,571,570,571,570,571,568,569,568,569,568,569,568,569,576,577,568,569,576,577,568,569,568,569,568,569,576,577,578,579,578,579,530,531,530,531,530,531,530,531,530,531,530,531,530,531,530,531,530,531,530,531,530,531,530,531,530,531,532,533,532,533,532,533,532,533,532,533,532,533,532,533,564,565,564,565,564,565,564,565,564,565,562,563,562,563,562,563,562,563,560,561,552,553,554,555,554,555,554,555,554,555,562,563,572,573,574,575,574,575,562,563,562,563,560,561,562,563,560,561,552,553,560,561,560,561,550,551,542,543,542,543,542,543,544,545,556,557,546,547,546,547,548,549,548,549,548,549,548,549,558,559,558,559,556,557,556,557,554,555
54,55,64,65,64,65,66,67,58,59,62,63,58,59,58,59,58,59,58,59,66,67,66,67,66,67,66,67,56,57,56,57,56,57,56,57,56,57,56,57,56,57,56,57,58,59,58,59,56,57,56,57,62,63,62,63,56,57,56,57,64,65,64,65,64,65,64,65,54,55,54,55,60,61,60,61,60,61,60,61,62,63,62,63,62,63,62,63,62,63,62,63,62,63,58,59,58,59,56,57,56,57,56,57,56,57,56,57,56,57,56,57,56,57,56,57,56,57,56,57,56,57,66,67,66,67,66,67,16,17,14,15,14,15,14,15,14,15,14,15,14,15,14,15,14,15,14,15,14,15,14,15,14,15,14,15,16,17,16,17,20,21,20,21,20,21,52,53,52,53,52,53,52,53,52,53,52,53,50,51,50,51,50,51,50,51,50,51,42,43,42,43,42,43,42,43,42,43,50,51,62,63,62,63,60,61,68,69,68,69,60,61,60,61,48,49,48,49,48,49,48,49,38,39,38,39,40,41,40,41,42,43,32,33,34,35,36,37,36,37,36,37,36,37,36,37,36,37,46,47,44,45,52,53,42,43
566,567,576,577,576,577,578,579,570,571,574,575,570,571,570,571,570,571,570,571,578,579,578,579,578,579,578,579,568,569,568,569,568,569,568,569,568,569,568,569,568,569,568,569,570,571,570,571,568,569,568,569,574,575,574,575,568,569,568,569,576,577,576,577,576,577,576,577,566,567,566,567,572,573,572,573,572,573,572,573,574,575,574,575,574,575,574,575,574,575,574,575,574,575,570,571,570,571,568,569,568,569,568,569,568,569,568,569,568,569,568,569,568,569,568,569,568,569,568,569,568,569,578,579,578,579,578,579,528,529,526,527,526,527,526,527,526,527,526,527,526,527,526,527,526,527,526,527,526,527,526,527,526,527,526,527,528,529,528,529,532,533,532,533,532,533,564,565,564,565,564,565,564,565,564,565,564,565,562,563,562,563,562,563,562,563,562,563,554,555,554,555,554,555,554,555,554,555,562,563,574,575,574,575,572,573,580,581,580,581,572,573,572,573,560,561,560,561,560,561,560,561,550,551,550,551,552,553,552,553,554,555,544,545,546,547,548,549,548,549,548,549,548,549,548,549,548,549,558,559,556,557,564,565,554,555
54,55,64,65,64,65,66,67,56,57,62,63,62,63,70,71,70,71,58,59,66,67,66,67,66,67,66,67,56,57,60,61,56,57,56,57,56,57,56,57,56,57,58,59,58,59,58,59,58,59,58,59,56,57,62,63,60,61,56,57,54,55,54,55,54,55,54,55,54,55,60,61,60,61,60,61,60,61,60,61,60,61,62,63,62,63,62,63,62,63,62,63,62,63,58,59,58,59,56,57,56,57,56,57,56,57,56,57,56,57,56,57,56,57,56,57,56,57,58,59,58,59,66,67,66,67,66,67,56,57,50,51,50,51,18,19,18,19,18,19,18,19,18,19,18,19,18,19,48,49,48,49,48,49,50,51,50,51,20,21,20,21,20,21,20,21,52,53,52,53,52,53,52,53,52,53,50,51,50,51,50,51,50,51,50,51,50,51,42,43,42,43,42,43,42,43,44,45,50,51,62,63,62,63,62,63,68,69,68,69,60,61,60,61,60,61,60,61,60,61,48,49,38,39,38,39,40,41,40,41,32,33,32,33,34,35,34,35,34,35,36,37,36,37,36,37,36,37,34,35,50,51,52,53,42,43
566,567,576,577,576,577,578,579,568,569,574,575,574,575,582,583,582,583,570,571,578,579,578,579,578,579,578,579,568,569,572,573,568,569,568,569,568,569,568,569,568,569,570,571,570,571,570,571,570,571,570,571,568,569,574,575,572,573,568,569,566,567,566,567,566,567,566,567,566,567,572,573,572,573,572,573,572,573,572,573,572,573,574,575,574,575,574,575,574,575,574,575,574,575,570,571,570,571,568,569,568,569,568,569,568,569,568,569,568,569,568,569,568,569,568,569,568,569,570,571,570,571,578,579,578,579,578,579,568,569,562,563,562,563,530,531,530,531,530,531,530,531,530,531,530,531,530,531,560,561,560,561,560,561,562,563,562,563,532,533,532,533,532,533,532,533,564,565,564,565,564,565,564,565,564,565,562,563,562,563,562,563,562,563,562,563,562,563,554,555,554,555,554,555,554,555,556,557,562,563,574,575,574,575,574,575,580,581,580,581,572,573,572,573,572,573,572,573,572,573,560,561,550,551,550,551,552,553,552,553,544,545,544,545,546,547,546,547,546,547,548,549,548,549,548,549,548,549,546,547,562,563,564,565,554,555
54,55,64,65,64,65,64,65,56,57,62,63,62,63,70,71,70,71,58,59,66,67,66,67,66,67,66,67,56,57,56,57,56,57,56,57,56,57,58,59,58,59,58,59,58,59,58,59,58,59,58,59,58,59,62,63,62,63,60,61,60,61,60,61,60,61,60,61,60,61,60,61,60,61,60,61,60,61,60,61,60,61,60,61,62,63,62,63,62,63,62,63,62,63,58,59,58,59,56,57,56,57,56,57,56,57,56,57,56,57,56,57,56,57,58,59,58,59,58,59,58,59,66,67,66,67,66,67,58,59,56,57,50,51,50,51,48,49,48,49,48,49,48,49,48,49,48,49,48,49,54,55,54,55,56,57,50,51,20,21,20,21,20,21,20,21,52,53,52,53,52,53,52,53,50,51,50,51,50,51,50,51,50,51,50,51,50,51,42,43,44,45,44,45,44,45,44,45,52,53,62,63,62,63,62,63,68,69,68,69,60,61,60,61,60,61,60,61,60,61,48,49,38,39,38,39,40,41,40,41,30,31,32,33,32,33,34,35,34,35,34,35,34,35,36,37,36,37,34,35,50,51,50,51,42,43
566,567,576,577,576,577,576,577,568,569,574,575,574,575,582,583,582,583,570,571,578,579,578,579,578,579,578,579,568,569,568,569,568,569,568,569,568,569,570,571,570,571,570,571,570,571,570,571,570,571,570,571,570,571,574,575,574,575,572,573,572,573,572,573,572,573,572,573,572,573,572,573,572,573,572,573,572,573,572,573,572,573,572,573,574,575,574,575,574,575,574,575,574,575,570,571,570,571,568,569,568,569,568,569,568,569,568,569,568,569,568,569,568,569,570,571,570,571,570,571,570,571,578,579,578,579,578,579,570,571,568,569,562,563,562,563,560,561,560,561,560,561,560,561,560,561,560,561,560,561,566,567,566,567,568,569,562,563,532,533,532,533,532,533,532,533,564,565,564,565,564,565,564,565,562,563,562,563,562,563,562,563,562,563,562,563,562,563,554,555,556,557,556,557,556,557,556,557,564,565,574,575,574,575,574,575,580,581,580,581,572,573,572,573,572,573,572,573,572,573,560,561,550,551,550,551,552,553,552,553,542,543,544,545,544,545,546,547,546,547,546,547,546,547,548,549,548,549,546,547,562,563,562,563,554,555
54,55,64,65,64,65,66,67,56,57,70,71,70,71,70,71,70,71,56,57,56,57,64,65,66,67,64,65,64,65,56,57,56,57,56,57,56,57,58,59,58,59,58,59,58,59,58,59,58,59,58,59,58,59,56,57,62,63,60,61,60,61,60,61,60,61,60,61,60,61,60,61,60,61,60,61,60,61,60,61,60,61,60,61,62,63,62,63,62,63,62,63,62,63,62,63,56,57,56,57,56,57,56,57,56,57,56,57,56,57,56,57,56,57,56,57,58,59,58,59,58,59,66,67,66,67,66,67,58,59,56,57,56,57,56,57,54,55,54,55,54,55,54,55,54,55,54,55,54,55,54,55,54,55,54,55,50,51,20,21,20,21,20,21,20,21,52,53,52,53,50,51,72,73,74,75,72,73,74,75,50,51,50,51,50,51,50,51,44,45,44,45,44,45,44,45,46,47,52,53,70,71,70,71,70,71,70,71,70,71,68,69,68,69,68,69,68,69,68,69,48,49,48,49,38,39,38,39,40,41,30,31,32,33,32,33,34,35,34,35,34,35,34,35,34,35,34,35,34,35,50,51,50,51,42,43
566,567,576,577,576,577,578,579,568,569,582,583,582,583,582,583,582,583,568,569,568,569,576,577,578,579,576,577,576,577,568,569,568,569,568,569,568,569,570,571,570,571,570,571,570,571,570,571,570,571,570,571,570,571,568,569,574,575,572,573,572,573,572,573,572,573,572,573,572,573,572,573,572,573,572,573,572,573,572,573,572,573,572,573,574,575,574,575,574,575,574,575,574,575,574,575,568,569,568,569,568,569,568,569,568,569,568,569,568,569,568,569,568,569,568,569,570,571,570,571,570,571,578,579,578,579,578,579,570,571,568,569,568,569,568,569,566,567,566,567,566,567,566,567,566,567,566,567,566,567,566,567,566,567,566,567,562,563,532,533,532,533,532,533,532,533,564,565,564,565,562,563,584,585,586,587,584,585,586,587,562,563,562,563,562,563,562,563,556,557,556,557,556,557,556,557,558,559,564,565,582,583,582,583,582,583,582,583,582,583,580,581,580,581,580,581,580,581,580,581,560,561,560,561,550,551,550,551,552,553,542,543,544,545,544,545,546,547,546,547,546,547,546,547,546,547,546,547,546,547,562,563,562,563,554,555
54,55,64,65,64,65,64,65,56,57,62,63,62,63,70,71,70,71,60,61,56,57,64,65,64,65,64,65,64,65,56,57,56,57,56,57,66,67,58,59,58,59,58,59,58,59,58,59,58,59,58,59,58,59,58,59,62,63,60,61,60,61,60,61,60,61,60,61,60,61,60,61,60,61,60,61,60,61,60,61,60,61,60,61,60,61,62,63,62,63,62,63,62,63,62,63,56,57,56,57,56,57,56,57,56,57,56,57,56,57,56,57,56,57,58,59,58,59,58,59,58,59,66,67,66,67,66,67,58,59,58,59,56,57,56,57,56,57,64,65,64,65,64,65,64,65,64,65,64,65,64,65,64,65,64,65,50,51,18,19,20,21,20,21,20,21,72,73,74,75,72,73,74,75,72,73,74,75,72,73,74,75,72,73,74,75,50,51,44,45,44,45,44,45,46,47,44,45,52,53,62,63,62,63,62,63,70,71,70,71,60,61,60,61,60,61,60,61,60,61,60,61,48,49,38,39,40,41,40,41,30,31,32,33,32,33,32,33,32,33,34,35,34,35,32,33,34,35,32,33,50,51,50,51,42,43
566,567,576,577,576,577,576,577,568,569,574,575,574,575,582,583,582,583,572,573,568,569,576,577,576,577,576,577,576,577,568,569,568,569,568,569,578,579,570,571,570,571,570,571,570,571,570,571,570,571,570,571,570,571,570,571,574,575,572,573,572,573,572,573,572,573,572,573,572,573,572,573,572,573,572,573,572,573,572,573,572,573,572,573,572,573,574,575,574,575,574,575,574,575,574,575,568,569,568,569,568,569,568,569,568,569,568,569,568,569,568,569,568,569,570,571,570,571,570,571,570,571,578,579,578,579,578,579,570,571,570,571,568,569,568,569,568,569,576,577,576,577,576,577,576,577,576,577,576,577,576,577,576,577,576,577,562,563,530,531,532,533,532,533,532,533,584,585,586,587,584,585,586,587,584,585,586,587,584,585,586,587,584,585,586,587,562,563,556,557,556,557,556,557,558,559,556,557,564,565,574,575,574,575,574,575,582,583,582,583,572,573,572,573,572,573,572,573,572,573,572,573,560,561,550,551,552,553,552,553,542,543,544,545,544,545,544,545,544,545,546,547,546,547,544,545,546,547,544,545,562,563,562,563,554,555
56,57,64,65,64,65,64,65,56,57,62,63,60,61,68,69,68,69,60,61,56,57,64,65,64,65,64,65,64,65,56,57,66,67,66,67,66,67,66,67,66,67,58,59,58,59,58,59,58,59,58,59,58,59,56,57,62,63,62,63,60,61,60,61,60,61,60,61,60,61,60,61,60,61,60,61,60,61,60,61,60,61,60,61,60,61,60,61,62,63,62,63,60,61,60,61,56,57,56,57,56,57,56,57,56,57,56,57,56,57,56,57,56,57,58,59,58,59,58,59,58,59,58,59,66,67,66,67,66,67,56,57,56,57,56,57,56,57,64,65,64,65,64,65,64,65,64,65,64,65,64,65,64,65,64,65,50,51,50,51,20,21,20,21,72,73,74,75,72,73,74,75,72,73,74,75,72,73,74,75,72,73,74,75,72,73,74,75,44,45,44,45,46,47,46,47,46,47,52,53,62,63,62,63,62,63,70,71,70,71,60,61,60,61,60,61,60,61,60,61,60,61,48,49,38,39,40,41,40,41,40,41,32,33,32,33,34,35,34,35,32,33,32,33,32,33,32,33,50,51,50,51,50,51,42,43
568,569,576,577,576,577,576,577,568,569,574,575,572,573,580,581,580,581,572,573,568,569,576,577,576,577,576,577,576,577,568,569,578,579,578,579,578,579,578,579,578,579,570,571,570,571,570,571,570,571,570,571,570,571,568,569,574,575,574,575,572,573,572,573,572,573,572,573,572,573,572,573,572,573,572,573,572,573,572,573,572,573,572,573,572,573,572,573,574,575,574,575,572,573,572,573,568,569,568,569,568,569,568,569,568,569,568,569,568,569,568,569,568,569,570,571,570,571,570,571,570,571,570,571,578,579,578,579,578,579,568,569,568,569,568,569,568,569,576,577,576,577,576,577,576,577,576,577,576,577,576,577,576,577,576,577,562,563,562,563,532,533,532,533,584,585,586,587,584,585,586,587,584,585,586,587,584,585,586,587,584,585,586,587,584,585,586,587,556,557,556,557,558,559,558,559,558,559,564,565,574,575,574,575,574,575,582,583,582,583,572,573,572,573,572,573,572,573,572,573,572,573,560,561,550,551,552,553,552,553,552,553,544,545,544,545,546,547,546,547,544,545,544,545,544,545,544,545,562,563,562,563,562,563,554,555
64,65,64,65,66,67,56,57,56,57,60,61,60,61,68,69,68,69,60,61,54,55,64,65,64,65,64,65,64,65,56,57,56,57,66,67,66,67,66,67,66,67,58,59,58,59,58,59,58,59,58,59,58,59,58,59,62,63,62,63,60,61,60,61,60,61,60,61,60,61,60,61,60,61,60,61,60,61,60,61,60,61,62,63,62,63,60,61,60,61,60,61,60,61,60,61,54,55,54,55,54,55,54,55,54,55,56,57,56,57,56,57,58,59,58,59,58,59,62,63,58,59,58,59,66,67,66,67,66,67,58,59,56,57,56,57,56,57,64,65,64,65,64,65,64,65,64,65,64,65,64,65,64,65,64,65,56,57,50,51,18,19,72,73,74,75,72,73,74,75,72,73,74,75,72,73,74,75,72,73,74,75,32,33,32,33,34,35,34,35,36,37,34,35,46,47,52,53,52,53,62,63,62,63,62,63,70,71,70,71,60,61,60,61,60,61,60,61,60,61,60,61,48,49,40,41,40,41,40,41,42,43,42,43,32,33,32,33,32,33,32,33,32,33,32,33,50,51,50,51,50,51,50,51,42,43
576,577,576,577,578,579,568,569,568,569,572,573,572,573,580,581,580,581,572,573,566,567,576,577,576,577,576,577,576,577,568,569,568,569,578,579,578,579,578,579,578,579,570,571,570,571,570,571,570,571,570,571,570,571,570,571,574,575,574,575,572,573,572,573,572,573,572,573,572,573,572,573,572,573,572,573,572,573,572,573,572,573,574,575,574,575,572,573,572,573,572,573,572,573,572,573,566,567,566,567,566,567,566,567,566,567,568,569,568,569,568,569,570,571,570,571,570,571,574,575,570,571,570,571,578,579,578,579,578,579,570,571,568,569,568,569,568,569,576,577,576,577,576,577,576,577,576,577,576,577,576,577,576,577,576,577,568,569,562,563,530,531,584,585,586,587,584,585,586,587,584,585,586,587,584,585,586,587,584,585,586,587,544,545,544,545,546,547,546,547,548,549,546,547,558,559,564,565,564,565,574,575,574,575,574,575,582,583,582,583,572,573,572,573,572,573,572,573,572,573,572,573,560,561,552,553,552,553,552,553,554,555,554,555,544,545,544,545,544,545,544,545,544,545,544,545,562,563,562,563,562,563,562,563,554,555
66,67,64,65,66,67,56,57,60,61,62,63,60,61,68,69,68,69,60,61,54,55,54,55,64,65,64,65,64,65,64,65,56,57,64,65,66,67,66,67,66,67,66,67,58,59,58,59,58,59,58,59,58,59,58,59,56,57,56,57,56,57,56,57,56,57,54,55,54,55,56,57,56,57,60,61,60,61,60,61,60,61,62,63,62,63,62,63,60,61,60,61,60,61,60,61,60,61,54,55,54,55,54,55,54,55,54,55,56,57,56,57,56,57,58,59,58,59,58,59,58,59,58,59,66,67,66,67,66,67,58,59,56,57,56,57,56,57,64,65,64,65,64,65,64,65,64,65,64,65,64,65,64,65,64,65,56,57,50,51,20,21,18,19,72,73,74,75,72,73,74,75,72,73,74,75,72,73,74,75,30,31,32,33,32,33,32,33,34,35,34,35,36,37,36,37,52,53,52,53,62,63,62,63,62,63,70,71,70,71,62,63,60,61,60,61,60,61,60,61,60,61,48,49,40,41,40,41,42,43,42,43,42,43,50,51,50,51,32,33,32,33,50,51,50,51,50,51,48,49,48,49,40,41,40,41
578,579,576,577,578,579,568,569,572,573,574,575,572,573,580,581,580,581,572,573,566,567,566,567,576,577,576,577,576,577,576,577,568,569,576,577,578,579,578,579,578,579,578,579,570,571,570,571,570,571,570,571,570,571,570,571,568,569,568,569,568,569,568,569,568,569,566,567,566,567,568,569,568,569,572,573,572,573,572,573,572,573,574,575,574,575,574,575,572,573,572,573,572,573,572,573,572,573,566,567,566,567,566,567,566,567,566,567,568,569,568,569,568,569,570,571,570,571,570,571,570,571,570,571,578,579,578,579,578,579,570,571,568,569,568,569,568,569,576,577,576,577,576,577,576,577,576,577,576,577,576,577,576,577,576,577,568,569,562,563,532,533,530,531,584,585,586,587,584,585,586,587,584,585,586,587,584,585,586,587,542,543,544,545,544,545,544,545,546,547,546,547,548,549,548,549,564,565,564,565,574,575,574,575,574,575,582,583,582,583,574,575,572,573,572,573,572,573,572,573,572,573,560,561,552,553,552,553,554,555,554,555,554,555,562,563,562,563,544,545,544,545,562,563,562,563,562,563,560,561,560,561,552,553,552,553
66,67,66,67,66,67,56,57,62,63,60,61,60,61,68,69,68,69,60,61,60,61,54,55,64,65,64,65,64,65,64,65,56,57,64,65,66,67,66,67,66,67,66,67,58,59,58,59,58,59,58,59,58,59,66,67,66,67,66,67,64,65,64,65,64,65,64,65,64,65,64,65,56,57,56,57,56,57,56,57,62,63,62,63,62,63,60,61,60,61,60,61,60,61,60,61,54,55,54,55,54,55,54,55,54,55,54,55,56,57,64,65,66,67,66,67,66,67,66,67,66,67,66,67,66,67,66,67,66,67,66,67,56,57,56,57,56,57,64,65,64,65,64,65,64,65,64,65,64,65,64,65,64,65,64,65,56,57,50,51,20,21,18,19,74,75,72,73,74,75,72,73,74,75,72,73,74,75,30,31,30,31,30,31,32,33,32,33,34,35,34,35,34,35,36,37,36,37,52,53,52,53,52,53,52,53,70,71,70,71,60,61,60,61,60,61,60,61,60,61,60,61,50,51,40,41,42,43,42,43,42,43,42,43,50,51,50,51,50,51,50,51,50,51,48,49,48,49,48,49,48,49,38,39,40,41
578,579,578,579,578,579,568,569,574,575,572,573,572,573,580,581,580,581,572,573,572,573,566,567,576,577,576,577,576,577,576,577,568,569,576,577,578,579,578,579,578,579,578,579,570,571,570,571,570,571,570,571,570,571,578,579,578,579,578,579,576,577,576,577,576,577,576,577,576,577,576,577,568,569,568,569,568,569,568,569,574,575,574,575,574,575,572,573,572,573,572,573,572,573,572,573,566,567,566,567,566,567,566,567,566,567,566,567,568,569,576,577,578,579,578,579,578,579,578,579,578,579,578,579,578,579,578,579,578,579,578,579,568,569,568,569,568,569,576,577,576,577,576,577,576,577,576,577,576,577,576,577,576,577,576,577,568,569,562,563,532,533,530,531,586,587,584,585,586,587,584,585,586,587,584,585,586,587,542,543,542,543,542,543,544,545,544,545,546,547,546,547,546,547,548,549,548,549,564,565,564,565,564,565,564,565,582,583,582,583,572,573,572,573,572,573,572,573,572,573,572,573,562,563,552,553,554,555,554,555,554,555,554,555,562,563,562,563,562,563,562,563,562,563,560,561,560,561,560,561,560,561,550,551,552,553
66,67,66,67,56,57,56,57,62,63,60,61,60,61,68,69,68,69,60,61,60,61,54,55,64,65,64,65,64,65,64,65,56,57,56,57,66,67,58,59,58,59,58,59,58,59,58,59,66,67,66,67,66,67,66,67,66,67,66,67,64,65,64,65,64,65,64,65,64,65,64,65,64,65,66,67,66,67,56,57,56,57,56,57,56,57,56,57,56,57,54,55,54,55,54,55,54,55,64,65,64,65,64,65,64,65,64,65,64,65,66,67,66,67,66,67,66,67,66,67,66,67,66,67,66,67,66,67,66,67,66,67,66,67,56,57,56,57,64,65,64,65,64,65,64,65,64,65,64,65,64,65,64,65,64,65,56,57,50,51,20,21,18,19,18,19,18,19,72,73,74,75,72,73,74,75,72,73,30,31,28,29,30,31,30,31,32,33,34,35,34,35,36,37,36,37,36,37,46,47,46,47,46,47,52,53,52,53,50,51,62,63,60,61,60,61,60,61,60,61,60,61,50,51,42,43,42,43,42,43,42,43,42,43,50,51,50,51,50,51,50,51,50,51,48,49,48,49,48,49,38,39,38,39,40,41
578,579,578,579,568,569,568,569,574,575,572,573,572,573,580,581,580,581,572,573,572,573,566,567,576,577,576,577,576,577,576,577,568,569,568,569,578,579,570,571,570,571,570,571,570,571,570,571,578,579,578,579,578,579,578,579,578,579,578,579,576,577,576,577,576,577,576,577,576,577,576,577,576,577,578,579,578,579,568,569,568,569,568,569,568,569,568,569,568,569,566,567,566,567,566,567,566,567,576,577,576,577,576,577,576,577,576,577,576,577,578,579,578,579,578,579,578,579,578,579,578,579,578,579,578,579,578,579,578,579,578,579,578,579,568,569,568,569,576,577,576,577,576,577,576,577,576,577,576,577,576,577,576,577,576,577,568,569,562,563,532,533,530,531,530,531,530,531,584,585,586,587,584,585,586,587,584,585,542,543,540,541,542,543,542,543,544,545,546,547,546,547,548,549,548,549,548,549,558,559,558,559,558,559,564,565,564,565,562,563,574,575,572,573,572,573,572,573,572,573,572,573,562,563,554,555,554,555,554,555,554,555,554,555,562,563,562,563,562,563,562,563,562,563,560,561,560,561,560,561,550,551,550,551,552,553
66,67,66,67,58,59,62,63,62,63,62,63,60,61,68,69,68,69,60,61,60,61,54,55,54,55,64,65,64,65,64,65,64,65,56,57,56,57,56,57,66,67,66,67,66,67,66,67,66,67,66,67,66,67,66,67,66,67,66,67,66,67,64,65,64,65,66,67,66,67,66,67,66,67,66,67,66,67,66,67,66,67,66,67,66,67,64,65,64,65,64,65,64,65,64,65,64,65,64,65,64,65,64,65,64,65,64,65,64,65,64,65,66,67,66,67,66,67,66,67,66,67,66,67,66,67,66,67,66,67,66,67,66,67,66,67,56,57,64,65,64,65,64,65,64,65,64,65,64,65,64,65,64,65,64,65,56,57,50,51,20,21,20,21,18,19,18,19,48,49,18,19,18,19,18,19,18,19,28,29,28,29,30,31,30,31,32,33,34,35,34,35,36,37,36,37,36,37,46,47,46,47,46,47,44,45,44,45,50,51,50,51,50,51,50,51,60,61,50,51,50,51,50,51,42,43,42,43,44,45,44,45,42,43,50,51,42,43,42,43,40,41,40,41,40,41,38,39,38,39,38,39,38,39,38,39
578,579,578,579,570,571,574,575,574,575,574,575,572,573,580,581,580,581,572,573,572,573,566,567,566,567,576,577,576,577,576,577,576,577,568,569,568,569,568,569,578,579,578,579,578,579,578,579,578,579,578,579,578,579,578,579,578,579,578,579,578,579,576,577,576,577,578,579,578,579,578,579,578,579,578,579,578,579,578,579,578,579,578,579,578,579,576,577,576,577,576,577,576,577,576,577,576,577,576,577,576,577,576,577,576,577,576,577,576,577,576,577,578,579,578,579,578,579,578,579,578,579,578,579,578,579,578,579,578,579,578,579,578,579,578,579,568,569,576,577,576,577,576,577,576,577,576,577,576,577,576,577,576,577,576,577,568,569,562,563,532,533,532,533,530,531,530,531,560,561,530,531,530,531,530,531,530,531,540,541,540,541,542,543,542,543,544,545,546,547,546,547,548,549,548,549,548,549,558,559,558,559,558,559,556,557,556,557,562,563,562,563,562,563,562,563,572,573,562,563,562,563,562,563,554,555,554,555,556,557,556,557,554,555,562,563,554,555,554,555,552,553,552,553,552,553,550,551,550,551,550,551,550,551,550,551
66,67,58,59,58,59,62,63,62,63,62,63,56,57,56,57,54,55,54,55,54,55,54,55,54,55,64,65,64,65,64,65,64,65,64,65,66,67,66,67,66,67,66,67,66,67,66,67,66,67,66,67,66,67,56,57,56,57,66,67,64,65,66,67,56,57,56,57,56,57,58,59,66,67,66,67,66,67,66,67,66,67,66,67,66,67,66,67,64,65,64,65,64,65,64,65,64,65,64,65,64,65,64,65,64,65,64,65,64,65,56,57,56,57,56,57,58,59,58,59,58,59,58,59,58,59,66,67,66,67,66,67,66,67,66,67,56,57,56,57,60,61,70,71,70,71,62,63,62,63,62,63,62,63,62,63,62,63,52,53,20,21,20,21,18,19,18,19,18,19,18,19,18,19,18,19,18,19,28,29,28,29,30,31,30,31,32,33,32,33,34,35,34,35,34,35,36,37,44,45,44,45,44,45,44,45,44,45,44,45,42,43,42,43,50,51,50,51,50,51,42,43,44,45,42,43,44,45,44,45,44,45,44,45,44,45,42,43,42,43,40,41,40,41,40,41,38,39,38,39,38,39,38,39,38,39
578,579,570,571,570,571,574,575,574,575,574,575,568,569,568,569,566,567,566,567,566,567,566,567,566,567,576,577,576,577,576,577,576,577,576,577,578,579,578,579,578,579,578,579,578,579,578,579,578,579,578,579,578,579,568,569,568,569,578,579,576,577,578,579,568,569,568,569,568,569,570,571,578,579,578,579,578,579,578,579,578,579,578,579,578,579,578,579,576,577,576,577,576,577,576,577,576,577,576,577,576,577,576,577,576,577,576,577,576,577,568,569,568,569,568,569,570,571,570,571,570,571,570,571,570,571,578,579,578,579,578,579,578,579,578,579,568,569,568,569,572,573,582,583,582,583,574,575,574,575,574,575,574,575,574,575,574,575,564,565,532,533,532,533,530,531,530,531,530,531,530,531,530,531,530,531,530,531,540,541,540,541,542,543,542,543,544,545,544,545,546,547,546,547,546,547,548,549,556,557,556,557,556,557,556,557,556,557,556,557,554,555,554,555,562,563,562,563,562,563,554,555,556,557,554,555,556,557,556,557,556,557,556,557,556,557,554,555,554,555,552,553,552,553,552,553,550,551,550,551,550,551,550,551,550,551
58,59,58,59,62,63,62,63,62,63,62,63,56,57,56,57,54,55,54,55,54,55,54,55,54,55,64,65,64,65,64,65,64,65,64,65,64,65,66,67,66,67,66,67,66,67,66,67,56,57,56,57,56,57,56,57,64,65,64,65,64,65,56,57,56,57,62,63,62,63,58,59,58,59,58,59,58,59,66,67,66,67,66,67,66,67,66,67,64,65,64,65,64,65,64,65,64,65,64,65,64,65,54,55,54,55,54,55,54,55,56,57,68,69,62,63,62,63,62,63,62,63,62,63,58,59,56,57,56,57,66,67,64,65,64,65,64,65,56,57,62,63,70,71,70,71,62,63,62,63,62,63,62,63,62,63,62,63,50,51,20,21,20,21,18,19,18,19,18,19,18,19,18,19,18,19,18,19,28,29,28,29,28,29,30,31,32,33,32,33,34,35,34,35,34,35,34,35,44,45,44,45,44,45,44,45,44,45,42,43,42,43,42,43,42,43,42,43,42,43,44,45,44,45,44,45,44,45,44,45,44,45,44,45,44,45,42,43,42,43,42,43,40,41,38,39,38,39,38,39,38,39,38,39,38,39
570,571,570,571,574,575,574,575,574,575,574,575,568,569,568,569,566,567,566,567,566,567,566,567,566,567,576,577,576,577,576,577,576,577,576,577,576,577,578,579,578,579,578,579,578,579,578,579,568,569,568,569,568,569,568,569,576,577,576,577,576,577,568,569,568,569,574,575,574,575,570,571,570,571,570,571,570,571,578,579,578,579,578,579,578,579,578,579,576,577,576,577,576,577,576,577,576,577,576,577,576,577,566,567,566,567,566,567,566,567,568,569,580,581,574,575,574,575,574,575,574,575,574,575,570,571,568,569,568,569,578,579,576,577,576,577,576,577,568,569,574,575,582,583,582,583,574,575,574,575,574,575,574,575,574,575,574,575,562,563,532,533,532,533,530,531,530,531,530,531,530,531,530,531,530,531,530,531,540,541,540,541,540,541,542,543,544,545,544,545,546,547,546,547,546,547,546,547,556,557,556,557,556,557,556,557,556,557,554,555,554,555,554,555,554,555,554,555,554,555,556,557,556,557,556,557,556,557,556,557,556,557,556,557,556,557,554,555,554,555,554,555,552,553,550,551,550,551,550,551,550,551,550,551,550,551
58,59,62,63,62,63,62,63,62,63,62,63,56,57,56,57,56,57,54,55,54,55,54,55,54,55,64,65,64,65,64,65,64,65,64,65,64,65,66,67,56,57,56,57,56,57,56,57,56,57,56,57,56,57,56,57,64,65,64,65,64,65,56,57,60,61,62,63,62,63,62,63,62,63,62,63,58,59,58,59,58,59,58,59,56,57,56,57,56,57,56,57,54,55,54,55,64,65,64,65,64,65,54,55,60,61,60,61,60,61,68,69,68,69,62,63,62,63,62,63,62,63,62,63,62,63,62,63,56,57,64,65,64,65,64,65,64,65,56,57,56,57,70,71,70,71,62,63,62,63,62,63,62,63,62,63,62,63,52,53,20,21,20,21,18,19,18,19,18,19,18,19,18,19,18,19,18,19,28,29,28,29,30,31,30,31,30,31,32,33,32,33,34,35,34,35,34,35,44,45,44,45,42,43,42,43,42,43,42,43,42,43,42,43,42,43,42,43,42,43,44,45,44,45,44,45,46,47,46,47,44,45,44,45,44,45,44,45,42,43,42,43,40,41,38,39,38,39,48,49,48,49,38,39,38,39
570,571,574,575,574,575,574,575,574,575,574,575,568,569,568,569,568,569,566,567,566,567,566,567,566,567,576,577,576,577,576,577,576,577,576,577,576,577,578,579,568,569,568,569,568,569,568,569,568,569,568,569,568,569,568,569,576,577,576,577,576,577,568,569,572,573,574,575,574,575,574,575,574,575,574,575,570,571,570,571,570,571,570,571,568,569,568,569,568,569,568,569,566,567,566,567,576,577,576,577,576,577,566,567,572,573,572,573,572,573,580,581,580,581,574,575,574,575,574,575,574,575,574,575,574,575,574,575,568,569,576,577,576,577,576,577,576,577,568,569,568,569,582,583,582,583,574,575,574,575,574,575,574,575,574,575,574,575,564,565,532,533,532,533,530,531,530,531,530,531,530,531,530,531,530,531,530,531,540,541,540,541,542,543,542,543,542,543,544,545,544,545,546,547,546,547,546,547,556,557,556,557,554,555,554,555,554,555,554,555,554,555,554,555,554,555,554,555,554,555,556,557,556,557,556,557,558,559,558,559,556,557,556,557,556,557,556,557,554,555,554,555,552,553,550,551,550,551,560,561,560,561,550,551,550,551
62,63,62,63,62,63,62,63,62,63,62,63,62,63,56,57,56,57,54,55,54,55,54,55,54,55,64,65,64,65,64,65,56,57,56,57,56,57,56,57,56,57,56,57,56,57,56,57,56,57,56,57,56,57,56,57,64,65,64,65,64,65,56,57,60,61,62,63,62,63,62,63,62,63,62,63,58,59,62,63,58,59,58,59,58,59,56,57,56,57,56,57,54,55,54,55,64,65,64,65,64,65,54,55,60,61,60,61,60,61,68,69,68,69,62,63,62,63,62,63,62,63,62,63,62,63,62,63,56,57,56,57,64,65,64,65,64,65,64,65,56,57,70,71,70,71,62,63,62,63,62,63,62,63,62,63,62,63,52,53,52,53,20,21,18,19,18,19,18,19,48,49,48,49,48,49,48,49,48,49,28,29,30,31,30,31,30,31,32,33,32,33,32,33,32,33,50,51,44,45,42,43,42,43,42,43,42,43,42,43,42,43,42,43,42,43,42,43,44,45,44,45,44,45,46,47,46,47,46,47,46,47,46,47,52,53,50,51,50,51,50,51,50,51,48,49,48,49,48,49,48,49,38,39,38,39
574,575,574,575,574,575,574,575,574,575,574,575,574,575,568,569,568,569,566,567,566,567,566,567,566,567,576,577,576,577,576,577,568,569,568,569,568,569,568,569,568,569,568,569,568,569,568,569,568,569,568,569,568,569,568,569,576,577,576,577,576,577,568,569,572,573,574,575,574,575,574,575,574,575,574,575,570,571,574,575,570,571,570,571,570,571,568,569,568,569,568,569,566,567,566,567,576,577,576,577,576,577,566,567,572,573,572,573,572,573,580,581,580,581,574,575,574,575,574,575,574,575,574,575,574,575,574,575,568,569,568,569,576,577,576,577,576,577,576,577,568,569,582,583,582,583,574,575,574,575,574,575,574,575,574,575,574,575,564,565,564,565,532,533,530,531,530,531,530,531,560,561,560,561,560,561,560,561,560,561,540,541,542,543,542,543,542,543,544,545,544,545,544,545,544,545,562,563,556,557,554,555,554,555,554,555,554,555,554,555,554,555,554,555,554,555,554,555,556,557,556,557,556,557,558,559,558,559,558,559,558,559,558,559,564,565,562,563,562,563,562,563,562,563,560,561,560,561,560,561,560,561,550,551,550,551
62,63,62,63,62,63,62,63,62,63,62,63,56,57,56,57,56,57,54,55,54,55,54,55,54,55,64,65,64,65,64,65,56,57,64,65,64,65,66,67,64,65,56,57,56,57,56,57,56,57,56,57,54,55,54,55,64,65,64,65,64,65,56,57,56,57,56,57,62,63,58,59,58,59,58,59,58,59,58,59,58,59,58,59,58,59,56,57,56,57,56,57,54,55,54,55,64,65,64,65,64,65,54,55,60,61,60,61,60,61,68,69,68,69,60,61,60,61,62,63,62,63,60,61,60,61,60,61,60,61,56,57,64,65,64,65,64,65,64,65,56,57,70,71,70,71,62,63,62,63,62,63,62,63,62,63,62,63,62,63,52,53,50,51,50,51,50,51,48,49,48,49,54,55,54,55,54,55,48,49,48,49,30,31,30,31,30,31,32,33,32,33,32,33,42,43,50,51,50,51,50,51,50,51,40,41,40,41,40,41,40,41,42,43,42,43,42,43,42,43,44,45,44,45,46,47,46,47,46,47,46,47,52,53,52,53,66,67,66,67,68,69,68,69,68,69,68,69,68,69,48,49,38,39,38,39
574,575,574,575,574,575,574,575,574,575,574,575,568,569,568,569,568,569,566,567,566,567,566,567,566,567,576,577,576,577,576,577,568,569,576,577,576,577,578,579,576,577,568,569,568,569,568,569,568,569,568,569,566,567,566,567,576,577,576,577,576,577,568,569,568,569,568,569,574,575,570,571,570,571,570,571,570,571,570,571,570,571,570,571,570,571,568,569,568,569,568,569,566,567,566,567,576,577,576,577,576,577,566,567,572,573,572,573,572,573,580,581,580,581,572,573,572,573,574,575,574,575,572,573,572,573,572,573,572,573,568,569,576,577,576,577,576,577,576,577,568,569,582,583,582,583,574,575,574,575,574,575,574,575,574,575,574,575,574,575,564,565,562,563,562,563,562,563,560,561,560,561,566,567,566,567,566,567,560,561,560,561,542,543,542,543,542,543,544,545,544,545,544,545,554,555,562,563,562,563,562,563,562,563,552,553,552,553,552,553,552,553,554,555,554,555,554,555,554,555,556,557,556,557,558,559,558,559,558,559,558,559,564,565,564,565,578,579,578,579,580,581,580,581,580,581,580,581,580,581,560,561,550,551,550,551
62,63,62,63,62,63,62,63,62,63,62,63,62,63,56,57,56,57,54,55,54,55,54,55,54,55,64,65,64,65,64,65,56,57,56,57,66,67,66,67,56,57,56,57,56,57,56,57,54,55,54,55,54,55,54,55,64,65,64,65,64,65,56,57,56,57,56,57,62,63,58,59,58,59,58,59,58,59,58,59,58,59,58,59,58,59,58,59,56,57,56,57,56,57,54,55,64,65,64,65,64,65,54,55,60,61,60,61,60,61,68,69,70,71,60,61,60,61,62,63,60,61,60,61,60,61,60,61,60,61,54,55,64,65,64,65,64,65,64,65,56,57,70,71,70,71,62,63,62,63,62,63,62,63,62,63,62,63,62,63,64,65,64,65,64,65,64,65,64,65,64,65,64,65,64,65,64,65,64,65,48,49,48,49,40,41,42,43,42,43,42,43,42,43,42,43,50,51,50,51,50,51,50,51,50,51,48,49,40,41,40,41,40,41,42,43,42,43,44,45,44,45,44,45,46,47,46,47,46,47,52,53,52,53,66,67,66,67,66,67,64,65,68,69,68,69,68,69,68,69,48,49,40,41,38,39
574,575,574,575,574,575,574,575,574,575,574,575,574,575,568,569,568,569,566,567,566,567,566,567,566,567,576,577,576,577,576,577,568,569,568,569,578,579,578,579,568,569,568,569,568,569,568,569,566,567,566,567,566,567,566,567,576,577,576,577,576,577,568,569,568,569,568,569,574,575,570,571,570,571,570,571,570,571,570,571,570,571,570,571,570,571,570,571,568,569,568,569,568,569,566,567,576,577,576,577,576,577,566,567,572,573,572,573,572,573,580,581,582,583,572,573,572,573,574,575,572,573,572,573,572,573,572,573,572,573,566,567,576,577,576,577,576,577,576,577,568,569,582,583,582,583,574,575,574,575,574,575,574,575,574,575,574,575,574,575,576,577,576,577,576,577,576,577,576,577,576,577,576,577,576,577,576,577,576,577,560,561,560,561,552,553,554,555,554,555,554,555,554,555,554,555,562,563,562,563,562,563,562,563,562,563,560,561,552,553,552,553,552,553,554,555,554,555,556,557,556,557,556,557,558,559,558,559,558,559,564,565,564,565,578,579,578,579,578,579,576,577,580,581,580,581,580,581,580,581,560,561,552,553,550,551
62,63,62,63,62,63,62,63,62,63,62,63,62,63,56,57,56,57,56,57,56,57,54,55,64,65,64,65,64,65,56,57,56,57,56,57,56,57,56,57,56,57,56,57,56,57,56,57,54,55,54,55,54,55,64,65,64,65,64,65,54,55,54,55,56,57,56,57,58,59,58,59,58,59,58,59,58,59,58,59,58,59,58,59,58,59,58,59,56,57,56,57,56,57,56,57,64,65,64,65,64,65,54,55,60,61,60,61,60,61,70,71,68,69,62,63,62,63,60,61,60,61,60,61,60,61,60,61,60,61,54,55,64,65,64,65,64,65,64,65,56,57,70,71,70,71,62,63,62,63,62,63,62,63,62,63,62,63,62,63,64,65,64,65,64,65,64,65,64,65,64,65,64,65,64,65,64,65,64,65,56,57,50,51,42,43,42,43,42,43,42,43,42,43,42,43,50,51,50,51,48,49,48,49,48,49,48,49,48,49,48,49,48,49,42,43,42,43,44,45,52,53,46,47,46,47,46,47,46,47,52,53,64,65,64,65,64,65,64,65,64,65,64,65,64,65,64,65,64,65,48,49,40,41,40,41
574,575,574,575,574,575,574,575,574,575,574,575,574,575,568,569,568,569,568,569,568,569,566,567,576,577,576,577,576,577,568,569,568,569,568,569,568,569,568,569,568,569,568,569,568,569,568,569,566,567,566,567,566,567,576,577,576,577,576,577,566,567,566,567,568,569,568,569,570,571,570,571,570,571,570,571,570,571,570,571,570,571,570,571,570,571,570,571,568,569,568,569,568,569,568,569,576,577,576,577,576,577,566,567,572,573,572,573,572,573,582,583,580,581,574,575,574,575,572,573,572,573,572,573,572,573,572,573,572,573,566,567,576,577,576,577,576,577,576,577,568,569,582,583,582,583,574,575,574,575,574,575,574,575,574,575,574,575,574,575,576,577,576,577,576,577,576,577,576,577,576,577,576,577,576,577,576,577,576,577,568,569,562,563,554,555,554,555,554,555,554,555,554,555,554,555,562,563,562,563,560,561,560,561,560,561,560,561,560,561,560,561,560,561,554,555,554,555,556,557,564,565,558,559,558,559,558,559,558,559,564,565,576,577,576,577,576,577,576,577,576,577,576,577,576,577,576,577,576,577,560,561,552,553,552,553
62,63,62,63,62,63,62,63,62,63,62,63,62,63,60,61,56,57,56,57,56,57,56,57,64,65,64,65,66,67,56,57,56,57,56,57,56,57,56,57,56,57,56,57,56,57,54,55,54,55,54,55,54,55,64,65,64,65,64,65,54,55,54,55,56,57,56,57,58,59,58,59,58,59,58,59,58,59,58,59,58,59,58,59,58,59,58,59,56,57,56,57,56,57,56,57,64,65,64,65,64,65,56,57,62,63,62,63,62,63,70,71,70,71,62,63,62,63,60,61,60,61,60,61,60,61,60,61,60,61,54,55,64,65,64,65,64,65,64,65,56,57,70,71,70,71,62,63,62,63,62,63,62,63,62,63,62,63,62,63,64,65,64,65,64,65,64,65,64,65,64,65,64,65,64,65,64,65,64,65,56,57,50,51,42,43,42,43,42,43,42,43,42,43,42,43,50,51,48,49,48,49,48,49,48,49,48,49,48,49,48,49,48,49,50,51,50,51,50,51,52,53,46,47,46,47,46,47,46,47,52,53,64,65,64,65,64,65,64,65,64,65,64,65,64,65,64,65,64,65,50,51,40,41,40,41
574,575,574,575,574,575,574,575,574,575,574,575,574,575,572,573,568,569,568,569,568,569,568,569,576,577,576,577,578,579,568,569,568,569,568,569,568,569,568,569,568,569,568,569,568,569,566,567,566,567,566,567,566,567,576,577,576,577,576,577,566,567,566,567,568,569,568,569,570,571,570,571,570,571,570,571,570,571,570,571,570,571,570,571,570,571,570,571,568,569,568,569,568,569,568,569,576,577,576,577,576,577,568,569,574,575,574,575,574,575,582,583,582,583,574,575,574,575,572,573,572,573,572,573,572,573,572,573,572,573,566,567,576,577,576,577,576,577,576,577,568,569,582,583,582,583,574,575,574,575,574,575,574,575,574,575,574,575,574,575,576,577,576,577,576,577,576,577,576,577,576,577,576,577,576,577,576,577,576,577,568,569,562,563,554,555,554,555,554,555,554,555,554,555,554,555,562,563,560,561,560,561,560,561,560,561,560,561,560,561,560,561,560,561,562,563,562,563,562,563,564,565,558,559,558,559,558,559,558,559,564,565,576,577,576,577,576,577,576,577,576,577,576,577,576,577,576,577,576,577,562,563,552,553,552,553
62,63,62,63,62,63,62,63,62,63,62,63,62,63,60,61,56,57,56,57,56,57,56,57,66,67,66,67,66,67,56,57,58,59,56,57,56,57,56,57,56,57,56,57,56,57,54,55,54,55,54,55,54,55,64,65,64,65,64,65,54,55,54,55,56,57,56,57,56,57,58,59,58,59,58,59,58,59,58,59,58,59,58,59,58,59,56,57,56,57,56,57,56,57,64,65,64,65,64,65,56,57,56,57,70,71,70,71,70,71,70,71,70,71,70,71,70,71,68,69,68,69,68,69,68,69,68,69,54,55,54,55,64,65,64,65,64,65,64,65,56,57,68,69,70,71,70,71,70,71,70,71,70,71,70,71,70,71,70,71,64,65,64,65,64,65,64,65,64,65,64,65,64,65,64,65,64,65,64,65,56,57,50,51,42,43,42,43,42,43,42,43,42,43,42,43,50,51,48,49,48,49,48,49,48,49,48,49,48,49,48,49,48,49,50,51,50,51,50,51,52,53,44,45,46,47,46,47,46,47,52,53,64,65,64,65,64,65,64,65,64,65,64,65,64,65,64,65,64,65,50,51,42,43,42,43
574,575,574,575,574,575,574,575,574,575,574,575,574,575,572,573,568,569,568,569,568,569,568,569,578,579,578,579,578,579,568,569,570,571,568,569,568,569,568,569,568,569,568,569,568,569,566,567,566,567,566,567,566,567,576,577,576,577,576,577,566,567,566,567,568,569,568,569,568,569,570,571,570,571,570,571,570,571,570,571,570,571,570,571,570,571,568,569,568,569,568,569,568,569,576,577,576,577,576,577,568,569,568,569,582,583,582,583,582,583,582,583,582,583,582,583,582,583,580,581,580,581,580,581,580,581,580,581,566,567,566,567,576,577,576,577,576,577,576,577,568,569,580,581,582,583,582,583,582,583,582,583,582,583,582,583,582,583,582,583,576,577,576,577,576,577,576,577,576,577,576,577,576,577,576,577,576,577,576,577,568,569,562,563,554,555,554,555,554,555,554,555,554,555,554,555,562,563,560,561,560,561,560,561,560,561,560,561,560,561,560,561,560,561,562,563,562,563,562,563,564,565,556,557,558,559,558,559,558,559,564,565,576,577,576,577,576,577,576,577,576,577,576,577,576,577,576,577,576,577,562,563,554,555,554,555
62,63,62,63,62,63,62,63,62,63,62,63,62,63,62,63,56,57,56,57,56,57,66,67,66,67,66,67,58,59,58,59,58,59,58,59,58,59,56,57,56,57,56,57,56,57,54,55,54,55,54,55,54,55,54,55,64,65,64,65,64,65,64,65,64,65,64,65,66,67,56,57,58,59,58,59,58,59,58,59,58,59,58,59,56,57,56,57,56,57,56,57,56,57,66,67,64,65,66,67,56,57,62,63,62,63,62,63,62,63,70,71,70,71,62,63,62,63,60,61,60,61,60,61,60,61,54,55,54,55,64,65,64,65,64,65,64,65,54,55,56,57,68,69,70,71,62,63,62,63,62,63,62,63,62,63,62,63,62,63,64,65,64,65,64,65,64,65,64,65,64,65,64,65,64,65,64,65,64,65,56,57,50,51,44,45,44,45,44,45,42,43,42,43,42,43,50,51,48,49,48,49,48,49,48,49,48,49,48,49,48,49,48,49,48,49,50,51,50,51,50,51,44,45,44,45,46,47,46,47,52,53,64,65,64,65,64,65,64,65,64,65,64,65,64,65,64,65,64,65,50,51,42,43,42,43
574,575,574,575,574,575,574,575,574,575,574,575,574,575,574,575,568,569,568,569,568,569,578,579,578,579,578,579,570,571,570,571,570,571,570,571,570,571,568,569,568,569,568,569,568,569,566,567,566,567,566,567,566,567,566,567,576,577,576,577,576,577,576,577,576,577,576,577,578,579,568,569,570,571,570,571,570,571,570,571,570,571,570,571,568,569,568,569,568,569,568,569,568,569,578,579,576,577,578,579,568,569,574,575,574,575,574,575,574,575,582,583,582,583,574,575,574,575,572,573,572,573,572,573,572,573,566,567,566,567,576,577,576,577,576,577,576,577,566,567,568,569,580,581,582,583,574,575,574,575,574,575,574,575,574,575,574,575,574,575,576,577,576,577,576,577,576,577,576,577,576,577,576,577,576,577,576,577,576,577,568,569,562,563,556,557,556,557,556,557,554,555,554,555,554,555,562,563,560,561,560,561,560,561,560,561,560,561,560,561,560,561,560,561,560,561,562,563,562,563,562,563,556,557,556,557,558,559,558,559,564,565,576,577,576,577,576,577,576,577,576,577,576,577,576,577,576,577,576,577,562,563,554,555,554,555
62,63,62,63,62,63,62,63,62,63,62,63,62,63,62,63,56,57,56,57,56,57,66,67,66,67,66,67,58,59,58,59,58,59,58,59,58,59,58,59,56,57,56,57,56,57,54,55,54,55,54,55,54,55,54,55,64,65,64,65,64,65,64,65,64,65,64,65,66,67,66,67,56,57,56,57,58,59,58,59,56,57,66,67,56,57,56,57,66,67,56,57,56,57,64,65,66,67,66,67,56,57,62,63,62,63,62,63,62,63,70,71,70,71,62,63,62,63,60,61,60,61,60,61,54,55,54,55,64,65,64,65,64,65,64,65,64,65,54,55,60,61,70,71,70,71,62,63,62,63,62,63,62,63,62,63,62,63,62,63,64,65,64,65,64,65,64,65,64,65,64,65,64,65,64,65,64,65,64,65,56,57,52,53,44,45,44,45,44,45,42,43,42,43,42,43,50,51,48,49,48,49,48,49,48,49,48,49,48,49,48,49,48,49,48,49,50,51,50,51,50,51,44,45,44,45,44,45,44,45,52,53,64,65,64,65,64,65,64,65,64,65,64,65,64,65,64,65,64,65,50,51,42,43,42,43
574,575,574,575,574,575,574,575,574,575,574,575,574,575,574,575,568,569,568,569,568,569,578,579,578,579,578,579,570,571,570,571,570,571,570,571,570,571,570,571,568,569,568,569,568,569,566,567,566,567,566,567,566,567,566,567,576,577,576,577,576,577,576,577,576,577,576,577,578,579,578,579,568,569,568,569,570,571,570,571,568,569,578,579,568,569,568,569,578,579,568,569,568,569,576,577,578,579,578,579,568,569,574,575,574,575,574,575,574,575,582,583,582,583,574,575,574,575,572,573,572,573,572,573,566,567,566,567,576,577,576,577,576,577,576,577,576,577,566,567,572,573,582,583,582,583,574,575,574,575,574,575,574,575,574,575,574,575,574,575,576,577,576,577,576,577,576,577,576,577,576,577,576,577,576,577,576,577,576,577,568,569,564,565,556,557,556,557,556,557,554,555,554,555,554,555,562,563,560,561,560,561,560,561,560,561,560,561,560,561,560,561,560,561,560,561,562,563,562,563,562,563,556,557,556,557,556,557,556,557,564,565,576,577,576,577,576,577,576,577,576,577,576,577,576,577,576,577,576,577,562,563,554,555,554,555
62,63,62,63,62,63,62,63,60,61,60,61,60,61,60,61,56,57,56,57,56,57,66,67,66,67,66,67,58,59,58,59,58,59,58,59,58,59,58,59,56,57,56,57,56,57,56,57,54,55,60,61,54,55,64,65,64,65,64,65,64,65,64,65,64,65,64,65,64,65,66,67,66,67,56,57,58,59,56,57,56,57,56,57,56,57,66,67,64,65,64,65,56,57,66,67,66,67,66,67,58,59,62,63,58,59,58,59,58,59,58,59,58,59,58,59,56,57,56,57,60,61,56,57,54,55,64,65,64,65,64,65,64,65,64,65,64,65,54,55,56,57,50,51,50,51,50,51,62,63,62,63,62,63,62,63,62,63,62,63,64,65,64,65,64,65,64,65,64,65,64,65,64,65,64,65,64,65,64,65,58,59,52,53,44,45,46,47,44,45,44,45,42,43,42,43,50,51,48,49,74,75,72,73,74,75,72,73,74,75,72,73,74,75,72,73,48,49,50,51,50,51,44,45,44,45,44,45,44,45,52,53,64,65,64,65,64,65,64,65,64,65,64,65,64,65,64,65,64,65,50,51,44,45,44,45
574,575,574,575,574,575,574,575,572,573,572,573,572,573,572,573,568,569,568,569,568,569,578,579,578,579,578,579,570,571,570,571,570,571,570,571,570,571,570,571,568,569,568,569,568,569,568,569,566,567,572,573,566,567,576,577,576,577,576,577,576,577,576,577,576,577,576,577,576,577,578,579,578,579,568,569,570,571,568,569,568,569,568,569,568,569,578,579,576,577,576,577,568,569,578,579,578,579,578,579,570,571,574,575,570,571,570,571,570,571,570,571,570,571,570,571,568,569,568,569,572,573,568,569,566,567,576,577,576,577,576,577,576,577,576,577,576,577,566,567,568,569,562,563,562,563,562,563,574,575,574,575,574,575,574,575,574,575,574,575,576,577,576,577,576,577,576,577,576,577,576,577,576,577,576,577,576,577,576,577,570,571,564,565,556,557,558,559,556,557,556,557,554,555,554,555,562,563,560,561,586,587,584,585,586,587,584,585,586,587,584,585,586,587,584,585,560,561,562,563,562,563,556,557,556,557,556,557,556,557,564,565,576,577,576,577,576,577,576,577,576,577,576,577,576,577,576,577,576,577,562,563,556,557,556,557
62,63,60,61,62,63,60,61,60,61,56,57,54,55,56,57,56,57,56,57,66,67,66,67,66,67,66,67,58,59,58,59,58,59,58,59,58,59,58,59,58,59,56,57,56,57,56,57,54,55,60,61,54,55,64,65,64,65,64,65,64,65,64,65,64,65,64,65,64,65,66,67,66,67,56,57,56,57,56,57,56,57,64,65,56,57,56,57,56,57,56,57,56,57,66,67,66,67,66,67,58,59,58,59,58,59,66,67,66,67,66,67,66,67,66,67,66,67,56,57,56,57,54,55,64,65,64,65,64,65,64,65,64,65,64,65,64,65,64,65,18,19,18,19,18,19,50,51,50,51,50,51,50,51,62,63,62,63,60,61,64,65,64,65,64,65,64,65,64,65,64,65,64,65,64,65,64,65,64,65,58,59,52,53,52,53,46,47,44,45,44,45,44,45,42,43,40,41,74,75,72,73,74,75,72,73,74,75,72,73,74,75,72,73,74,75,72,73,50,51,50,51,44,45,42,43,44,45,52,53,50,51,64,65,64,65,64,65,64,65,64,65,64,65,64,65,64,65,64,65,50,51,44,45,44,45
574,575,572,573,574,575,572,573,572,573,568,569,566,567,568,569,568,569,568,569,578,579,578,579,578,579,578,579,570,571,570,571,570,571,570,571,570,571,570,571,570,571,568,569,568,569,568,569,566,567,572,573,566,567,576,577,576,577,576,577,576,577,576,577,576,577,576,577,576,577,578,579,578,579,568,569,568,569,568,569,568,569,576,577,568,569,568,569,568,569,568,569,568,569,578,579,578,579,578,579,570,571,570,571,570,571,578,579,578,579,578,579,578,579,578,579,578,579,568,569,568,569,566,567,576,577,576,577,576,577,576,577,576,577,576,577,576,577,576,577,530,531,530,531,530,531,562,563,562,563,562,563,562,563,574,575,574,575,572,573,576,577,576,577,576,577,576,577,576,577,576,577,576,577,576,577,576,577,576,577,570,571,564,565,564,565,558,559,556,557,556,557,556,557,554,555,552,553,586,587,584,585,586,587,584,585,586,587,584,585,586,587,584,585,586,587,584,585,562,563,562,563,556,557,554,555,556,557,564,565,562,563,576,577,576,577,576,577,576,577,576,577,576,577,576,577,576,577,576,577,562,563,556,557,556,557
60,61,60,61,60,61,56,57,54,55,56,57,64,65,64,65,64,65,64,65,66,67,66,67,66,67,66,67,66,67,58,59,58,59,58,59,58,59,62,63,62,63,56,57,60,61,56,57,56,57,54,55,54,55,64,65,64,65,64,65,64,65,64,65,64,65,64,65,64,65,66,67,66,67,64,65,64,65,64,65,64,65,64,65,64,65,64,65,64,65,54,55,56,57,64,65,66,67,66,67,58,59,66,67,66,67,66,67,66,67,66,67,66,67,66,67,66,67,66,67,64,65,64,65,64,65,64,65,64,65,64,65,64,65,64,65,64,65,64,65,64,65,18,19,18,19,20,21,20,21,20,21,50,51,50,51,50,51,50,51,50,51,50,51,50,51,50,51,50,51,50,51,50,51,50,51,52,53,52,53,52,53,52,53,52,53,46,47,46,47,44,45,44,45,42,43,42,43,72,73,74,75,72,73,74,75,72,73,74,75,72,73,74,75,72,73,74,75,50,51,42,43,42,43,42,43,42,43,50,51,50,51,50,51,50,51,50,51,50,51,50,51,50,51,50,51,50,51,50,51,50,51,44,45,44,45
572,573,572,573,572,573,568,569,566,567,568,569,576,577,576,577,576,577,576,577,578,579,578,579,578,579,578,579,578,579,570,571,570,571,570,571,570,571,574,575,574,575,568,569,572,573,568,569,568,569,566,567,566,567,576,577,576,577,576,577,576,577,576,577,576,577,576,577,576,577,578,579,578,579,576,577,576,577,576,577,576,577,576,577,576,577,576,577,576,577,566,567,568,569,576,577,578,579,578,579,570,571,578,579,578,579,578,579,578,579,578,579,578,579,578,579,578,579,578,579,576,577,576,577,576,577,576,577,576,577,576,577,576,577,576,577,576,577,576,577,576,577,530,531,530,531,532,533,532,533,532,533,562,563,562,563,562,563,562,563,562,563,562,563,562,563,562,563,562,563,562,563,562,563,562,563,564,565,564,565,564,565,564,565,564,565,558,559,558,559,556,557,556,557,554,555,554,555,584,585,586,587,584,585,586,587,584,585,586,587,584,585,586,587,584,585,586,587,562,563,554,555,554,555,554,555,554,555,562,563,562,563,562,563,562,563,562,563,562,563,562,563,562,563,562,563,562,563,562,563,562,563,556,557,556,557
56,57,54,55,56,57,54,55,64,65,64,65,64,65,64,65,64,65,64,65,66,67,66,67,66,67,66,67,66,67,66,67,58,59,58,59,58,59,58,59,58,59,58,59,56,57,56,57,64,65,64,65,64,65,64,65,64,65,64,65,64,65,64,65,64,65,66,67,64,65,64,65,64,65,64,65,64,65,64,65,64,65,64,65,64,65,64,65,64,65,64,65,64,65,64,65,66,67,66,67,66,67,66,67,66,67,66,67,66,67,66,67,66,67,66,67,66,67,66,67,66,67,64,65,64,65,64,65,64,65,64,65,64,65,64,65,64,65,64,65,64,65,18,19,18,19,20,21,18,19,20,21,18,19,18,19,18,19,18,19,18,19,18,19,18,19,18,19,18,19,18,19,20,21,20,21,20,21,20,21,20,21,20,21,20,21,20,21,20,21,20,21,44,45,42,43,42,43,42,43,72,73,74,75,72,73,74,75,72,73,74,75,72,73,74,75,42,43,42,43,42,43,42,43,42,43,42,43,42,43,42,43,42,43,42,43,40,41,40,41,42,43,42,43,42,43,42,43,44,45,44,45,44,45,44,45
568,569,566,567,568,569,566,567,576,577,576,577,576,577,576,577,576,577,576,577,578,579,578,579,578,579,578,579,578,579,578,579,570,571,570,571,570,571,570,571,570,571,570,571,568,569,568,569,576,577,576,577,576,577,576,577,576,577,576,577,576,577,576,577,576,577,578,579,576,577,576,577,576,577,576,577,576,577,576,577,576,577,576,577,576,577,576,577,576,577,576,577,576,577,576,577,578,579,578,579,578,579,578,579,578,579,578,579,578,579,578,579,578,579,578,579,578,579,578,579,578,579,576,577,576,577,576,577,576,577,576,577,576,577,576,577,576,577,576,577,576,577,530,531,530,531,532,533,530,531,532,533,530,531,530,531,530,531,530,531,530,531,530,531,530,531,530,531,530,531,530,531,532,533,532,533,532,533,532,533,532,533,532,533,532,533,532,533,532,533,532,533,556,557,554,555,554,555,554,555,584,585,586,587,584,585,586,587,584,585,586,587,584,585,586,587,554,555,554,555,554,555,554,555,554,555,554,555,554,555,554,555,554,555,554,555,552,553,552,553,554,555,554,555,554,555,554,555,556,557,556,557,556,557,556,557
56,57,64,65,64,65,64,65,64,65,64,65,64,65,64,65,64,65,64,65,64,65,66,67,66,67,66,67,66,67,66,67,66,67,66,67,66,67,66,67,66,67,66,67,66,67,66,67,64,65,64,65,64,65,64,65,64,65,64,65,64,65,64,65,64,65,64,65,66,67,66,67,64,65,64,65,64,65,64,65,64,65,54,55,64,65,64,65,64,65,64,65,64,65,64,65,64,65,66,67,66,67,66,67,66,67,58,59,58,59,58,59,58,59,58,59,58,59,66,67,66,67,64,65,64,65,64,65,64,65,64,65,64,65,64,65,64,65,64,65,64,65,18,19,20,21,20,21,20,21,18,19,18,19,18,19,18,19,18,19,18,19,18,19,18,19,18,19,18,19,18,19,18,19,20,21,20,21,20,21,20,21,20,21,20,21,20,21,20,21,20,21,44,45,42,43,42,43,40,41,40,41,40,41,40,41,40,41,40,41,40,41,40,41,40,41,40,41,42,43,42,43,42,43,42,43,42,43,42,43,42,43,42,43,40,41,40,41,40,41,40,41,40,41,42,43,42,43,42,43,44,45,44,45,44,45
568,569,576,577,576,577,576,577,576,577,576,577,576,577,576,577,576,577,576,577,576,577,578,579,578,579,578,579,578,579,578,579,578,579,578,579,578,579,578,579,578,579,578,579,578,579,578,579,576,577,576,577,576,577,576,577,576,577,576,577,576,577,576,577,576,577,576,577,578,579,578,579,576,577,576,577,576,577,576,577,576,577,566,567,576,577,576,577,576,577,576,577,576,577,576,577,576,577,578,579,578,579,578,579,578,579,570,571,570,571,570,571,570,571,570,571,570,571,578,579,578,579,576,577,576,577,576,577,576,577,576,577,576,577,576,577,576,577,576,577,576,577,530,531,532,533,532,533,532,533,530,531,530,531,530,531,530,531,530,531,530,531,530,531,530,531,530,531,530,531,530,531,530,531,532,533,532,533,532,533,532,533,532,533,532,533,532,533,532,533,532,533,556,557,554,555,554,555,552,553,552,553,552,553,552,553,552,553,552,553,552,553,552,553,552,553,552,553,554,555,554,555,554,555,554,555,554,555,554,555,554,555,554,555,552,553,552,553,552,553,552,553,552,553,554,555,554,555,554,555,556,557,556,557,556,557
